0.02,0.02,-0.00,-0.00,-0.00
0.02,0.02,-0.00,-0.00,-0.00
0.02,0.02,-0.00,-0.00,-0.00
0.02,0.02,-0.00,-0.00,-0.00
0.02,0.02,-0.00,-0.00,-0.00
0.02,0.02,-0.00,-0.00,-0.00
0.02,0.02,-0.00,-0.00,-0.00
0.02,0.02,-0.00,-0.00,-0.00
0.02,0.02,-0.00,-0.00,-0.00
0.02,0.02,-0.00,-0.00,-0.00
0.02,0.02,-0.00,-0.00,-0.00
0.02,0.02,-0.00,-0.00,-0.00
0.02,0.02,-0.00,-0.00,-0.00
0.02,0.02,-0.00,-0.00,-0.00
0.02,0.02,-0.00,-0.00,-0.00
0.02,0.02,-0.00,-0.00,-0.00
0.02,0.02,-0.00,-0.00,-0.00
0.02,0.02,-0.00,-0.00,-0.00
0.02,0.02,-0.00,-0.00,-0.00
0.02,0.02,-0.00,-0.00,-0.00
0.02,0.02,-0.00,-0.00,-0.00
0.02,0.02,-0.00,-0.00,-0.00
0.02,0.02,-0.00,-0.00,-0.00
0.02,0.02,-0.00,-0.00,-0.00
0.02,0.02,-0.00,-0.00,-0.00
0.02,0.02,-0.00,-0.00,-0.00
0.02,0.02,-0.00,-0.00,-0.00
0.02,0.02,-0.00,-0.00,-0.00
0.02,0.02,-0.00,-0.00,-0.00
0.02,0.02,-0.00,-0.00,-0.00
0.02,0.02,-0.00,-0.00,-0.00
0.02,0.02,-0.00,-0.00,-0.00
0.02,0.02,-0.00,-0.00,-0.00
0.02,0.02,-0.00,-0.00,-0.00
0.02,0.02,-0.00,-0.00,-0.00
0.02,0.02,-0.00,-0.00,-0.00
0.07,0.07,-0.00,-0.00,-0.00
1.19,1.19,1.36,0.31,0.97
4.69,4.69,3.12,8.10,7.60
5.90,5.90,7.57,17.28,17.24
10.23,10.23,14.04,21.64,36.58
0.96,0.96,14.19,32.29,59.77
0.13,0.13,10.86,20.45,71.74
3.07,3.07,8.39,14.85,71.58
7.23,7.23,8.37,14.33,73.73
8.53,8.53,8.36,18.49,71.67
8.46,8.46,3.21,19.33,72.99
12.69,12.69,4.37,18.56,72.08
14.38,14.38,6.75,23.44,73.38
14.69,14.69,9.08,20.92,71.33
11.08,11.08,10.50,21.75,69.61
11.55,11.55,10.51,22.52,72.91
16.63,16.63,11.90,18.47,74.29
18.10,18.10,14.40,23.00,74.43
18.98,18.98,15.27,20.80,75.61
15.29,15.29,14.70,21.13,74.47
12.48,12.48,14.61,23.86,74.46
12.53,12.53,13.17,24.00,72.55
11.23,11.23,11.82,25.93,71.01
10.44,10.44,7.97,26.34,71.35
9.37,9.37,6.92,26.40,70.86
3.85,3.85,1.46,26.08,70.79
2.03,2.03,2.00,18.55,73.99
1.70,1.70,3.65,15.06,74.63
4.57,4.57,1.90,17.76,77.79
6.70,6.70,1.43,20.25,79.10
7.80,7.80,3.07,19.96,79.97
5.44,5.44,1.53,18.38,78.82
3.08,3.08,2.67,22.20,76.51
3.62,3.62,7.63,21.19,74.72
2.39,2.39,12.27,22.81,72.60
1.56,1.56,13.55,25.65,71.07
1.37,1.37,11.84,24.79,69.71
2.57,2.57,10.76,27.22,72.42
2.60,2.60,13.56,27.26,71.88
0.72,0.72,12.28,22.43,71.23
0.48,0.48,8.93,28.24,73.48
0.84,0.84,6.01,26.29,72.94
2.26,2.26,13.04,22.04,72.46
4.79,4.79,12.55,27.37,74.45
5.97,5.97,4.83,20.32,74.40
4.00,4.00,5.06,21.30,74.57
1.45,1.45,0.99,21.14,73.48
0.21,0.21,0.01,23.36,72.77
0.05,0.05,0.02,20.81,76.56
0.24,0.24,0.03,14.57,78.89
1.50,1.50,0.11,17.78,78.86
1.88,1.88,0.25,16.17,74.42
1.49,1.49,0.15,16.67,74.05
1.03,1.03,0.31,17.87,76.61
1.11,1.11,0.28,17.87,76.28
1.98,1.98,1.22,20.24,76.01
3.42,3.42,1.74,21.92,76.63
5.41,5.41,2.98,23.99,79.29
4.85,4.85,0.94,24.31,79.20
4.62,4.62,0.05,24.03,77.68
5.12,5.12,0.07,23.57,75.55
3.49,3.49,0.08,24.28,76.10
1.25,1.25,1.70,20.86,74.94
1.09,1.09,0.45,20.68,74.37
1.82,1.82,0.07,26.59,75.29
1.84,1.84,-0.00,25.72,74.96
0.97,0.97,-0.00,17.79,73.02
0.28,0.28,-0.00,22.41,76.26
0.67,0.67,0.19,17.92,75.32
3.13,3.13,1.54,15.84,79.32
2.45,2.45,1.37,16.10,78.63
2.32,2.32,1.08,16.75,78.12
1.35,1.35,0.71,10.84,77.61
1.41,1.41,0.98,14.52,78.36
1.66,1.66,0.79,15.07,77.70
2.69,2.69,0.67,7.80,77.61
4.87,4.87,1.24,14.11,76.93
6.92,6.92,1.50,15.18,78.50
10.08,10.08,1.24,9.56,75.01
10.66,10.66,0.82,16.88,76.13
11.37,11.37,0.61,15.69,76.39
10.55,10.55,0.86,7.48,75.15
10.94,10.94,1.33,14.83,76.78
7.26,7.26,1.11,8.92,76.01
3.39,3.39,0.84,9.71,76.40
3.96,3.96,0.99,13.32,74.61
5.00,5.00,1.12,5.56,75.78
3.12,3.12,0.43,4.50,75.30
2.63,2.63,0.62,5.77,76.61
2.53,2.53,0.46,2.87,74.46
3.18,3.18,1.09,2.99,74.99
4.15,4.15,0.39,6.93,76.62
4.39,4.39,0.71,1.37,75.49
4.11,4.11,1.39,2.50,76.41
8.22,8.22,1.53,4.81,77.91
12.16,12.16,2.65,0.67,78.52
11.82,11.82,3.12,7.49,78.09
14.63,14.63,2.62,10.63,76.54
13.84,13.84,2.04,5.95,74.77
13.36,13.36,3.38,12.64,74.97
12.20,12.20,3.88,17.25,72.91
15.92,15.92,3.52,5.85,75.78
13.64,13.64,3.98,15.16,76.30
15.79,15.79,4.15,18.55,73.98
15.65,15.65,5.74,15.19,74.74
17.04,17.04,4.79,15.71,74.16
19.14,19.14,3.11,18.80,73.75
22.00,22.00,4.38,12.78,72.02
19.85,19.85,5.55,19.78,74.82
15.06,15.06,6.12,19.52,69.15
12.00,12.00,6.06,16.36,72.98
17.52,17.52,8.09,24.65,72.00
14.43,14.43,7.47,22.65,70.81
14.32,14.32,7.55,15.88,72.86
12.44,12.44,7.61,21.92,72.06
14.68,14.68,6.86,21.30,73.47
15.09,15.09,6.28,11.08,73.39
16.02,16.02,7.25,20.54,75.41
18.36,18.36,7.97,20.60,76.10
18.62,18.62,8.33,11.09,72.57
19.81,19.81,12.47,20.37,71.69
17.88,17.88,12.56,18.09,69.09
16.96,16.96,13.39,7.96,69.86
22.98,22.98,15.08,18.36,72.38
25.76,25.76,13.80,18.18,71.25
25.38,25.38,15.59,11.07,70.03
27.17,27.17,15.04,23.14,68.72
28.29,28.29,16.13,19.30,68.31
24.37,24.37,15.16,12.49,70.13
25.04,25.04,13.86,24.46,69.71
26.61,26.61,14.74,18.15,68.87
26.32,26.32,16.06,15.31,68.58
26.31,26.31,19.39,19.84,67.46
24.11,24.11,19.77,18.23,69.66
23.82,23.82,19.84,13.48,72.30
22.36,22.36,18.76,20.91,67.93
22.68,22.68,19.14,19.64,66.41
29.94,29.94,19.81,16.46,69.42
28.34,28.34,18.22,23.06,68.72
29.27,29.27,20.66,19.09,67.11
29.92,29.92,21.16,19.19,66.82
29.80,29.80,21.67,22.35,66.75
32.51,32.51,21.53,25.32,68.88
31.03,31.03,21.24,21.23,66.27
32.77,32.77,23.83,19.77,67.19
35.27,35.27,25.55,27.94,66.85
33.53,33.53,23.40,27.16,67.93
33.05,33.05,24.52,19.77,67.05
33.13,33.13,24.78,22.58,64.00
32.94,32.94,24.35,24.09,67.45
36.16,36.16,24.95,22.09,64.89
35.20,35.20,26.32,22.95,66.13
35.87,35.87,25.75,23.13,65.95
35.86,35.86,26.71,24.66,66.59
36.10,36.10,28.53,18.14,66.87
35.93,35.93,28.23,19.37,65.94
35.56,35.56,24.29,22.94,65.77
33.61,33.61,22.96,18.85,65.29
34.46,34.46,23.77,18.19,66.81
34.40,34.40,23.70,23.53,67.35
32.39,32.39,24.69,19.42,66.37
30.94,30.94,23.06,15.52,66.14
33.15,33.15,23.60,26.64,67.45
33.07,33.07,23.42,19.62,65.94
33.35,33.35,25.54,21.42,66.61
36.74,36.74,30.86,23.83,65.75
34.40,34.40,29.82,22.43,63.54
34.53,34.53,30.64,26.05,65.58
35.43,35.43,32.10,26.19,64.06
33.12,33.12,30.63,27.64,64.02
35.05,35.05,31.54,30.17,66.61
33.51,33.51,27.09,29.04,65.83
30.38,30.38,23.59,27.84,66.16
22.25,22.25,13.76,22.27,62.89
13.99,13.99,12.00,12.49,66.19
2.89,2.89,9.82,10.95,70.82
6.03,6.03,8.28,5.17,73.47
12.20,12.20,6.92,4.57,73.80
13.57,13.57,5.00,5.16,72.35
14.70,14.70,6.75,7.28,72.87
18.90,18.90,6.99,8.69,73.23
20.77,20.77,10.17,13.76,74.51
21.22,21.22,12.73,15.28,74.83
23.05,23.05,10.26,16.28,74.71
23.57,23.57,12.86,20.15,75.33
21.66,21.66,14.20,20.86,71.89
21.69,21.69,12.16,22.17,71.92
19.42,19.42,14.62,21.35,71.93
21.07,21.07,12.85,25.76,70.75
24.33,24.33,15.64,24.18,73.89
25.93,25.93,15.75,25.02,74.60
22.91,22.91,19.93,25.76,75.14
26.01,26.01,15.71,23.76,74.97
20.22,20.22,12.16,21.62,74.42
16.75,16.75,8.10,21.14,73.99
5.23,5.23,2.49,13.96,73.33
6.89,6.89,6.42,16.51,75.71
6.42,6.42,12.50,12.51,77.93
12.91,12.91,14.67,11.11,77.18
19.30,19.30,13.43,12.75,76.35
18.90,18.90,13.19,17.37,75.72
13.18,13.18,12.30,19.42,76.55
12.51,12.51,13.51,18.80,79.94
12.69,12.69,18.06,23.36,79.56
9.98,9.98,19.58,23.72,78.72
13.84,13.84,17.22,20.24,75.06
14.50,14.50,19.12,23.44,75.18
10.76,10.76,16.25,23.47,73.90
7.28,7.28,14.59,23.63,71.08
8.14,8.14,13.49,30.10,74.11
9.11,9.11,15.34,26.18,73.34
9.70,9.70,11.54,28.03,72.77
8.82,8.82,7.52,27.82,74.95
9.83,9.83,7.33,22.60,74.53
8.98,8.98,4.32,23.89,76.20
5.07,5.07,2.37,18.94,74.64
6.08,6.08,0.27,24.52,78.03
10.58,10.58,0.61,27.65,79.87
8.68,8.68,0.58,14.15,77.88
5.16,5.16,0.22,14.44,78.70
5.19,5.19,0.03,19.34,72.86
6.30,6.30,0.09,15.84,76.52
7.36,7.36,0.26,17.64,77.44
6.82,6.82,0.39,20.77,76.39
6.85,6.85,0.58,16.46,75.70
5.14,5.14,0.60,16.17,75.71
7.70,7.70,0.54,21.99,78.50
12.29,12.29,1.16,15.23,76.88
10.11,10.11,2.14,21.58,79.14
11.70,11.70,1.27,25.72,78.33
9.91,9.91,0.87,23.20,76.82
6.57,6.57,0.97,29.26,74.47
10.07,10.07,0.85,28.25,72.11
9.79,9.79,0.56,24.83,72.60
7.68,7.68,0.12,29.68,74.99
9.95,9.95,0.25,22.11,74.99
8.27,8.27,0.49,21.18,78.28
8.21,8.21,0.68,27.02,76.80
10.42,10.42,1.53,17.58,74.74
7.65,7.65,1.46,19.95,75.50
9.96,9.96,3.02,26.62,72.63
10.34,10.34,5.52,16.27,70.17
8.76,8.76,4.49,22.38,71.33
8.61,8.61,4.69,30.98,73.27
8.81,8.81,5.90,19.34,73.24
9.40,9.40,4.85,23.57,72.71
8.80,8.80,4.38,29.04,75.00
12.90,12.90,3.83,19.76,72.56
11.74,11.74,2.77,24.60,73.68
11.41,11.41,5.36,26.56,74.22
14.80,14.80,7.28,20.20,73.60
13.16,13.16,7.52,25.48,72.28
11.92,11.92,5.91,26.78,73.15
24.63,24.63,6.34,19.70,72.24
23.26,23.26,6.83,28.55,74.34
21.52,21.52,5.51,24.62,70.05
25.31,25.31,6.32,19.73,71.59
22.09,22.09,4.89,28.64,72.45
24.53,24.53,5.30,23.97,73.74
27.17,27.17,7.73,16.34,74.37
29.99,29.99,10.97,25.38,75.04
27.68,27.68,9.99,18.45,73.89
24.91,24.91,12.10,18.72,72.52
25.76,25.76,14.40,25.32,69.31
18.00,18.00,10.69,19.55,70.78
23.89,23.89,15.04,20.92,71.84
28.38,28.38,14.93,28.77,66.52
29.59,29.59,14.96,21.12,66.92
32.48,32.48,17.33,17.39,67.66
29.78,29.78,18.20,29.20,66.97
28.19,28.19,18.55,23.24,71.25
28.25,28.25,16.85,20.12,70.19
27.25,27.25,14.93,28.06,70.79
26.61,26.61,18.87,23.76,71.85
27.49,27.49,18.46,25.88,71.95
29.09,29.09,18.97,26.67,70.71
35.23,35.23,18.73,25.46,71.25
34.75,34.75,20.18,28.19,70.36
32.96,32.96,19.83,26.50,68.42
28.02,28.02,18.11,24.52,67.56
33.84,33.84,20.85,32.51,68.47
32.62,32.62,23.23,28.62,66.88
30.01,30.01,23.16,25.71,69.00
32.82,32.82,25.34,30.57,70.69
32.50,32.50,23.62,29.61,68.93
34.13,34.13,25.28,22.95,71.74
36.29,36.29,26.11,28.53,70.04
36.53,36.53,25.89,30.06,69.73
36.43,36.43,24.19,26.21,69.83
38.95,38.95,27.57,29.97,69.67
36.79,36.79,26.63,33.80,65.80
39.49,39.49,27.98,24.85,66.41
38.23,38.23,27.55,27.77,67.25
40.27,40.27,28.47,33.01,67.32
35.72,35.72,23.51,20.18,65.60
37.79,37.79,27.93,26.91,68.34
43.91,43.91,31.56,31.99,67.31
38.67,38.67,24.83,22.79,66.77
33.23,33.23,16.41,25.49,66.59
25.87,25.87,11.86,28.96,66.76
6.01,6.01,4.95,19.02,66.57
0.40,0.40,2.72,15.07,68.76
1.44,1.44,6.34,21.12,76.65
2.98,2.98,5.92,9.99,77.17
6.62,6.62,6.24,10.85,78.57
8.80,8.80,5.75,12.83,73.28
9.09,9.09,7.90,4.62,75.20
9.10,9.10,7.13,5.49,74.86
11.12,11.12,6.15,5.74,73.04
12.23,12.23,8.60,2.45,74.02
13.51,13.51,7.71,8.05,73.47
12.49,12.49,8.98,10.45,73.45
12.24,12.24,9.21,7.89,72.27
13.32,13.32,8.04,17.76,70.33
15.46,15.46,11.12,20.58,72.83
13.64,13.64,6.53,12.19,71.60
15.04,15.04,6.87,20.82,73.28
15.23,15.23,6.04,22.13,74.58
18.41,18.41,6.39,13.63,74.73
16.73,16.73,6.13,21.12,75.30
17.10,17.10,6.39,19.03,76.14
18.38,18.38,7.70,14.21,72.87
15.72,15.72,6.83,23.45,71.82
17.43,17.43,6.94,18.07,75.24
15.94,15.94,6.88,16.65,77.11
16.57,16.57,9.21,27.49,77.27
20.44,20.44,9.81,24.34,74.00
19.87,19.87,12.16,12.27,72.84
18.55,18.55,16.41,25.09,71.74
19.89,19.89,14.75,23.86,71.39
18.06,18.06,16.39,13.64,70.90
18.48,18.48,18.85,22.15,68.82
16.45,16.45,16.95,21.47,68.65
18.70,18.70,14.67,20.15,70.25
20.40,20.40,17.39,23.66,69.22
21.49,21.49,19.48,19.29,71.15
23.16,23.16,21.82,14.18,71.67
22.98,22.98,22.99,20.64,71.83
23.38,23.38,24.61,26.44,72.21
23.31,23.31,24.70,23.88,71.43
21.79,21.79,23.45,28.41,70.84
23.46,23.46,18.27,27.11,69.00
12.06,12.06,11.47,23.85,67.82
6.35,6.35,2.84,20.15,67.20
8.17,8.17,3.75,22.93,74.69
9.89,9.89,2.42,18.14,74.87
10.12,10.12,6.32,18.01,74.15
13.99,13.99,8.17,15.43,74.16
15.59,15.59,6.55,19.03,73.82
16.58,16.58,9.40,20.35,73.95
18.21,18.21,11.24,16.92,72.19
20.97,20.97,10.99,19.69,74.76
20.28,20.28,13.21,22.49,75.54
22.18,22.18,15.69,19.87,76.26
23.59,23.59,18.01,26.27,76.88
26.06,26.06,19.37,29.50,74.02
24.87,24.87,19.48,23.15,75.69
23.80,23.80,20.94,31.12,73.94
22.75,22.75,20.46,29.38,72.99
22.01,22.01,19.84,27.43,72.80
22.20,22.20,19.14,30.73,71.30
21.83,21.83,17.00,26.72,72.90
18.92,18.92,14.78,25.84,72.14
15.87,15.87,10.73,27.52,74.99
10.83,10.83,4.38,21.89,75.50
12.44,12.44,10.37,23.94,77.10
6.91,6.91,13.95,20.00,76.29
5.20,5.20,12.14,18.62,76.56
4.22,4.22,14.11,18.63,75.58
3.40,3.40,15.24,21.39,76.12
1.82,1.82,14.93,22.80,74.44
1.09,1.09,13.95,22.07,76.07
1.97,1.97,14.45,25.61,74.13
3.07,3.07,14.12,25.87,75.71
3.72,3.72,14.92,23.88,76.60
3.77,3.77,15.54,27.37,77.34
7.11,7.11,14.49,25.05,76.78
10.48,10.48,16.10,22.58,76.17
13.16,13.16,19.56,23.14,75.37
17.37,17.37,19.08,23.29,74.90
22.99,22.99,16.02,25.41,73.90
25.39,25.39,14.41,26.57,71.87
23.61,23.61,17.44,26.85,72.15
25.68,25.68,14.10,23.65,73.89
22.95,22.95,6.13,17.88,71.32
14.09,14.09,1.86,12.82,72.07
6.43,6.43,1.17,3.36,76.82
6.01,6.01,1.99,0.69,78.04
5.96,5.96,1.72,0.16,76.47
10.86,10.86,0.72,0.26,75.59
11.42,11.42,0.09,-0.00,75.69
8.88,8.88,0.01,0.08,77.43
11.05,11.05,0.02,3.62,76.43
11.72,11.72,0.04,7.14,72.92
9.50,9.50,0.33,9.91,73.14
7.86,7.86,0.85,17.63,74.39
8.90,8.90,0.89,17.83,74.52
10.12,10.12,1.57,18.43,72.93
9.87,9.87,2.66,22.21,74.32
12.13,12.13,3.21,23.34,73.59
14.05,14.05,1.75,22.43,74.40
15.20,15.20,2.88,26.95,73.94
17.74,17.74,2.39,25.23,74.17
16.00,16.00,2.26,19.63,75.77
15.31,15.31,0.31,26.86,75.16
11.00,11.00,-0.00,21.84,72.85
5.08,5.08,-0.00,13.13,72.16
10.30,10.30,0.70,16.01,77.13
11.24,11.24,0.80,13.80,76.77
15.48,15.48,0.16,6.04,79.74
21.76,21.76,0.07,5.34,78.49
26.54,26.54,0.07,1.24,78.41
28.13,28.13,0.11,12.19,79.32
25.80,25.80,0.74,15.24,78.00
20.86,20.86,0.36,11.54,78.51
20.36,20.36,1.15,15.58,78.22
22.02,22.02,1.00,19.17,76.92
17.73,17.73,1.08,10.87,74.81
18.56,18.56,0.73,11.36,76.50
18.57,18.57,0.47,16.27,76.49
19.16,19.16,0.32,7.63,78.13
23.56,23.56,0.20,11.08,76.69
25.97,25.97,0.35,15.75,75.18
22.60,22.60,0.53,7.53,77.06
24.24,24.24,0.57,13.02,75.24
24.88,24.88,0.27,14.72,75.27
28.20,28.20,0.37,2.96,77.91
29.24,29.24,0.98,15.43,78.56
27.59,27.59,0.84,14.57,78.07
28.42,28.42,1.09,10.45,76.01
32.69,32.69,2.93,3.46,73.89
30.80,30.80,4.64,1.21,73.39
35.21,35.21,7.13,6.94,71.02
22.71,22.71,7.75,8.98,73.09
21.71,21.71,10.07,3.93,72.61
24.52,24.52,9.86,7.14,72.96
28.69,28.69,9.10,12.10,72.77
30.95,30.95,7.51,9.15,74.20
30.29,30.29,5.19,7.57,73.67
33.19,33.19,7.40,12.89,74.18
31.38,31.38,10.78,10.00,74.71
29.09,29.09,14.16,12.19,75.47
29.59,29.59,12.64,17.28,74.70
29.75,29.75,13.05,15.87,74.89
24.99,24.99,9.86,11.68,74.33
28.01,28.01,10.73,22.30,75.94
26.47,26.47,11.11,17.76,74.04
24.33,24.33,9.84,11.88,74.93
26.78,26.78,9.52,19.82,76.19
26.82,26.82,10.27,11.41,73.33
25.17,25.17,10.51,8.48,74.68
31.81,31.81,11.43,18.22,72.77
35.67,35.67,11.71,13.14,72.31
33.39,33.39,11.31,16.50,72.75
25.20,25.20,12.27,21.13,72.72
25.05,25.05,11.79,18.79,70.55
33.27,33.27,12.53,16.44,69.29
24.89,24.89,14.18,24.04,73.33
24.75,24.75,11.73,23.73,72.69
28.47,28.47,12.98,24.18,72.00
25.00,25.00,11.86,28.86,72.54
30.58,30.58,14.66,26.65,74.65
25.87,25.87,13.78,26.89,76.93
25.01,25.01,15.76,29.60,75.20
32.97,32.97,17.41,22.47,70.12
26.97,26.97,15.05,20.27,70.81
24.01,24.01,18.79,23.60,71.04
21.98,21.98,17.38,13.48,71.81
22.17,22.17,20.67,18.55,70.35
23.50,23.50,18.80,20.06,72.85
21.50,21.50,21.36,12.56,71.72
23.41,23.41,22.00,22.91,74.80
30.91,30.91,22.87,24.16,74.14
30.35,30.35,21.70,13.45,72.36
32.13,32.13,21.28,20.90,70.54
33.49,33.49,22.02,18.94,68.34
31.15,31.15,22.26,5.22,66.77
30.75,30.75,19.97,19.61,68.16
29.28,29.28,21.61,14.83,66.62
30.08,30.08,20.37,12.54,68.45
28.62,28.62,22.74,20.68,67.56
30.25,30.25,21.69,21.13,70.80
29.00,29.00,21.47,16.16,72.06
31.89,31.89,23.13,22.81,71.86
30.92,30.92,22.48,23.78,68.24
30.56,30.56,20.91,16.09,68.62
34.02,34.02,22.63,22.29,69.86
31.42,31.42,19.99,27.14,70.01
34.03,34.03,21.84,19.10,67.14
33.42,33.42,20.54,21.30,68.58
33.02,33.02,22.30,31.04,69.02
36.08,36.08,23.62,25.35,70.31
33.34,33.34,25.80,18.74,68.54
37.33,37.33,25.54,24.25,67.90
33.97,33.97,19.95,24.06,70.06
33.08,33.08,20.66,21.30,69.65
32.16,32.16,19.27,28.22,73.35
36.30,36.30,21.73,25.27,69.32
37.11,37.11,21.82,29.31,68.30
36.27,36.27,22.40,31.80,70.28
35.71,35.71,25.43,29.16,68.60
34.02,34.02,22.33,30.48,68.85
32.03,32.03,20.82,32.51,71.29
32.99,32.99,31.37,32.74,70.60
35.04,35.04,32.15,28.57,66.53
34.23,34.23,29.51,26.42,62.28
33.48,33.48,32.74,29.98,65.22
32.04,32.04,35.43,35.49,65.69
33.91,33.91,35.69,36.34,68.16
28.04,28.04,26.63,27.84,70.39
28.06,28.06,25.79,27.75,71.30
27.20,27.20,31.49,31.07,71.24
17.85,17.85,28.23,24.03,69.05
10.41,10.41,28.77,19.02,70.24
12.97,12.97,15.80,18.26,77.01
19.67,19.67,9.82,6.10,75.48
21.61,21.61,14.17,2.67,76.90
24.85,24.85,12.25,0.67,74.53
25.92,25.92,11.07,2.92,72.67
26.23,26.23,14.30,4.11,72.57
27.50,27.50,16.14,3.56,70.46
26.67,26.67,16.88,11.61,71.90
27.87,27.87,19.64,7.62,71.72
28.42,28.42,19.15,4.36,69.37
29.03,29.03,16.85,6.36,72.16
33.12,33.12,17.16,8.62,73.82
34.35,34.35,21.00,13.31,74.81
33.97,33.97,22.51,17.13,74.77
33.89,33.89,21.89,14.64,74.32
37.44,37.44,20.95,20.53,75.58
34.05,34.05,21.33,19.75,74.02
30.58,30.58,17.99,12.63,73.42
26.77,26.77,15.70,15.59,72.21
19.17,19.17,8.27,10.55,73.94
12.55,12.55,3.00,7.40,75.75
9.66,9.66,4.01,5.53,80.89
12.76,12.76,6.79,4.20,80.11
15.81,15.81,8.79,0.90,79.50
19.14,19.14,10.04,4.02,78.20
22.81,22.81,12.50,9.32,78.53
23.13,23.13,12.38,9.82,78.90
22.88,22.88,11.10,11.81,79.23
24.36,24.36,8.72,18.45,78.42
23.78,23.78,12.41,17.04,76.09
20.66,20.66,13.98,14.33,72.18
20.28,20.28,19.34,20.13,73.49
21.92,21.92,20.99,22.40,73.29
22.55,22.55,17.41,18.17,77.22
22.47,22.47,11.10,25.86,77.87
23.37,23.37,14.20,22.61,75.62
25.04,25.04,14.42,16.49,74.01
28.10,28.10,15.12,22.25,73.85
24.42,24.42,13.33,19.56,72.93
16.76,16.76,6.91,8.56,73.16
11.38,11.38,5.97,11.26,72.27
7.96,7.96,0.75,9.43,71.12
7.84,7.84,2.13,13.03,77.10
4.90,4.90,4.31,9.00,76.96
6.52,6.52,6.36,3.63,76.80
6.91,6.91,7.96,-0.00,77.23
6.73,6.73,6.44,0.12,75.46
8.11,8.11,2.82,1.00,77.10
8.33,8.33,1.44,1.75,76.83
9.17,9.17,2.90,5.68,79.01
10.85,10.85,2.66,8.51,75.82
11.38,11.38,2.17,6.17,74.67
11.13,11.13,2.79,11.07,76.24
11.61,11.61,4.25,7.56,74.80
11.49,11.49,5.63,4.65,75.84
12.22,12.22,4.94,11.63,77.85
12.89,12.89,7.50,11.08,76.54
15.14,15.14,9.87,6.17,77.43
20.00,20.00,10.33,17.41,75.96
27.17,27.17,10.35,14.85,77.53
28.18,28.18,9.35,7.69,76.05
22.37,22.37,8.81,22.64,76.14
19.13,19.13,9.13,21.76,74.13
15.28,15.28,7.56,16.99,72.44
15.89,15.89,8.33,19.51,74.88
15.72,15.72,6.97,19.39,76.43
17.09,17.09,6.29,16.81,74.65
20.53,20.53,8.38,11.91,78.53
21.54,21.54,8.39,13.19,75.76
26.12,26.12,11.57,14.94,78.46
26.50,26.50,10.37,10.82,76.55
24.79,24.79,7.26,12.94,76.34
20.91,20.91,6.52,15.62,75.00
20.81,20.81,5.15,14.30,76.58
20.37,20.37,4.98,16.08,76.26
21.24,21.24,3.72,18.70,76.76
21.64,21.64,3.39,19.89,76.11
25.81,25.81,4.04,18.06,76.80
25.47,25.47,6.55,19.48,75.77
26.49,26.49,25.37,22.37,74.83
24.18,24.18,38.45,13.32,74.53
21.26,21.26,54.97,16.68,76.21
20.22,20.22,66.27,21.41,75.45
20.20,20.20,75.67,33.54,78.59
23.82,23.82,68.31,29.33,73.68
33.37,33.37,65.44,26.37,74.92
38.65,38.65,60.02,15.12,75.55
35.39,35.39,53.59,23.72,71.50
36.33,36.33,46.04,28.26,73.51
35.83,35.83,41.33,22.52,73.60
33.88,33.88,41.28,19.88,74.06
29.13,29.13,44.98,26.33,72.81
20.89,20.89,51.74,20.70,74.13
18.85,18.85,68.18,28.55,76.51
17.59,17.59,71.79,26.51,73.06
29.87,29.87,68.31,20.36,72.19
37.32,37.32,63.55,25.34,70.23
37.68,37.68,51.77,32.46,69.63
36.43,36.43,53.89,30.39,70.63
35.20,35.20,50.53,25.28,71.47
34.11,34.11,46.52,35.54,68.18
33.28,33.28,46.59,29.80,68.16
27.62,27.62,51.71,22.98,68.30
22.60,22.60,61.39,26.12,64.97
25.00,25.00,75.51,33.26,69.30
29.05,29.05,69.48,25.19,67.08
33.47,33.47,68.90,20.82,68.56
36.13,36.13,68.25,25.47,71.28
36.32,36.32,64.40,28.25,68.40
38.45,38.45,57.83,23.32,68.02
38.53,38.53,54.35,29.29,67.37
37.78,37.78,52.65,33.45,68.77
31.04,31.04,55.40,25.15,63.39
21.36,21.36,57.81,22.64,64.86
20.01,20.01,66.11,31.08,68.86
18.76,18.76,74.82,30.04,65.43
25.83,25.83,70.13,26.59,66.87
31.05,31.05,67.11,37.42,69.47
35.91,35.91,58.38,28.23,68.82
37.09,37.09,52.09,26.73,66.03
39.94,39.94,54.42,36.87,66.72
41.24,41.24,55.48,31.57,66.25
38.77,38.77,49.45,21.64,65.03
34.19,34.19,43.12,31.07,63.41
24.41,24.41,40.35,23.17,63.56
24.03,24.03,64.85,21.15,65.03
17.10,17.10,64.68,15.88,69.27
17.23,17.23,61.64,8.67,75.26
22.96,22.96,57.67,3.50,74.62
25.79,25.79,51.98,5.58,75.74
30.12,30.12,45.63,6.29,75.68
31.13,31.13,41.14,6.94,75.50
31.46,31.46,38.31,4.56,73.72
32.14,32.14,35.65,7.46,73.88
30.87,30.87,33.97,6.28,76.26
29.36,29.36,31.57,7.37,76.13
28.81,28.81,30.50,5.64,74.48
30.79,30.79,29.54,8.38,72.67
30.49,30.49,29.88,8.64,72.91
29.66,29.66,29.84,11.80,73.36
32.34,32.34,27.03,12.16,73.07
34.40,34.40,24.91,8.90,72.26
33.86,33.86,27.78,14.21,72.21
32.29,32.29,34.95,14.53,71.41
27.99,27.99,45.86,12.47,71.71
15.97,15.97,56.03,15.92,71.90
21.44,21.44,73.22,27.86,70.81
24.24,24.24,74.18,20.46,69.35
24.20,24.20,70.54,15.32,69.52
24.09,24.09,65.16,16.08,68.30
27.61,27.61,57.28,16.87,69.52
29.29,29.29,50.95,19.18,69.13
32.36,32.36,49.52,15.64,68.72
32.23,32.23,46.02,16.91,69.16
31.32,31.32,46.55,19.53,72.98
28.24,28.24,53.67,18.07,72.01
21.54,21.54,60.64,20.62,70.89
22.85,22.85,76.45,24.06,70.16
19.51,19.51,69.97,17.89,70.85
27.35,27.35,63.66,17.65,72.23
28.91,28.91,52.57,16.01,72.00
30.86,30.86,52.94,15.41,70.86
30.51,30.51,49.32,18.65,69.18
32.72,32.72,51.93,18.32,69.16
30.92,30.92,46.47,20.11,69.82
25.37,25.37,50.38,20.34,69.88
13.57,13.57,58.03,34.36,66.08
12.70,12.70,75.36,54.94,72.67
13.63,13.63,85.20,61.84,73.77
17.98,17.98,75.44,64.17,76.14
24.44,24.44,75.26,71.99,74.84
26.99,26.99,72.92,76.96,77.60
28.15,28.15,60.18,76.02,78.87
26.86,26.86,46.20,77.76,76.01
27.08,27.08,39.88,78.94,78.38
26.29,26.29,38.58,80.18,77.99
22.06,22.06,44.84,78.47,75.59
11.42,11.42,50.40,80.96,75.44
10.88,10.88,62.47,80.61,78.73
14.26,14.26,53.67,79.41,75.98
19.93,19.93,52.38,80.60,78.41
22.98,22.98,46.34,80.58,78.58
24.34,24.34,40.44,81.06,76.97
25.10,25.10,39.17,79.46,79.15
29.48,29.48,36.40,80.66,78.06
28.49,28.49,37.47,81.30,75.90
23.91,23.91,41.79,78.71,78.23
14.83,14.83,67.00,78.87,76.53
13.39,13.39,75.30,73.55,76.70
18.69,18.69,81.86,68.85,79.08
28.55,28.55,80.57,72.75,79.12
31.45,31.45,73.29,73.58,80.96
31.19,31.19,75.61,74.49,81.08
31.06,31.06,63.27,77.11,82.27
27.88,27.88,38.99,77.28,83.75
27.74,27.74,32.73,77.70,83.03
24.62,24.62,32.67,78.81,83.05
20.00,20.00,37.20,77.70,83.20
15.85,15.85,44.69,79.04,81.47
19.96,19.96,57.78,79.72,83.76
19.15,19.15,52.15,78.62,82.78
21.98,21.98,46.63,78.39,84.43
20.38,20.38,42.09,79.74,81.05
20.02,20.02,38.03,79.15,78.70
22.35,22.35,33.94,79.77,79.30
22.34,22.34,32.64,79.03,80.90
24.24,24.24,35.36,79.20,80.81
17.57,17.57,47.59,80.72,79.56
10.15,10.15,62.82,79.28,79.23
6.37,6.37,70.08,77.22,78.46
9.03,9.03,80.63,78.99,77.12
9.42,9.42,78.63,78.19,77.77
10.40,10.40,77.99,77.72,82.98
10.99,10.99,75.56,77.29,80.57
12.48,12.48,68.76,74.24,81.64
12.81,12.81,65.68,77.27,80.27
14.27,14.27,60.51,78.25,77.23
16.03,16.03,54.43,76.61,80.40
18.44,18.44,51.48,75.45,78.57
20.21,20.21,48.55,76.66,76.59
22.26,22.26,48.50,77.27,80.61
24.00,24.00,47.27,76.40,78.39
21.80,21.80,46.03,76.28,80.54
22.52,22.52,44.58,76.70,79.74
22.03,22.03,43.22,77.11,80.40
21.94,21.94,41.93,76.46,78.08
19.14,19.14,43.48,76.61,79.29
17.15,17.15,42.90,76.75,78.05
17.38,17.38,48.35,76.48,75.51
15.21,15.21,63.54,73.99,75.71
9.37,9.37,72.79,67.24,75.45
14.34,14.34,82.72,62.84,78.66
16.54,16.54,83.40,61.69,77.44
24.48,24.48,76.73,68.88,82.35
26.94,26.94,72.37,70.22,81.37
25.29,25.29,71.59,74.90,82.61
24.79,24.79,54.74,77.84,81.04
21.69,21.69,44.94,77.50,81.85
18.63,18.63,40.00,79.11,82.02
16.10,16.10,40.00,79.88,81.63
9.25,9.25,44.51,80.00,81.11
13.25,13.25,54.53,79.40,81.62
15.96,15.96,56.23,78.88,81.28
20.52,20.52,50.18,79.78,84.99
21.17,21.17,42.05,79.35,82.90
20.90,20.90,38.41,79.55,81.64
21.94,21.94,35.16,79.66,80.71
21.80,21.80,33.24,79.78,77.62
19.09,19.09,33.11,78.92,81.98
13.59,13.59,48.40,79.43,77.79
10.03,10.03,59.83,79.52,79.25
6.91,6.91,71.57,77.91,79.61
12.22,12.22,81.97,75.21,77.98
7.33,7.33,81.47,73.17,80.77
17.27,17.27,70.58,69.42,80.74
23.34,23.34,75.78,70.92,80.69
24.74,24.74,72.54,72.16,80.25
26.83,26.83,59.87,76.02,78.80
26.01,26.01,46.28,77.90,79.33
27.98,27.98,40.27,77.83,78.71
30.18,30.18,35.45,77.98,78.06
26.55,26.55,32.96,78.97,77.90
25.25,25.25,31.34,79.34,73.88
22.58,22.58,30.18,78.80,76.29
24.44,24.44,28.43,78.36,75.50
22.15,22.15,26.97,79.18,75.27
20.82,20.82,25.91,79.33,74.77
18.43,18.43,23.38,79.07,76.49
19.65,19.65,21.42,78.81,76.26
15.54,15.54,19.89,78.92,75.96
16.77,16.77,21.15,78.91,77.02
17.48,17.48,27.59,78.51,75.32
13.48,13.48,30.45,79.60,77.74
17.74,17.74,52.33,79.76,77.20
17.72,17.72,61.75,78.86,78.84
22.08,22.08,58.14,78.36,80.48
28.75,28.75,54.46,78.96,80.37
27.87,27.87,48.53,78.91,79.56
29.27,29.27,42.39,78.91,80.44
27.74,27.74,35.81,79.16,79.42
30.34,30.34,34.14,79.11,78.40
25.48,25.48,29.55,78.73,76.47
24.74,24.74,28.30,78.11,75.56
25.37,25.37,28.60,79.34,74.10
25.34,25.34,29.47,79.63,75.24
21.34,21.34,28.04,78.74,75.01
20.06,20.06,29.12,77.87,75.27
19.74,19.74,26.74,78.72,75.93
19.71,19.71,26.57,79.05,76.09
18.31,18.31,23.59,78.73,76.01
18.85,18.85,25.47,78.45,71.28
16.29,16.29,42.47,78.76,75.51
12.12,12.12,54.30,78.48,72.78
8.76,8.76,62.62,77.66,71.64
13.31,13.31,77.08,76.69,72.34
15.13,15.13,84.89,60.84,78.82
16.05,16.05,78.75,42.40,79.91
16.63,16.63,77.01,42.27,81.62
15.68,15.68,75.74,38.85,81.81
17.10,17.10,71.35,42.33,79.94
22.84,22.84,62.72,37.59,77.09
28.98,28.98,60.73,32.65,77.14
33.30,33.30,57.24,34.27,77.09
33.74,33.74,52.65,27.87,77.96
36.54,36.54,55.25,22.16,76.95
39.33,39.33,51.67,21.83,82.10
37.72,37.72,47.08,16.27,78.34
31.64,31.64,48.40,16.29,75.66
28.20,28.20,43.28,22.72,77.44
28.35,28.35,40.42,13.16,80.18
28.53,28.53,36.85,9.76,79.91
28.09,28.09,38.57,13.77,77.93
29.82,29.82,36.64,11.92,76.49
32.37,32.37,36.61,11.53,78.44
33.74,33.74,38.74,11.83,78.64
34.33,34.33,47.92,11.07,75.96
34.16,34.16,66.24,12.61,74.35
31.56,31.56,62.66,11.30,78.56
30.85,30.85,60.33,9.17,75.76
30.68,30.68,55.11,11.91,79.48
32.03,32.03,47.94,12.85,77.87
33.23,33.23,44.69,11.78,77.83
31.57,31.57,37.29,6.07,76.83
32.08,32.08,39.35,8.99,75.83
30.97,30.97,41.70,7.54,73.43
30.64,30.64,39.77,4.64,75.08
29.35,29.35,36.66,3.74,74.80
26.70,26.70,40.81,6.24,76.28
27.13,27.13,42.15,9.81,76.43
26.20,26.20,41.95,8.92,75.37
26.11,26.11,43.53,11.49,71.55
26.40,26.40,35.88,11.03,70.87
26.00,26.00,43.50,15.07,70.18
26.81,26.81,45.11,14.14,71.56
23.09,23.09,44.80,25.22,71.19
21.24,21.24,50.91,25.36,68.41
13.25,13.25,64.00,44.94,71.21
13.26,13.26,84.84,59.36,72.98
14.86,14.86,81.11,66.59,73.72
22.33,22.33,75.08,73.17,76.60
27.51,27.51,77.01,73.89,76.05
28.97,28.97,68.97,73.74,76.55
30.07,30.07,51.70,78.48,76.54
29.52,29.52,40.31,77.00,74.51
29.73,29.73,37.62,78.53,74.65
27.38,27.38,39.61,79.33,75.80
22.26,22.26,46.24,79.50,76.16
18.04,18.04,59.65,77.57,76.82
19.32,19.32,60.63,79.65,75.65
26.07,26.07,58.19,80.45,73.49
31.58,31.58,52.17,77.16,73.48
33.61,33.61,44.00,80.76,72.32
36.32,36.32,41.70,80.04,69.74
37.81,37.81,38.78,79.13,70.64
37.28,37.28,36.16,80.36,72.85
30.71,30.71,44.11,80.47,72.78
23.01,23.01,59.05,80.32,71.93
12.14,12.14,73.25,72.91,73.63
15.18,15.18,83.57,68.69,79.85
17.03,17.03,81.85,72.33,79.87
22.28,22.28,73.35,69.66,78.48
28.54,28.54,74.71,74.51,78.09
29.63,29.63,70.98,75.50,77.05
28.74,28.74,48.37,74.86,79.23
25.94,25.94,47.19,78.03,79.95
27.29,27.29,41.15,77.86,80.68
21.84,21.84,36.93,78.05,82.57
17.44,17.44,44.33,78.56,83.82
16.43,16.43,53.75,79.11,86.05
16.38,16.38,56.13,80.17,82.60
19.75,19.75,48.40,78.36,85.54
23.95,23.95,43.34,79.14,84.78
24.58,24.58,38.87,80.35,83.29
27.58,27.58,35.33,79.25,82.92
27.38,27.38,34.15,78.99,83.72
23.70,23.70,31.88,79.99,82.72
21.09,21.09,43.85,79.60,77.12
13.06,13.06,57.81,80.36,75.54
5.77,5.77,63.23,78.92,73.99
10.43,10.43,78.84,79.66,77.58
8.05,8.05,81.62,80.50,77.79
11.39,11.39,80.14,77.95,77.01
12.83,12.83,76.21,77.70,80.50
12.03,12.03,70.49,77.38,79.14
13.55,13.55,70.87,75.29,79.84
13.14,13.14,64.46,77.30,80.52
15.76,15.76,57.67,77.41,81.53
20.77,20.77,56.10,75.98,80.74
19.61,19.61,52.58,76.98,81.95
19.39,19.39,46.68,77.08,81.02
19.11,19.11,47.80,76.28,79.85
19.29,19.29,45.19,76.64,80.04
20.98,20.98,43.76,77.14,78.63
19.86,19.86,41.19,76.58,81.12
18.92,18.92,38.20,76.66,80.84
18.24,18.24,35.25,77.10,80.73
17.55,17.55,36.66,77.21,76.21
15.70,15.70,40.17,76.52,75.68
11.09,11.09,59.35,74.93,76.32
7.44,7.44,71.24,68.74,74.91
12.51,12.51,79.33,63.61,77.68
16.46,16.46,85.86,63.36,79.23
20.43,20.43,77.57,73.66,83.71
25.32,25.32,77.79,74.02,85.58
26.78,26.78,70.29,75.54,85.30
24.42,24.42,64.65,76.07,83.69
24.01,24.01,50.83,77.70,80.61
25.26,25.26,41.77,79.82,78.89
22.10,22.10,41.96,80.44,79.26
16.33,16.33,42.31,80.26,80.51
13.94,13.94,46.78,80.29,79.57
21.24,21.24,59.32,81.11,77.74
19.87,19.87,51.11,81.31,80.77
26.91,26.91,45.53,80.72,79.82
25.23,25.23,40.87,81.64,82.13
25.56,25.56,36.62,81.82,80.48
25.27,25.27,35.34,82.04,77.20
23.17,23.17,32.24,81.27,78.86
22.77,22.77,39.80,80.52,78.00
16.74,16.74,50.72,80.88,78.97
12.58,12.58,67.33,78.42,76.38
12.60,12.60,73.86,77.43,77.99
10.28,10.28,85.04,77.47,76.84
14.97,14.97,76.85,75.06,75.79
20.45,20.45,75.58,71.43,75.20
25.77,25.77,72.40,69.89,77.02
27.21,27.21,67.83,76.39,78.18
23.26,23.26,52.96,79.11,78.68
25.93,25.93,41.75,79.72,78.25
23.77,23.77,40.87,79.11,78.14
20.78,20.78,39.60,79.98,79.01
17.43,17.43,41.49,80.63,76.55
17.13,17.13,61.36,80.13,74.51
11.97,11.97,61.98,80.03,72.78
17.84,17.84,57.10,80.12,73.75
20.33,20.33,50.72,80.22,73.82
19.56,19.56,43.37,79.78,73.56
19.99,19.99,38.24,81.13,74.58
21.74,21.74,36.26,81.41,73.91
21.93,21.93,34.08,81.02,72.70
17.35,17.35,34.11,80.06,76.15
13.92,13.92,37.33,80.83,74.33
15.99,15.99,51.76,81.32,74.67
14.25,14.25,70.97,71.47,74.29
12.76,12.76,66.96,56.61,74.07
23.02,23.02,63.17,44.45,75.98
24.33,24.33,59.10,39.45,74.88
26.42,26.42,51.51,38.20,76.44
28.09,28.09,46.11,43.80,76.40
30.53,30.53,44.16,33.11,77.20
28.74,28.74,42.35,31.66,77.29
26.08,26.08,43.22,36.33,74.26
22.46,22.46,47.03,26.36,76.37
20.81,20.81,55.84,16.65,76.48
18.19,18.19,59.22,12.45,72.74
24.37,24.37,58.64,11.39,71.81
24.31,24.31,58.36,10.26,73.63
24.46,24.46,57.02,16.41,75.87
24.30,24.30,57.72,17.49,75.73
28.31,28.31,57.80,22.92,74.00
28.24,28.24,56.73,31.55,73.06
26.82,26.82,56.56,43.98,70.49
21.11,21.11,58.19,48.15,71.50
12.76,12.76,67.09,65.95,75.23
14.16,14.16,84.89,77.28,73.18
11.54,11.54,79.91,79.66,75.73
15.03,15.03,77.60,81.36,79.04
15.96,15.96,73.64,80.17,79.78
12.70,12.70,69.81,79.64,76.81
13.53,13.53,66.58,81.01,78.95
14.71,14.71,58.94,80.11,75.87
16.35,16.35,54.92,78.19,78.25
15.72,15.72,51.89,78.89,77.51
9.98,9.98,50.81,79.41,78.65
9.87,9.87,58.77,80.69,78.08
6.60,6.60,64.97,80.80,79.82
7.23,7.23,59.10,80.48,78.52
13.84,13.84,56.72,81.16,78.26
18.81,18.81,50.97,80.91,77.00
20.97,20.97,46.07,80.98,78.21
23.79,23.79,42.20,80.83,80.08
23.82,23.82,41.07,81.05,78.26
21.09,21.09,41.65,81.03,77.87
12.53,12.53,42.51,81.05,77.02
7.73,7.73,44.66,80.70,75.82
11.68,11.68,68.66,80.02,79.10
13.44,13.44,66.33,80.79,77.35
8.17,8.17,61.73,79.94,78.12
16.68,16.68,57.19,80.37,76.68
21.51,21.51,51.20,79.84,77.85
21.48,21.48,43.84,80.04,76.95
25.00,25.00,40.65,79.67,77.63
25.68,25.68,38.09,79.69,75.64
20.66,20.66,38.07,80.03,79.99
12.24,12.24,40.22,79.92,77.99
11.42,11.42,50.92,80.25,79.96
17.76,17.76,68.02,79.71,78.08
11.91,11.91,62.75,80.25,79.15
16.55,16.55,58.99,79.83,75.55
21.54,21.54,52.28,79.24,76.97
24.17,24.17,47.60,79.58,76.02
25.73,25.73,41.91,79.77,79.32
25.73,25.73,38.54,79.71,76.70
23.20,23.20,45.30,79.11,77.58
18.91,18.91,57.86,79.21,76.89
11.50,11.50,71.26,77.55,75.61
9.97,9.97,81.09,74.97,78.27
12.54,12.54,81.21,72.17,74.65
20.97,20.97,73.12,68.17,77.34
26.27,26.27,76.02,70.91,77.89
28.52,28.52,69.46,73.83,75.65
28.32,28.32,61.81,73.24,76.77
28.80,28.80,45.79,77.03,74.10
30.24,30.24,40.56,76.87,73.90
27.90,27.90,40.04,77.09,71.83
22.42,22.42,40.70,79.27,74.33
14.09,14.09,45.48,78.60,75.67
18.86,18.86,58.92,80.53,76.13
18.89,18.89,48.37,79.11,76.51
24.07,24.07,41.90,80.53,78.07
26.19,26.19,36.27,80.25,76.84
29.13,29.13,34.45,79.41,76.57
29.89,29.89,29.25,81.25,74.86
31.70,31.70,28.55,79.81,73.78
28.14,28.14,35.59,81.05,74.92
24.22,24.22,50.83,80.05,75.15
17.16,17.16,68.04,76.58,72.35
13.38,13.38,79.98,64.52,76.21
16.52,16.52,82.27,63.89,82.62
24.30,24.30,78.95,69.86,81.63
28.76,28.76,73.61,73.74,79.94
30.36,30.36,73.24,76.46,82.17
30.43,30.43,59.26,77.97,83.52
25.74,25.74,48.08,79.06,82.54
23.59,23.59,35.91,78.09,79.41
19.12,19.12,37.26,78.55,80.78
12.37,12.37,37.16,80.03,80.07
9.88,9.88,45.21,79.41,81.82
12.00,12.00,58.96,79.28,80.77
12.85,12.85,51.97,79.49,82.13
17.61,17.61,45.68,79.33,82.23
19.10,19.10,40.59,80.37,79.46
20.71,20.71,35.92,78.70,80.04
19.52,19.52,31.67,79.52,78.40
21.65,21.65,32.00,80.67,77.52
21.15,21.15,35.56,79.49,78.55
20.16,20.16,46.34,79.22,76.28
11.34,11.34,66.48,80.11,77.11
5.79,5.79,71.64,79.88,75.53
7.92,7.92,83.87,78.04,77.54
10.62,10.62,81.13,78.35,76.47
10.12,10.12,77.54,77.60,78.64
8.07,8.07,73.47,77.97,79.78
9.15,9.15,71.38,74.87,79.56
10.26,10.26,66.59,77.18,80.21
16.52,16.52,60.75,78.88,79.88
20.24,20.24,56.62,76.53,78.65
21.49,21.49,50.60,75.72,79.71
21.77,21.77,48.38,77.98,80.60
24.38,24.38,49.04,77.93,80.12
25.11,25.11,45.94,76.76,79.00
26.38,26.38,42.80,76.82,81.13
25.40,25.40,37.38,77.18,80.39
26.21,26.21,34.84,76.77,79.96
24.38,24.38,33.07,76.42,78.97
24.29,24.29,31.12,77.00,79.77
24.43,24.43,34.18,77.10,79.00
19.30,19.30,47.83,76.51,78.59
11.61,11.61,67.60,72.57,75.83
8.14,8.14,73.36,64.65,76.52
16.79,16.79,84.05,61.24,77.37
21.54,21.54,81.04,62.68,79.00
26.88,26.88,76.32,69.45,79.83
28.79,28.79,72.39,71.25,82.15
27.38,27.38,71.54,74.20,79.69
23.18,23.18,58.12,76.07,79.09
21.51,21.51,40.79,78.95,79.22
20.04,20.04,38.75,79.97,80.58
15.68,15.68,39.59,79.68,79.35
11.08,11.08,45.18,78.91,78.44
13.17,13.17,56.68,80.04,80.64
11.39,11.39,51.99,79.91,79.81
15.93,15.93,47.22,80.20,77.51
18.47,18.47,42.49,79.74,76.37
21.05,21.05,38.01,79.90,78.31
21.49,21.49,33.63,80.00,74.84
21.36,21.36,32.00,79.16,79.12
17.53,17.53,34.45,79.85,77.04
16.56,16.56,44.88,80.16,76.97
10.95,10.95,57.85,79.57,78.39
8.73,8.73,67.80,77.01,78.00
13.79,13.79,82.43,71.58,78.57
11.57,11.57,84.58,72.86,77.63
22.53,22.53,66.85,65.77,78.27
25.52,25.52,73.21,68.09,78.97
25.45,25.45,73.69,71.15,78.41
22.93,22.93,58.95,75.85,79.07
21.53,21.53,47.08,77.71,78.46
21.14,21.14,39.62,77.95,79.31
21.82,21.82,36.16,78.94,78.13
23.54,23.54,33.73,79.18,77.01
21.32,21.32,30.78,78.02,76.84
19.19,19.19,28.45,78.93,75.52
19.79,19.79,27.89,79.07,77.62
20.43,20.43,25.86,79.43,78.45
20.32,20.32,25.67,79.02,76.82
18.49,18.49,24.34,79.26,76.97
19.58,19.58,21.81,79.47,73.38
20.78,20.78,21.24,78.79,75.47
18.47,18.47,23.32,79.03,75.02
16.55,16.55,27.21,79.89,74.57
14.47,14.47,33.54,79.95,74.10
19.64,19.64,58.84,79.06,74.61
15.87,15.87,61.99,79.31,76.52
19.42,19.42,58.64,79.50,78.14
24.73,24.73,54.25,79.42,75.85
26.00,26.00,49.17,79.03,76.34
27.00,27.00,44.01,79.13,74.89
22.47,22.47,35.12,79.33,75.30
23.15,23.15,34.03,78.97,75.34
23.61,23.61,33.31,78.52,74.37
22.91,22.91,32.02,79.61,74.82
20.23,20.23,30.29,79.66,72.58
17.98,17.98,29.32,78.59,71.89
19.86,19.86,28.55,78.62,74.13
18.92,18.92,29.99,79.09,72.13
17.06,17.06,32.92,79.25,73.04
16.33,16.33,31.84,79.12,76.89
15.60,15.60,26.77,79.04,73.87
17.40,17.40,30.08,78.91,73.85
18.14,18.14,43.09,78.65,74.81
11.33,11.33,57.61,78.45,73.67
8.28,8.28,67.87,78.94,73.66
9.44,9.44,79.54,75.29,73.04
7.83,7.83,82.47,57.37,70.60
10.08,10.08,77.86,46.97,72.23
10.90,10.90,79.01,41.30,82.95
19.77,19.77,76.37,41.81,81.49
27.81,27.81,72.66,42.51,81.24
29.19,29.19,69.28,34.00,80.96
26.89,26.89,64.70,36.24,79.90
25.94,25.94,59.81,30.46,80.37
24.75,24.75,56.12,22.33,78.58
25.08,25.08,51.74,15.49,78.94
24.60,24.60,50.43,15.56,77.85
25.05,25.05,43.10,10.71,77.92
23.92,23.92,43.58,11.65,78.65
24.98,24.98,41.00,13.14,79.11
24.51,24.51,43.82,14.22,79.63
24.97,24.97,41.82,10.06,74.92
22.13,22.13,34.58,8.16,74.22
22.51,22.51,38.34,3.27,78.54
22.28,22.28,38.26,2.33,81.12
19.03,19.03,37.66,0.87,80.17
18.96,18.96,50.18,11.98,76.49
19.20,19.20,65.55,12.66,76.19
24.57,24.57,61.74,11.67,78.67
26.26,26.26,57.43,2.77,78.21
29.73,29.73,54.12,5.05,78.51
27.78,27.78,47.48,6.00,74.69
29.74,29.74,42.10,3.85,76.73
31.42,31.42,43.41,4.66,75.88
29.67,29.67,41.18,4.12,73.20
31.47,31.47,35.90,3.08,76.95
30.92,30.92,44.74,2.58,75.06
29.11,29.11,39.63,4.01,76.00
26.82,26.82,34.76,4.44,76.87
22.37,22.37,41.39,1.24,75.27
19.59,19.59,36.94,3.03,73.07
23.55,23.55,42.12,6.23,72.30
23.90,23.90,43.32,11.29,72.99
22.62,22.62,39.17,8.93,72.15
21.89,21.89,37.61,7.47,73.58
17.37,17.37,47.80,22.22,75.07
19.47,19.47,53.99,30.45,74.46
15.65,15.65,66.82,50.28,72.43
6.32,6.32,85.86,64.10,75.83
10.94,10.94,78.48,66.31,78.77
20.50,20.50,75.69,71.45,77.10
24.88,24.88,76.52,73.76,79.16
27.48,27.48,64.99,75.03,79.48
27.94,27.94,54.33,73.68,79.48
29.16,29.16,41.35,76.79,78.84
27.15,27.15,38.61,78.11,79.42
25.75,25.75,40.36,80.09,78.91
18.63,18.63,43.39,79.00,77.02
16.94,16.94,56.95,81.15,78.39
16.28,16.28,52.62,80.38,77.24
22.32,22.32,46.65,79.86,77.67
21.68,21.68,42.67,81.35,79.83
23.42,23.42,40.80,80.25,80.77
25.01,25.01,37.61,81.51,79.50
24.72,24.72,36.41,80.25,77.46
24.63,24.63,37.50,80.85,79.85
24.67,24.67,46.47,81.46,75.97
17.71,17.71,62.08,79.03,75.24
22.02,22.02,76.68,73.30,74.02
38.74,38.74,82.20,68.00,75.30
51.95,51.95,84.67,69.59,77.42
58.51,58.51,72.23,69.52,78.14
53.61,53.61,75.32,73.75,78.22
57.09,57.09,69.47,76.76,78.30
57.11,57.11,46.70,75.75,78.34
57.49,57.49,45.11,76.69,80.40
56.49,56.49,44.09,78.13,77.66
54.23,54.23,36.84,77.66,76.36
51.91,51.91,42.22,79.72,74.84
49.85,49.85,53.73,78.04,77.60
49.53,49.53,51.19,79.01,78.29
49.33,49.33,44.03,80.34,77.57
47.21,47.21,40.89,79.36,77.32
46.14,46.14,36.12,78.69,76.70
43.49,43.49,31.85,80.25,77.26
41.45,41.45,30.33,79.76,78.05
40.22,40.22,34.28,79.75,78.07
35.64,35.64,45.48,78.69,77.41
43.09,43.09,56.28,79.71,75.29
48.54,48.54,64.86,80.72,75.82
44.10,44.10,82.56,78.95,77.51
32.32,32.32,82.32,78.10,77.90
34.31,34.31,78.45,79.28,79.24
41.38,41.38,75.61,78.37,79.54
38.31,38.31,72.39,77.47,77.99
38.57,38.57,68.91,75.36,77.93
38.47,38.47,61.54,77.77,79.94
35.93,35.93,57.02,75.63,78.68
34.92,34.92,51.62,73.87,75.59
31.83,31.83,49.66,75.68,77.99
33.41,33.41,48.87,76.14,78.62
30.43,30.43,47.42,75.53,76.82
33.78,33.78,43.69,76.22,81.02
32.15,32.15,41.42,77.76,78.22
30.81,30.81,39.41,76.52,77.30
27.24,27.24,38.50,76.56,80.69
26.91,26.91,35.20,77.16,78.97
26.44,26.44,38.43,77.12,80.38
24.73,24.73,46.45,76.92,79.33
21.57,21.57,60.40,75.52,78.61
28.77,28.77,72.68,66.91,77.06
28.70,28.70,82.76,63.75,81.95
29.98,29.98,84.62,66.02,82.69
33.30,33.30,73.97,74.73,82.49
34.75,34.75,75.07,75.21,82.33
34.83,34.83,70.02,74.74,81.47
35.39,35.39,61.00,76.50,82.56
32.48,32.48,48.62,77.94,80.07
39.27,39.27,42.47,79.00,82.59
33.78,33.78,39.13,79.13,79.76
33.50,33.50,42.48,80.39,79.83
37.16,37.16,49.24,80.85,79.84
32.56,32.56,57.57,80.22,82.75
29.64,29.64,50.46,81.07,81.99
28.30,28.30,46.48,81.47,82.32
26.74,26.74,41.29,81.15,81.56
27.98,27.98,36.55,80.37,75.80
25.96,25.96,35.74,80.52,82.41
24.67,24.67,33.17,81.53,82.56
21.92,21.92,37.32,81.52,79.09
24.02,24.02,54.10,80.41,77.58
27.31,27.31,68.12,79.84,79.96
31.30,31.30,75.66,79.56,83.78
24.12,24.12,84.82,78.13,80.73
23.67,23.67,74.58,76.89,81.00
23.42,23.42,76.22,73.78,82.81
27.57,27.57,73.35,73.50,83.88
27.64,27.64,65.32,76.86,81.31
27.87,27.87,52.75,78.46,78.83
27.37,27.37,42.97,79.98,79.49
26.91,26.91,38.69,80.35,76.83
20.83,20.83,39.13,79.99,76.03
25.67,25.67,43.51,80.42,74.09
23.67,23.67,63.76,80.34,75.02
20.93,20.93,61.67,80.04,78.58
22.17,22.17,56.47,79.77,77.18
24.66,24.66,49.64,80.98,76.39
25.86,25.86,43.06,81.36,74.52
27.05,27.05,37.48,80.99,74.75
25.70,25.70,35.22,79.85,75.50
26.24,26.24,34.54,80.29,77.05
21.35,21.35,34.54,80.80,77.80
21.44,21.44,37.78,81.04,75.79
18.96,18.96,54.68,80.21,74.75
12.44,12.44,68.96,65.67,74.84
16.04,16.04,64.51,53.97,73.31
17.92,17.92,60.23,42.84,78.04
25.87,25.87,57.03,39.83,79.06
28.45,28.45,50.65,32.98,79.65
28.67,28.67,44.63,41.19,80.66
30.05,30.05,41.87,36.61,78.10
30.68,30.68,39.59,31.36,79.41
28.74,28.74,39.12,30.14,79.06
23.98,23.98,42.48,21.19,78.79
24.44,24.44,55.85,7.98,78.58
22.14,22.14,59.51,3.41,78.96
21.12,21.12,57.85,3.03,76.34
20.33,20.33,58.60,6.88,76.04
23.21,23.21,57.23,3.52,74.57
26.39,26.39,56.77,9.22,75.57
27.78,27.78,56.49,15.08,73.77
26.65,26.65,56.56,26.41,73.79
23.82,23.82,57.41,37.52,74.36
15.83,15.83,62.03,48.06,72.60
9.11,9.11,70.46,65.17,72.53
10.28,10.28,84.89,80.48,72.64
12.26,12.26,77.46,79.42,77.51
13.78,13.78,78.55,80.79,77.37
11.14,11.14,75.02,80.52,80.41
9.45,9.45,70.82,80.12,77.95
9.96,9.96,65.97,81.02,79.71
15.29,15.29,60.39,81.23,81.52
16.00,16.00,56.58,79.66,80.60
15.53,15.53,52.96,79.50,79.14
11.32,11.32,51.40,79.61,77.85
15.23,15.23,61.57,80.52,79.61
13.00,13.00,65.41,79.94,79.15
14.75,14.75,60.84,80.37,78.89
20.66,20.66,54.89,81.18,78.92
23.88,23.88,49.20,81.19,78.42
25.12,25.12,45.62,80.88,79.49
27.13,27.13,43.59,81.49,77.94
25.72,25.72,42.28,81.37,74.36
20.57,20.57,41.04,81.15,76.50
15.24,15.24,43.71,80.64,78.15
11.38,11.38,47.48,80.78,77.30
13.06,13.06,69.89,81.14,80.45
9.76,9.76,66.06,80.73,79.49
17.85,17.85,60.03,80.16,76.19
26.41,26.41,55.70,80.55,79.68
26.79,26.79,48.79,80.84,81.87
27.15,27.15,44.12,80.22,80.47
26.01,26.01,39.89,80.24,81.19
25.58,25.58,38.95,80.10,79.45
21.23,21.23,40.41,80.03,80.25
16.18,16.18,40.70,80.02,79.09
14.59,14.59,55.71,79.57,80.58
13.97,13.97,67.24,79.43,81.57
12.69,12.69,61.82,79.90,79.95
20.24,20.24,58.37,79.72,80.52
27.02,27.02,53.80,79.34,80.59
27.58,27.58,46.24,80.01,79.28
26.19,26.19,39.53,80.12,81.17
26.57,26.57,38.88,80.16,78.12
25.53,25.53,42.00,79.49,79.94
21.15,21.15,61.17,78.67,79.32
17.27,17.27,72.44,77.30,80.82
15.26,15.26,81.60,74.90,78.91
15.24,15.24,80.27,69.96,77.43
24.94,24.94,72.18,69.11,79.20
28.74,28.74,73.52,75.39,75.60
29.98,29.98,69.15,72.77,75.10
30.15,30.15,54.32,76.80,77.23
30.80,30.80,42.30,77.70,77.88
29.05,29.05,37.48,77.80,78.64
26.96,26.96,39.26,78.02,77.77
20.16,20.16,41.72,79.49,79.12
18.54,18.54,51.07,80.67,79.34
21.22,21.22,56.98,77.83,74.83
21.90,21.90,49.26,80.97,76.45
25.95,25.95,45.00,80.09,78.50
27.50,27.50,41.36,79.53,75.07
29.01,29.01,37.56,81.07,73.89
31.01,31.01,36.50,79.94,75.60
29.53,29.53,32.79,81.60,75.56
28.94,28.94,38.92,79.95,78.27
25.23,25.23,56.82,80.30,77.90
16.17,16.17,72.52,75.89,76.45
14.31,14.31,80.08,63.03,77.42
19.24,19.24,81.53,64.59,78.70
26.54,26.54,77.50,71.79,79.06
33.03,33.03,74.71,73.61,76.97
31.27,31.27,68.85,76.24,80.11
28.42,28.42,55.76,75.47,79.52
28.38,28.38,45.02,76.66,80.09
26.46,26.46,41.03,78.59,78.82
23.23,23.23,32.22,77.55,78.65
18.14,18.14,39.41,77.61,78.61
13.47,13.47,45.99,79.46,79.06
18.47,18.47,60.08,78.78,81.27
19.01,19.01,50.78,79.94,77.91
22.71,22.71,46.29,78.83,77.22
24.65,24.65,41.03,79.25,76.84
28.07,28.07,35.73,80.82,79.35
30.30,30.30,31.19,79.42,78.14
24.65,24.65,27.50,78.80,79.45
23.78,23.78,35.04,80.49,78.06
20.41,20.41,49.92,79.57,75.49
8.94,8.94,62.41,79.90,75.86
9.66,9.66,70.51,78.97,74.91
7.35,7.35,83.01,78.28,74.33
7.35,7.35,79.71,77.01,81.33
9.00,9.00,78.00,78.87,81.37
9.90,9.90,71.96,76.55,80.01
7.80,7.80,69.56,74.32,78.89
9.92,9.92,64.21,77.48,77.84
16.80,16.80,57.95,78.66,80.00
21.03,21.03,53.50,77.15,80.45
23.08,23.08,49.91,75.89,79.45
23.34,23.34,47.19,77.60,79.87
23.35,23.35,46.63,77.46,78.83
25.11,25.11,44.94,76.19,80.49
23.49,23.49,42.77,76.66,75.37
23.75,23.75,38.54,77.33,77.13
20.73,20.73,36.18,77.38,77.93
19.82,19.82,35.57,77.62,76.85
19.66,19.66,33.58,77.79,80.30
20.11,20.11,39.35,77.24,75.23
17.40,17.40,49.24,76.49,79.30
9.80,9.80,67.82,72.41,76.36
9.96,9.96,74.41,61.06,77.29
7.83,7.83,85.41,62.33,76.36
17.00,17.00,77.42,64.44,80.03
24.33,24.33,78.64,71.07,78.00
25.31,25.31,70.85,70.60,76.52
25.05,25.05,67.08,75.04,77.67
24.40,24.40,52.38,78.12,77.30
25.92,25.92,37.72,79.11,78.43
23.38,23.38,33.19,78.63,77.40
18.76,18.76,37.64,79.66,77.46
11.39,11.39,43.61,79.95,76.34
14.97,14.97,58.23,80.22,78.26
14.39,14.39,52.76,79.35,77.51
18.78,18.78,45.95,80.00,76.18
22.53,22.53,42.16,80.31,78.07
20.81,20.81,35.25,79.69,78.38
21.78,21.78,33.11,80.81,79.55
22.35,22.35,32.90,80.97,76.34
16.37,16.37,35.91,80.53,80.72
14.29,14.29,45.54,79.21,78.77
9.07,9.07,60.20,78.75,77.11
8.38,8.38,71.15,75.79,79.07
14.85,14.85,83.50,74.25,76.89
15.68,15.68,80.46,73.76,77.36
22.50,22.50,67.81,65.50,76.62
25.89,25.89,73.30,69.69,76.63
27.42,27.42,72.39,72.18,77.61
23.27,23.27,56.01,77.05,77.39
24.99,24.99,41.88,78.51,74.70
26.44,26.44,38.83,79.03,78.28
24.52,24.52,35.87,77.86,76.84
21.91,21.91,34.36,78.98,77.63
22.18,22.18,30.70,79.03,75.24
22.43,22.43,28.00,79.60,78.04
21.42,21.42,26.31,78.64,75.11
19.73,19.73,23.67,78.69,79.02
22.31,22.31,22.74,79.17,79.16
22.11,22.11,21.83,78.82,75.06
18.41,18.41,19.18,78.80,75.35
17.29,17.29,17.95,79.73,75.60
19.33,19.33,20.40,79.56,74.24
19.71,19.71,26.23,78.23,76.18
21.92,21.92,32.72,78.88,75.94
27.44,27.44,62.67,79.42,73.13
20.53,20.53,61.15,79.77,73.29
24.20,24.20,56.66,78.90,74.85
28.49,28.49,52.25,78.79,77.66
29.33,29.33,46.15,79.14,79.16
27.80,27.80,39.68,78.80,77.73
27.54,27.54,36.83,79.11,80.52
25.22,25.22,36.36,79.62,78.88
24.93,24.93,36.17,79.74,78.29
25.23,25.23,37.04,78.52,80.21
22.84,22.84,35.79,79.34,78.53
23.97,23.97,34.49,79.37,78.84
23.81,23.81,33.66,79.25,78.53
26.32,26.32,33.41,78.60,77.85
26.65,26.65,34.07,78.80,77.58
26.58,26.58,32.36,79.26,76.43
23.37,23.37,29.40,78.80,74.52
24.38,24.38,31.60,78.32,74.84
24.38,24.38,43.56,79.44,75.94
16.03,16.03,61.96,79.22,76.61
8.52,8.52,68.55,78.03,77.48
12.04,12.04,80.63,72.61,77.63
13.22,13.22,81.05,52.86,73.53
18.16,18.16,79.10,42.60,73.07
20.12,20.12,78.15,44.71,74.22
19.10,19.10,74.90,36.04,79.37
18.44,18.44,71.42,35.03,77.43
16.41,16.41,69.36,31.58,77.28
17.54,17.54,63.81,29.91,76.09
17.64,17.64,59.77,20.92,76.37
19.79,19.79,54.13,15.40,75.44
22.64,22.64,50.65,17.16,74.75
22.73,22.73,49.87,18.45,74.73
23.48,23.48,46.33,17.36,74.33
23.34,23.34,45.19,14.30,76.01
24.29,24.29,43.79,9.47,74.62
25.34,25.34,42.48,7.84,75.79
27.77,27.77,41.83,5.21,77.92
26.52,26.52,41.70,4.36,80.82
25.72,25.72,40.89,4.62,81.40
29.60,29.60,44.51,4.08,80.47
27.51,27.51,42.38,8.86,78.17
27.54,27.54,55.94,14.15,76.58
26.67,26.67,64.20,13.96,74.59
26.01,26.01,61.81,13.66,74.73
26.82,26.82,57.46,5.64,75.11
26.38,26.38,52.62,6.83,78.52
29.08,29.08,45.99,7.24,77.90
28.37,28.37,42.11,5.42,78.13
30.79,30.79,41.98,5.58,77.71
30.50,30.50,38.26,7.06,75.46
27.66,27.66,35.27,8.42,73.38
27.49,27.49,41.52,8.45,73.30
27.07,27.07,38.00,3.34,71.66
26.20,26.20,33.25,7.00,73.73
29.01,29.01,42.57,4.79,75.74
29.21,29.21,37.02,5.78,77.17
30.47,30.47,37.56,13.25,77.49
32.45,32.45,30.49,9.73,76.46
29.55,29.55,32.51,12.66,73.92
31.77,31.77,39.15,11.45,71.07
25.77,25.77,45.22,17.23,68.15
17.78,17.78,56.48,32.55,69.82
16.97,16.97,74.45,56.02,74.04
11.83,11.83,85.38,64.60,73.23
23.24,23.24,76.92,66.40,77.20
29.69,29.69,78.21,71.27,77.21
30.28,30.28,74.48,75.06,78.27
30.05,30.05,65.22,75.71,76.71
30.24,30.24,55.38,77.17,76.90
30.24,30.24,45.01,78.68,76.79
29.13,29.13,40.40,79.83,75.59
24.23,24.23,40.84,78.37,78.20
17.35,17.35,44.81,80.29,76.75
15.78,15.78,60.14,80.25,76.74
16.87,16.87,53.21,80.02,76.82
21.44,21.44,49.08,79.96,78.04
25.30,25.30,44.56,80.50,77.14
25.82,25.82,39.36,81.15,75.73
27.01,27.01,37.13,78.24,76.45
29.24,29.24,32.70,80.85,76.84
28.80,28.80,37.34,80.47,76.00
24.71,24.71,42.90,78.23,76.27
16.18,16.18,65.63,77.91,75.81
14.70,14.70,76.85,71.27,76.06
13.56,13.56,82.39,62.39,76.49
21.79,21.79,81.53,71.91,75.96
33.58,33.58,73.70,70.41,78.70
48.19,48.19,76.88,73.27,79.34
49.91,49.91,66.51,74.90,79.19
48.13,48.13,50.16,76.07,77.41
47.04,47.04,44.37,76.94,79.10
40.56,40.56,42.07,78.20,77.94
36.36,36.36,38.88,76.80,79.63
33.16,33.16,46.34,78.58,78.87
27.52,27.52,57.10,80.36,80.71
24.06,24.06,52.21,78.75,80.93
25.60,25.60,47.61,78.50,81.47
28.04,28.04,42.25,80.41,79.47
29.77,29.77,38.61,78.95,79.58
31.77,31.77,34.01,79.43,78.66
30.47,30.47,31.72,79.42,79.92
29.21,29.21,35.37,78.82,79.45
24.00,24.00,48.14,80.26,78.71
25.77,25.77,59.38,78.85,79.44
19.37,19.37,70.11,79.42,80.42
17.24,17.24,82.55,80.72,82.06
20.96,20.96,80.93,78.42,84.56
24.72,24.72,78.65,78.69,83.89
34.00,34.00,74.40,78.29,81.88
32.78,32.78,70.54,77.92,82.03
37.67,37.67,70.05,75.16,79.90
33.70,33.70,62.20,77.54,79.26
26.24,26.24,56.81,76.94,78.79
21.04,21.04,52.22,76.28,79.25
20.39,20.39,48.14,77.43,77.28
23.90,23.90,46.86,77.73,78.65
20.68,20.68,45.50,77.20,80.93
21.54,21.54,43.99,77.00,80.48
21.64,21.64,39.72,77.21,82.46
17.03,17.03,36.39,76.52,80.12
15.88,15.88,35.95,76.28,78.41
17.12,17.12,33.67,77.25,77.31
19.75,19.75,34.76,77.16,79.87
21.94,21.94,45.52,75.62,75.36
20.53,20.53,67.09,71.69,75.10
16.96,16.96,74.50,64.56,77.29
12.71,12.71,83.84,60.77,79.13
16.54,16.54,84.83,67.67,79.77
21.37,21.37,73.95,74.08,81.86
25.34,25.34,71.46,75.65,82.28
24.53,24.53,72.07,76.50,80.37
22.45,22.45,60.82,75.62,83.28
21.80,21.80,45.59,76.93,82.72
24.94,24.94,40.15,79.65,81.79
22.67,22.67,38.62,80.29,79.98
16.44,16.44,43.21,79.82,79.93
16.34,16.34,54.03,81.21,80.03
19.01,19.01,58.88,81.49,79.66
17.86,17.86,52.80,81.51,80.60
16.37,16.37,46.90,80.57,78.72
17.07,17.07,40.98,81.29,80.37
15.95,15.95,35.32,81.36,81.09
16.84,16.84,31.41,81.76,78.91
14.25,14.25,31.92,81.50,78.22
16.12,16.12,44.78,81.69,77.69
9.37,9.37,57.43,80.73,74.02
6.84,6.84,69.07,77.97,76.11
6.48,6.48,80.33,78.27,75.75
9.26,9.26,83.67,77.30,74.42
13.62,13.62,71.61,74.21,76.55
16.86,16.86,76.31,71.88,76.26
20.58,20.58,70.78,70.13,76.66
20.11,20.11,64.37,75.58,75.57
21.76,21.76,51.54,78.87,76.16
23.33,23.33,41.83,79.78,75.67
23.72,23.72,41.22,80.18,75.83
17.89,17.89,40.93,80.37,75.86
13.15,13.15,47.74,79.93,74.43
14.30,14.30,63.40,80.72,76.62
15.14,15.14,62.11,81.20,75.26
20.39,20.39,56.76,81.17,73.49
24.51,24.51,49.07,81.05,74.24
24.11,24.11,40.52,80.19,72.22
26.45,26.45,37.91,81.35,73.46
28.95,28.95,35.40,81.37,72.70
27.29,27.29,33.95,80.98,71.50
21.89,21.89,36.87,80.68,70.94
14.43,14.43,38.60,81.07,67.19
17.52,17.52,60.11,77.07,71.21
13.07,13.07,68.75,63.57,74.25
10.47,10.47,65.12,48.84,75.13
13.06,13.06,60.52,49.73,76.10
21.39,21.39,56.50,41.60,73.57
24.77,24.77,49.89,33.77,74.56
28.23,28.23,43.97,36.25,74.59
28.97,28.97,42.02,31.10,72.44
26.89,26.89,38.84,27.17,76.32
24.40,24.40,41.06,24.19,76.47
20.08,20.08,44.48,20.32,74.63
20.64,20.64,58.71,10.49,73.88
15.14,15.14,58.71,4.38,75.31
17.65,17.65,57.19,14.95,73.17
21.28,21.28,57.79,16.37,73.33
23.37,23.37,58.04,10.05,74.23
22.72,22.72,56.97,12.48,72.99
24.49,24.49,56.80,27.24,72.27
23.78,23.78,56.83,30.96,74.08
19.18,19.18,57.44,34.95,72.41
11.20,11.20,64.28,50.81,70.31
8.01,8.01,75.31,70.01,70.81
9.86,9.86,83.27,82.26,75.25
12.22,12.22,78.29,81.91,75.39
12.34,12.34,77.41,81.81,78.68
10.33,10.33,72.37,80.57,79.18
11.49,11.49,68.83,80.52,79.72
18.41,18.41,64.36,81.74,77.54
19.87,19.87,59.61,81.37,79.19
15.64,15.64,55.03,80.52,78.47
12.01,12.01,51.38,80.80,75.34
7.77,7.77,50.47,81.09,75.30
10.88,10.88,63.79,80.50,76.96
8.99,8.99,63.12,80.11,75.69
12.82,12.82,58.42,80.28,75.97
17.98,17.98,52.99,80.55,75.92
21.76,21.76,46.60,80.54,75.77
22.16,22.16,43.25,80.00,75.85
23.66,23.66,41.52,80.07,75.33
23.02,23.02,40.18,80.87,76.85
20.02,20.02,40.24,80.55,75.20
14.04,14.04,41.79,80.07,75.04
14.28,14.28,50.00,80.70,75.38
17.69,17.69,69.69,80.47,74.93
15.42,15.42,63.70,80.96,72.73
14.26,14.26,59.68,80.35,78.83
20.20,20.20,55.07,80.51,77.97
22.46,22.46,47.80,80.76,80.53
22.62,22.62,40.91,80.18,79.15
23.93,23.93,38.89,79.75,82.58
21.87,21.87,37.38,80.08,79.86
17.28,17.28,39.91,80.70,78.97
10.55,10.55,41.75,80.51,78.77
17.22,17.22,60.53,80.19,78.89
23.90,23.90,67.33,79.64,76.56
23.51,23.51,60.91,79.87,75.56
19.34,19.34,58.28,80.04,74.00
20.20,20.20,52.25,79.83,75.22
22.06,22.06,47.95,79.57,75.21
24.54,24.54,44.27,79.67,75.76
26.18,26.18,39.64,79.55,76.64
22.91,22.91,47.97,79.58,77.46
18.76,18.76,65.98,78.39,76.27
15.08,15.08,71.54,75.94,75.63
11.87,11.87,82.24,74.36,78.30
14.12,14.12,80.53,69.53,78.46
21.74,21.74,72.91,68.10,78.73
27.73,27.73,74.04,73.45,75.00
27.33,27.33,69.26,75.50,76.53
24.94,24.94,55.77,75.80,77.35
28.46,28.46,48.37,78.77,75.68
27.55,27.55,39.84,76.75,76.29
25.87,25.87,37.14,79.59,77.39
22.71,22.71,41.90,79.53,76.61
25.77,25.77,54.21,78.65,77.25
25.80,25.80,54.74,80.42,77.76
21.81,21.81,48.08,79.71,77.25
22.24,22.24,44.37,80.68,79.33
21.27,21.27,41.64,79.73,76.89
20.58,20.58,38.65,80.30,76.20
20.98,20.98,34.99,81.37,76.07
20.80,20.80,34.97,79.68,74.65
17.90,17.90,43.37,81.43,74.88
14.46,14.46,60.68,79.21,73.74
6.70,6.70,73.38,73.83,71.98
8.58,8.58,83.12,62.25,77.10
10.06,10.06,81.60,68.06,77.49
17.40,17.40,76.02,65.96,78.54
26.62,26.62,73.11,74.48,82.00
26.75,26.75,70.90,76.23,81.97
25.01,25.01,54.93,77.91,81.79
24.65,24.65,40.87,77.55,79.27
24.68,24.68,39.50,77.08,79.13
22.78,22.78,37.17,79.02,80.10
17.01,17.01,40.68,78.78,77.07
12.74,12.74,50.96,79.46,78.69
12.61,12.61,55.41,78.29,78.21
15.49,15.49,49.28,78.57,78.09
21.08,21.08,43.34,80.13,78.34
21.46,21.46,38.10,78.93,76.43
20.68,20.68,33.11,78.40,76.48
22.08,22.08,30.33,80.03,77.65
23.93,23.93,30.22,79.01,75.78
22.00,22.00,44.44,78.76,76.82
17.21,17.21,53.61,79.40,77.18
6.25,6.25,66.02,79.49,72.01
11.52,11.52,77.06,79.54,74.00
14.77,14.77,83.22,77.84,73.78
13.94,13.94,80.31,78.09,76.33
12.57,12.57,76.97,77.82,75.87
7.71,7.71,71.37,74.77,79.05
8.36,8.36,69.01,76.25,76.89
11.29,11.29,62.64,77.89,77.01
15.01,15.01,56.79,77.13,78.97
18.42,18.42,52.71,74.39,78.68
20.05,20.05,47.74,74.78,80.19
20.19,20.19,46.52,76.48,79.84
19.40,19.40,45.39,75.93,78.03
18.66,18.66,42.85,75.39,79.76
19.49,19.49,42.98,76.50,77.92
20.15,20.15,39.77,76.76,78.33
21.10,21.10,38.37,76.23,78.13
20.88,20.88,36.93,76.59,76.27
20.32,20.32,36.30,76.53,79.59
20.86,20.86,40.72,76.06,77.14
15.74,15.74,56.21,75.25,77.49
10.58,10.58,69.24,68.65,76.74
9.54,9.54,77.38,62.62,79.67
12.75,12.75,85.46,59.26,80.48
20.10,20.10,75.95,66.69,80.85
23.59,23.59,78.19,71.27,81.05
25.14,25.14,71.35,74.68,81.82
22.85,22.85,62.96,76.25,80.19
20.84,20.84,47.44,77.10,81.21
18.48,18.48,42.93,79.15,80.83
17.99,17.99,35.92,79.66,81.08
11.77,11.77,41.31,79.66,79.57
5.49,5.49,45.85,79.57,79.11
9.28,9.28,59.57,79.82,79.01
11.26,11.26,52.51,79.91,78.37
16.20,16.20,46.32,79.13,80.14
18.92,18.92,41.14,80.56,81.61
19.30,19.30,38.25,80.84,80.30
20.39,20.39,33.22,80.33,80.32
17.73,17.73,29.04,79.39,79.58
17.25,17.25,37.39,80.10,79.46
15.39,15.39,51.57,80.24,76.85
20.21,20.21,65.94,77.98,78.08
21.72,21.72,70.64,75.70,80.67
20.08,20.08,85.13,74.91,79.49
21.87,21.87,77.23,72.52,77.91
24.59,24.59,70.80,66.63,76.93
26.54,26.54,75.20,68.35,75.88
27.95,27.95,66.75,75.65,76.95
25.78,25.78,50.61,78.22,75.85
25.46,25.46,42.26,77.83,76.13
27.37,27.37,37.72,79.02,75.65
26.35,26.35,32.71,78.96,75.13
26.71,26.71,29.70,78.63,74.25
21.65,21.65,29.09,78.28,75.08
22.16,22.16,28.88,79.09,75.52
22.89,22.89,25.03,79.37,76.36
21.38,21.38,25.04,78.72,74.55
17.83,17.83,23.49,79.70,76.21
18.36,18.36,19.49,79.93,75.77
17.48,17.48,16.24,79.74,77.00
14.44,14.44,19.78,78.30,75.90
16.02,16.02,20.19,78.90,76.01
15.89,15.89,27.05,79.33,76.07
17.45,17.45,37.93,79.20,77.18
17.43,17.43,63.82,78.83,76.14
12.90,12.90,59.36,78.99,75.25
20.27,20.27,56.13,78.84,76.36
23.59,23.59,50.69,78.51,80.26
25.44,25.44,44.85,79.43,76.62
22.60,22.60,37.44,79.99,77.10
24.45,24.45,33.43,79.58,78.04
24.21,24.21,30.99,78.40,77.79
25.25,25.25,29.96,78.82,77.06
21.03,21.03,25.68,79.10,77.44
23.99,23.99,26.55,79.37,77.50
19.52,19.52,21.76,78.63,75.59
18.92,18.92,20.82,78.81,75.04
17.65,17.65,21.00,78.93,76.14
13.84,13.84,18.59,78.47,75.38
11.86,11.86,20.82,79.11,73.50
13.49,13.49,19.51,79.58,74.90
13.43,13.43,25.87,79.34,73.84
15.75,15.75,45.06,78.30,73.66
12.80,12.80,64.88,78.53,73.04
16.76,16.76,70.39,77.96,72.70
19.00,19.00,83.28,69.52,72.28
15.07,15.07,79.90,44.01,70.74
12.59,12.59,78.25,46.47,73.55
12.54,12.54,77.87,41.07,76.62
16.62,16.62,72.97,34.96,76.60
21.44,21.44,69.49,33.24,77.76
20.69,20.69,63.21,27.28,76.93
18.95,18.95,58.36,22.62,74.50
18.66,18.66,56.49,13.10,76.22
21.44,21.44,51.43,12.31,74.95
22.01,22.01,49.88,14.55,76.20
22.63,22.63,51.03,12.92,75.16
23.13,23.13,45.82,12.49,74.06
22.66,22.66,42.74,11.15,75.10
22.02,22.02,42.76,8.26,75.71
23.84,23.84,41.26,5.03,78.19
23.49,23.49,39.91,3.18,78.03
23.03,23.03,42.76,4.32,75.70
20.87,20.87,36.93,0.48,75.07
16.02,16.02,39.65,1.14,72.20
12.67,12.67,44.21,9.52,71.84
19.87,19.87,62.37,13.77,73.45
26.66,26.66,64.63,12.00,72.67
25.58,25.58,61.79,4.40,72.29
28.99,28.99,57.65,3.87,72.89
28.58,28.58,52.48,5.02,71.11
29.19,29.19,47.15,7.94,71.15
27.79,27.79,44.01,14.91,70.30
27.31,27.31,43.02,14.27,67.58
26.11,26.11,47.60,18.56,70.05
24.22,24.22,39.03,15.34,71.73
25.11,25.11,43.93,15.56,71.58
26.43,26.43,47.41,15.22,71.44
24.12,24.12,43.01,16.18,71.05
25.09,25.09,34.24,17.38,70.85
24.53,24.53,36.73,11.39,70.47
26.16,26.16,38.53,19.42,71.18
28.11,28.11,31.44,16.40,73.02
30.60,30.60,36.95,23.67,74.75
26.16,26.16,42.82,15.76,75.01
19.34,19.34,50.46,21.40,74.19
10.83,10.83,56.53,33.98,71.35
17.36,17.36,78.37,51.92,77.42
20.67,20.67,82.69,61.57,73.68
19.07,19.07,75.97,63.78,74.08
23.70,23.70,78.75,71.90,75.56
28.50,28.50,71.32,75.40,78.76
26.73,26.73,59.96,75.18,78.92
25.98,25.98,48.97,78.38,78.58
29.29,29.29,46.23,78.63,75.68
26.10,26.10,42.74,78.20,73.74
19.81,19.81,43.73,79.93,74.12
13.11,13.11,45.53,80.00,72.58
17.42,17.42,60.98,80.46,77.41
17.39,17.39,52.25,78.92,73.28
19.51,19.51,47.13,80.95,76.29
19.99,19.99,41.68,80.54,78.78
21.14,21.14,37.63,78.75,78.03
21.69,21.69,34.78,80.75,75.53
22.31,22.31,32.82,80.26,75.28
19.97,19.97,36.82,79.84,76.62
14.98,14.98,50.66,79.06,77.44
9.84,9.84,69.45,76.72,76.85
8.64,8.64,79.57,70.18,78.51
9.99,9.99,83.17,63.68,84.39
18.12,18.12,78.47,70.14,82.76
26.60,26.60,74.20,69.17,81.54
28.98,28.98,75.94,75.53,81.06
28.07,28.07,60.85,74.91,79.29
28.05,28.05,45.77,76.58,78.26
26.14,26.14,49.83,77.44,78.42
22.74,22.74,38.57,76.87,77.38
16.76,16.76,38.59,79.29,77.46
16.43,16.43,44.18,78.97,77.79
19.70,19.70,58.30,78.41,80.08
25.11,25.11,52.43,79.78,78.45
23.23,23.23,46.70,79.38,78.74
21.67,21.67,39.84,79.04,78.44
20.71,20.71,35.62,79.85,80.18
18.44,18.44,30.92,79.73,77.42
18.86,18.86,30.12,80.55,76.43
17.80,17.80,34.16,78.43,76.11
15.39,15.39,50.75,79.14,77.48
8.99,8.99,59.99,80.73,73.57
5.89,5.89,72.62,79.55,75.24
10.85,10.85,82.31,79.37,73.22
14.30,14.30,81.78,79.64,74.15
13.87,13.87,78.92,77.65,75.95
11.08,11.08,71.84,78.57,77.92
10.89,10.89,71.00,74.91,79.32
10.93,10.93,66.12,76.96,80.22
17.62,17.62,58.63,78.40,79.24
21.26,21.26,54.74,76.61,77.90
20.57,20.57,49.64,76.29,78.83
22.90,22.90,47.39,77.90,78.10
25.35,25.35,46.16,77.67,79.98
29.31,29.31,43.27,76.89,79.30
26.18,26.18,41.39,76.54,79.49
23.32,23.32,39.05,77.24,78.11
22.08,22.08,37.98,77.16,77.31
21.67,21.67,36.48,76.41,78.24
24.72,24.72,34.69,77.11,77.53
27.14,27.14,34.97,77.50,78.71
22.04,22.04,51.85,76.15,79.10
17.63,17.63,68.33,72.47,79.70
10.45,10.45,73.70,62.94,78.20
15.67,15.67,85.05,61.17,79.93
16.49,16.49,83.87,69.83,79.89
20.08,20.08,72.56,74.66,77.78
22.50,22.50,72.94,73.78,76.31
23.89,23.89,69.34,74.67,76.35
24.12,24.12,55.75,76.20,74.05
24.99,24.99,48.25,78.86,71.37
23.18,23.18,42.61,79.36,73.45
18.51,18.51,42.09,80.91,73.26
12.41,12.41,47.53,81.20,75.48
7.54,7.54,58.33,81.35,77.32
10.00,10.00,55.53,80.14,78.04
14.36,14.36,48.64,81.31,76.62
20.74,20.74,43.68,81.55,76.66
21.37,21.37,39.88,81.18,76.25
20.73,20.73,35.39,81.15,76.29
18.95,18.95,33.56,81.79,76.52
20.97,20.97,35.23,81.70,74.80
19.22,19.22,48.63,80.63,74.06
15.85,15.85,54.53,81.19,73.32
12.35,12.35,72.53,79.30,74.77
13.78,13.78,82.80,77.33,76.56
13.31,13.31,84.00,76.25,75.22
19.58,19.58,69.28,72.42,74.97
22.35,22.35,72.39,71.05,80.52
24.92,24.92,71.47,70.05,78.11
27.14,27.14,63.50,76.63,76.93
27.15,27.15,44.24,79.12,77.17
26.81,26.81,41.73,80.26,73.70
24.66,24.66,38.90,79.47,76.61
16.21,16.21,39.27,80.36,74.96
14.70,14.70,51.82,81.10,74.28
14.26,14.26,64.62,81.23,75.52
15.30,15.30,59.85,80.65,73.90
18.78,18.78,54.52,80.04,76.69
21.01,21.01,47.78,81.31,75.11
21.13,21.13,39.03,81.35,75.97
22.77,22.77,34.55,81.38,76.46
24.30,24.30,31.80,80.86,75.30
22.62,22.62,31.81,81.10,75.41
17.17,17.17,35.37,80.30,73.53
11.11,11.11,38.93,80.72,74.57
13.16,13.16,65.99,76.71,74.96
15.04,15.04,69.48,63.20,78.03
16.39,16.39,63.43,46.86,76.63
21.88,21.88,59.76,44.32,76.74
27.45,27.45,56.33,45.22,76.81
27.82,27.82,48.82,45.62,75.84
30.53,30.53,45.14,41.87,75.73
32.23,32.23,41.30,38.14,76.66
31.03,31.03,39.87,36.78,76.53
30.98,30.98,40.75,31.84,74.58
27.77,27.77,46.57,28.88,73.99
22.42,22.42,58.88,24.65,72.90
18.15,18.15,58.45,14.95,72.51
19.21,19.21,56.94,16.26,70.64
20.94,20.94,57.94,19.10,72.05
24.89,24.89,57.82,22.16,71.21
28.92,28.92,57.17,22.72,71.17
31.17,31.17,56.18,17.31,69.63
31.20,31.20,56.61,31.32,71.74
26.37,26.37,58.53,45.04,72.52
18.96,18.96,59.85,49.29,66.60
12.46,12.46,78.41,72.15,71.43
11.94,11.94,82.52,79.53,75.09
13.04,13.04,77.77,80.90,78.31
14.75,14.75,77.68,80.00,77.74
14.95,14.95,71.87,79.51,79.99
19.75,19.75,65.14,79.62,78.05
25.61,25.61,60.93,80.35,79.29
26.70,26.70,57.84,80.50,79.65
26.76,26.76,54.43,78.77,78.93
23.25,23.25,52.67,80.36,77.91
22.54,22.54,53.06,80.53,78.53
21.06,21.06,65.78,80.60,76.23
16.16,16.16,63.48,80.69,79.62
16.26,16.26,58.33,80.96,76.05
19.21,19.21,53.41,81.17,79.92
20.43,20.43,48.44,81.42,76.69
23.13,23.13,44.93,81.41,78.05
23.52,23.52,42.92,81.69,73.96
24.11,24.11,41.65,81.15,75.05
20.68,20.68,42.65,81.13,76.25
13.04,13.04,44.62,81.04,77.94
12.05,12.05,57.74,80.63,77.36
15.38,15.38,69.22,80.63,77.38
12.00,12.00,64.53,80.86,75.98
15.85,15.85,60.14,80.55,76.18
23.44,23.44,55.13,80.49,73.53
29.27,29.27,50.11,80.08,74.21
28.74,28.74,44.54,80.28,74.03
29.72,29.72,41.43,80.92,72.39
26.31,26.31,40.16,80.99,72.85
21.49,21.49,40.43,80.05,73.72
13.42,13.42,42.72,80.07,70.71
12.62,12.62,65.05,80.49,74.92
10.98,10.98,65.00,80.85,77.33
10.40,10.40,60.36,80.31,76.96
18.85,18.85,55.96,80.25,74.60
25.86,25.86,50.97,80.19,75.24
29.36,29.36,47.27,80.11,74.05
32.78,32.78,41.45,80.04,73.72
32.88,32.88,41.54,80.11,69.55
28.27,28.27,53.15,79.59,70.80
19.30,19.30,67.76,77.93,71.38
10.80,10.80,71.80,74.53,74.35
16.61,16.61,83.49,74.01,75.30
22.51,22.51,77.03,67.61,75.55
28.43,28.43,72.07,68.44,77.31
30.97,30.97,74.13,75.70,77.21
34.30,34.30,67.64,74.53,77.67
33.97,33.97,56.54,77.50,77.11
32.26,32.26,49.54,77.84,76.37
34.00,34.00,39.75,79.64,77.88
32.41,32.41,41.00,78.85,79.23
32.63,32.63,44.99,79.96,77.67
31.32,31.32,56.49,80.55,76.48
32.05,32.05,52.01,79.82,78.85
34.66,34.66,45.08,81.63,77.32
39.22,39.22,39.93,80.04,76.69
39.77,39.77,35.76,81.29,75.80
37.96,37.96,32.58,80.59,73.24
34.99,34.99,29.37,80.10,73.27
32.70,32.70,31.90,81.55,76.19
36.12,36.12,45.64,80.04,75.84
47.78,47.78,60.91,80.25,74.80
55.76,55.76,75.84,72.31,74.21
68.91,68.91,80.49,61.70,75.05
70.35,70.35,84.31,67.66,74.14
66.85,66.85,73.88,72.20,75.62
69.90,69.90,73.57,75.83,76.50
68.37,68.37,69.11,75.98,76.39
68.36,68.36,53.58,75.49,73.68
74.35,74.35,45.39,78.63,74.15
72.99,72.99,42.10,77.88,77.02
72.18,72.18,44.28,79.06,76.00
68.78,68.78,49.51,78.32,75.74
69.65,69.65,57.94,79.16,75.25
72.85,72.85,55.05,79.54,75.34
75.01,75.01,50.61,78.87,73.24
73.66,73.66,48.11,78.15,73.53
71.53,71.53,45.24,80.22,73.22
68.66,68.66,42.89,79.74,70.91
70.09,70.09,42.55,78.48,75.37
73.56,73.56,41.09,79.90,72.82
73.18,73.18,46.35,79.67,74.30
73.51,73.51,55.24,80.19,71.85
72.16,72.16,63.40,79.24,73.11
73.25,73.25,81.71,79.14,74.98
71.77,71.77,82.83,79.10,77.27
71.39,71.39,79.95,78.27,77.37
71.43,71.43,75.67,78.29,75.30
76.59,76.59,70.75,74.42,75.71
73.16,73.16,71.89,74.38,76.41
74.00,74.00,62.19,78.05,74.12
75.29,75.29,58.52,77.76,73.09
72.33,72.33,54.50,76.08,72.83
68.05,68.05,51.15,76.90,72.97
69.51,69.51,47.88,77.77,74.53
70.41,70.41,46.39,77.76,74.97
70.89,70.89,44.85,77.36,72.94
71.71,71.71,41.83,77.71,74.12
71.66,71.66,42.29,77.61,74.78
71.95,71.95,40.31,76.98,74.87
73.30,73.30,40.48,77.05,73.65
72.25,72.25,41.34,77.53,71.72
71.72,71.72,44.78,77.04,71.14
70.55,70.55,59.04,74.74,72.65
68.57,68.57,72.78,67.68,72.68
66.26,66.26,81.50,61.57,75.30
69.86,69.86,84.43,57.24,73.94
69.47,69.47,75.66,66.28,76.33
60.91,60.91,77.59,71.07,76.12
67.48,67.48,68.33,70.94,77.06
61.15,61.15,62.37,77.04,77.78
58.31,58.31,48.23,78.61,77.12
57.14,57.14,39.87,79.58,77.30
61.75,61.75,37.14,78.93,75.12
68.91,68.91,34.35,79.68,78.94
72.51,72.51,35.18,79.70,76.71
73.24,73.24,39.69,79.25,78.87
71.69,71.69,33.85,80.49,77.48
71.16,71.16,32.03,80.44,77.89
70.84,70.84,32.11,79.44,76.12
70.20,70.20,31.11,78.76,75.52
66.12,66.12,25.88,79.78,76.19
59.00,59.00,24.81,79.63,74.81
56.94,56.94,34.69,79.71,75.84
54.96,54.96,55.18,78.34,75.17
56.43,56.43,67.92,77.15,73.43
62.28,62.28,75.43,74.01,72.14
68.87,68.87,84.46,73.24,73.47
76.99,76.99,72.50,71.08,75.73
79.95,79.95,74.14,65.87,74.28
80.25,80.25,73.42,68.42,75.55
76.43,76.43,64.90,73.44,75.27
75.63,75.63,48.81,77.14,75.66
80.28,80.28,42.88,78.02,77.24
79.81,79.81,40.33,78.39,76.48
78.37,78.37,37.30,77.91,75.66
76.99,76.99,36.09,78.81,73.73
74.65,74.65,36.89,78.49,73.69
75.32,75.32,40.62,77.81,72.66
75.33,75.33,41.93,78.95,71.35
79.31,79.31,41.70,79.35,72.28
78.22,78.22,39.33,78.74,76.51
77.80,77.80,35.63,77.52,74.98
77.97,77.97,30.94,78.34,73.68
71.90,71.90,29.34,78.27,72.55
68.29,68.29,33.01,78.88,72.35
71.99,71.99,39.23,78.52,72.12
70.39,70.39,49.60,78.90,70.60
71.44,71.44,62.00,78.89,69.81
69.87,69.87,59.11,78.01,67.95
75.66,75.66,55.83,79.17,70.87
80.85,80.85,49.07,79.35,71.89
80.67,80.67,43.72,78.69,71.99
79.94,79.94,41.88,77.42,73.43
76.79,76.79,41.57,78.61,72.88
74.22,74.22,41.04,78.55,73.71
81.25,81.25,40.34,78.89,73.89
79.90,79.90,41.85,78.29,70.24
73.68,73.68,39.53,78.70,69.69
72.96,72.96,35.05,78.47,69.84
65.17,65.17,28.70,77.46,73.56
62.33,62.33,25.35,78.38,69.88
63.59,63.59,26.25,78.99,71.52
58.61,58.61,25.69,78.81,73.23
61.50,61.50,24.58,77.06,72.16
62.99,62.99,33.17,77.96,74.78
62.09,62.09,49.94,78.58,73.79
68.10,68.10,61.07,78.52,74.71
65.53,65.53,72.15,77.49,75.70
58.65,58.65,84.53,67.09,70.97
66.34,66.34,80.63,49.10,68.17
74.16,74.16,77.76,44.47,71.39
82.18,82.18,76.74,40.21,72.50
79.38,79.38,72.54,35.39,72.41
78.02,78.02,68.42,31.27,68.78
73.62,73.62,62.81,33.44,72.22
75.03,75.03,60.62,33.93,72.32
80.97,80.97,58.29,31.13,71.90
79.14,79.14,57.72,26.23,70.65
80.09,80.09,52.52,15.85,71.80
80.54,80.54,50.63,14.13,67.82
80.68,80.68,53.35,10.62,67.31
81.87,81.87,46.84,4.52,68.71
81.51,81.51,42.99,14.70,64.44
81.36,81.36,41.12,15.26,64.23
81.97,81.97,38.28,2.55,64.24
79.67,79.67,48.67,4.39,67.01
75.09,75.09,47.37,5.52,69.37
76.01,76.01,40.04,4.91,71.96
73.79,73.79,42.91,3.57,74.02
76.86,76.86,50.02,21.73,74.57
73.91,73.91,49.10,14.05,73.32
70.61,70.61,49.01,11.38,67.36
78.35,78.35,47.26,8.19,67.38
76.40,76.40,48.12,8.18,65.35
78.29,78.29,44.62,12.44,68.93
80.96,80.96,42.05,9.42,69.04
80.15,80.15,41.72,13.67,64.82
79.11,79.11,37.44,11.88,64.46
78.29,78.29,39.10,15.28,63.02
78.15,78.15,44.92,10.95,66.52
78.96,78.96,38.78,8.17,66.49
78.92,78.92,40.66,9.72,69.37
79.49,79.49,46.68,13.94,68.55
79.83,79.83,44.16,14.92,66.20
78.85,78.85,37.86,13.26,65.61
77.50,77.50,43.51,15.21,64.22
75.27,75.27,49.53,20.93,65.36
74.51,74.51,45.79,17.06,64.61
74.51,74.51,51.09,22.61,63.49
72.70,72.70,57.13,41.18,64.70
73.70,73.70,83.96,56.31,71.76
75.84,75.84,82.85,62.90,70.83
74.34,74.34,74.88,70.40,75.09
77.21,77.21,75.52,76.79,71.72
81.57,81.57,72.43,73.74,72.99
80.78,80.78,60.25,73.90,72.14
77.46,77.46,52.15,78.53,70.73
75.51,75.51,44.83,77.16,70.49
75.18,75.18,48.60,77.28,72.95
75.29,75.29,52.44,79.86,75.00
76.04,76.04,56.45,80.80,76.50
79.08,79.08,59.14,78.17,76.03
80.84,80.84,53.17,81.23,79.09
80.85,80.85,49.57,81.11,76.85
80.43,80.43,46.50,79.84,74.93
80.06,80.06,45.59,80.97,74.41
78.42,78.42,42.90,80.99,74.95
80.24,80.24,38.14,81.71,74.04
76.99,76.99,40.73,79.60,70.14
76.15,76.15,56.86,80.76,72.50
78.06,78.06,72.62,76.86,71.33
76.21,76.21,79.32,70.20,75.97
76.54,76.54,81.07,64.45,76.22
71.55,71.55,75.93,71.75,75.31
71.57,71.57,76.30,70.01,75.74
75.28,75.28,71.48,74.48,76.16
74.31,74.31,59.63,76.15,72.35
73.58,73.58,48.89,76.72,71.05
69.52,69.52,42.36,78.42,70.16
67.80,67.80,39.59,77.32,72.28
68.80,68.80,44.64,77.85,72.99
71.73,71.73,49.27,79.81,77.43
78.47,78.47,60.74,78.83,76.18
78.04,78.04,54.11,78.26,78.57
77.46,77.46,49.97,79.41,79.10
73.55,73.55,47.74,78.91,75.19
73.72,73.72,46.31,79.91,77.50
69.56,69.56,45.27,78.30,72.14
72.32,72.32,42.22,78.88,70.70
72.97,72.97,43.55,80.23,70.85
73.93,73.93,53.31,79.05,67.35
74.72,74.72,60.96,78.52,69.04
74.72,74.72,76.41,80.19,69.65
73.47,73.47,83.42,79.65,71.22
71.18,71.18,80.58,78.19,71.60
71.25,71.25,79.00,79.80,72.99
68.45,68.45,73.93,78.28,73.71
65.97,65.97,70.99,73.79,74.09
67.02,67.02,66.86,77.05,73.72
66.37,66.37,62.13,78.16,76.19
66.67,66.67,58.31,76.79,77.22
65.15,65.15,54.42,76.04,75.83
69.63,69.63,51.51,76.94,75.98
73.68,73.68,47.50,76.99,78.75
68.17,68.17,44.89,77.16,76.00
62.64,62.64,45.66,77.97,75.73
63.60,63.60,47.79,78.56,73.51
68.64,68.64,46.78,78.57,75.51
69.81,69.81,40.48,77.78,75.45
70.86,70.86,36.88,77.80,73.74
71.54,71.54,38.51,77.28,72.14
72.52,72.52,55.27,76.24,71.37
71.79,71.79,69.41,72.56,74.00
71.55,71.55,74.21,60.59,77.11
71.26,71.26,86.69,60.42,73.60
73.94,73.94,79.85,69.42,75.12
77.80,77.80,75.90,73.03,77.40
80.90,80.90,72.02,74.59,77.47
81.22,81.22,67.19,76.23,78.95
78.92,78.92,50.59,75.67,75.78
74.19,74.19,42.58,78.60,76.51
78.28,78.28,44.32,78.81,76.53
81.68,81.68,47.38,79.20,74.17
79.30,79.30,52.50,78.86,76.01
78.29,78.29,59.81,80.31,73.61
72.16,72.16,55.48,80.58,75.06
77.53,77.53,53.51,80.91,74.14
77.41,77.41,49.83,80.20,73.85
80.44,80.44,45.80,81.02,74.74
73.99,73.99,40.61,81.41,72.76
70.65,70.65,37.54,80.73,72.62
69.41,69.41,38.23,81.69,73.56
67.01,67.01,46.50,81.26,73.28
65.61,65.61,62.87,79.29,74.38
67.57,67.57,72.36,77.02,69.53
67.47,67.47,82.65,77.02,70.56
62.11,62.11,83.03,77.54,70.17
55.49,55.49,70.91,75.54,69.01
62.18,62.18,74.48,70.75,71.06
60.40,60.40,72.61,74.70,68.23
69.21,69.21,57.65,78.29,72.28
66.34,66.34,47.22,78.74,69.07
66.46,66.46,43.45,80.00,70.83
71.42,71.42,40.51,80.25,71.11
72.21,72.21,45.04,80.64,72.41
72.65,72.65,56.18,80.34,72.81
72.96,72.96,64.13,79.77,71.92
73.07,73.07,59.11,80.63,69.43
74.54,74.54,53.96,80.79,69.13
71.59,71.59,48.59,80.36,71.10
66.20,66.20,44.40,80.55,73.11
66.30,66.30,42.82,80.92,68.46
72.23,72.23,43.51,80.06,70.84
74.65,74.65,44.32,80.48,68.38
77.26,77.26,49.24,81.32,68.24
78.21,78.21,50.67,81.16,69.24
76.25,76.25,71.37,74.98,71.48
77.06,77.06,68.78,57.05,69.81
75.48,75.48,64.00,45.78,71.39
70.75,70.75,61.01,47.38,71.63
67.77,67.77,57.42,46.05,70.88
64.45,64.45,50.82,43.03,70.64
64.98,64.98,47.34,39.03,71.53
61.66,61.66,45.01,37.72,70.86
60.16,60.16,44.17,39.48,74.13
63.39,63.39,44.92,31.96,73.11
66.06,66.06,51.07,24.50,71.25
66.56,66.56,52.44,21.28,72.52
67.68,67.68,49.16,14.07,65.58
68.35,68.35,46.80,11.98,67.83
67.13,67.13,47.00,8.39,67.08
65.79,65.79,43.50,15.47,66.67
63.53,63.53,44.20,14.39,67.08
59.41,59.41,45.64,30.26,68.32
55.48,55.48,50.04,35.51,66.14
54.50,54.50,54.56,38.99,66.78
59.79,59.79,65.31,56.87,66.77
65.29,65.29,82.55,75.56,68.51
75.62,75.62,81.58,79.70,72.48
77.25,77.25,78.51,80.49,76.49
72.15,72.15,76.16,80.18,74.44
74.92,74.92,72.33,79.12,76.87
73.39,73.39,64.47,79.62,74.48
73.23,73.23,60.86,80.41,78.14
74.71,74.71,56.97,79.94,76.81
72.30,72.30,55.49,80.30,74.23
71.85,71.85,53.73,80.60,74.05
72.03,72.03,55.46,80.51,73.49
70.78,70.78,65.80,79.88,74.82
69.40,69.40,61.96,80.76,72.96
68.65,68.65,56.33,80.78,72.88
71.41,71.41,50.28,80.78,74.25
71.25,71.25,45.90,80.93,74.15
72.60,72.60,40.50,80.83,74.29
73.96,73.96,39.65,80.70,72.45
74.42,74.42,39.71,80.86,72.84
73.09,73.09,41.40,80.76,69.99
77.44,77.44,45.91,80.77,69.42
80.12,80.12,63.01,80.14,72.27
79.96,79.96,69.30,80.87,73.68
73.96,73.96,63.93,80.23,67.76
67.14,67.14,58.18,80.50,68.14
63.02,63.02,55.71,80.42,67.27
67.95,67.95,50.70,79.72,69.77
75.22,75.22,46.39,79.78,68.37
76.89,76.89,43.75,80.22,71.48
76.15,76.15,44.01,80.24,72.49
77.10,77.10,47.81,79.42,71.19
77.81,77.81,52.04,80.04,70.24
73.21,73.21,69.38,80.16,69.46
66.18,66.18,65.98,80.25,65.99
63.94,63.94,60.76,80.45,67.42
62.50,62.50,56.95,80.04,69.34
63.51,63.51,49.15,79.96,68.13
66.90,66.90,44.65,80.35,69.49
71.45,71.45,41.01,79.43,69.66
73.70,73.70,42.50,79.55,71.02
73.36,73.36,55.27,80.38,67.69
72.20,72.20,68.82,78.40,69.49
65.08,65.08,75.07,72.76,68.83
58.66,58.66,83.95,73.73,74.00
59.76,59.76,75.83,67.99,74.52
57.90,57.90,74.93,71.14,75.97
60.02,60.02,74.22,74.38,74.66
58.46,58.46,62.78,75.29,72.33
60.32,60.32,50.55,75.63,69.80
58.95,58.95,47.64,78.86,68.75
60.11,60.11,46.06,79.26,69.51
58.71,58.71,47.13,79.60,68.88
57.26,57.26,49.83,79.12,69.63
57.54,57.54,57.17,80.58,74.85
53.47,53.47,49.61,81.35,73.79
55.59,55.59,43.85,79.41,75.95
51.89,51.89,40.63,81.33,74.95
52.24,52.24,38.96,80.36,71.55
51.69,51.69,36.11,79.58,72.21
49.44,49.44,36.39,80.22,71.49
50.74,50.74,36.85,80.24,71.51
52.47,52.47,43.00,81.16,71.68
51.90,51.90,63.46,76.63,70.24
61.06,61.06,76.64,67.35,73.50
69.67,69.67,79.14,62.48,72.82
69.56,69.56,82.39,70.39,74.25
72.59,72.59,72.98,71.09,75.26
73.61,73.61,75.59,76.55,73.46
73.63,73.63,66.57,77.67,75.41
74.70,74.70,47.88,78.24,74.46
77.18,77.18,41.69,78.91,74.75
75.19,75.19,36.07,78.76,73.50
74.98,74.98,38.67,78.80,73.90
72.69,72.69,44.06,80.65,72.83
73.27,73.27,55.95,77.00,75.54
72.80,72.80,53.60,79.29,73.42
69.88,69.88,46.51,80.52,75.17
66.78,66.78,41.11,79.54,75.26
58.03,58.03,37.17,78.79,77.11
57.77,57.77,32.99,80.33,80.70
55.32,55.32,29.21,79.71,79.27
53.78,53.78,34.60,79.91,78.83
52.10,52.10,47.85,79.41,73.58
48.72,48.72,62.40,79.69,74.79
49.87,49.87,64.40,80.23,69.71
56.02,56.02,82.99,78.38,75.05
65.26,65.26,80.51,78.84,72.42
66.57,66.57,79.30,78.62,73.99
69.16,69.16,75.88,78.20,76.87
67.55,67.55,72.07,76.02,75.21
66.47,66.47,68.30,75.31,75.90
64.95,64.95,64.12,77.86,74.70
65.30,65.30,61.08,76.75,76.28
63.35,63.35,58.80,75.65,79.09
61.19,61.19,56.43,78.70,77.54
62.54,62.54,54.35,79.14,74.77
61.96,61.96,54.06,78.36,76.88
62.77,62.77,52.61,78.08,73.70
60.33,60.33,52.19,78.08,74.88
59.91,59.91,51.05,77.45,72.54
60.85,60.85,50.06,77.09,74.58
60.69,60.69,48.32,77.28,74.85
59.85,59.85,45.18,77.79,77.58
60.62,60.62,47.02,77.08,77.04
59.47,59.47,65.37,74.64,76.35
62.40,62.40,72.81,65.11,76.43
61.54,61.54,81.74,60.11,74.39
68.46,68.46,82.75,63.55,75.99
70.90,70.90,74.97,69.81,79.45
74.07,74.07,73.73,70.79,80.67
73.75,73.75,71.75,73.66,78.55
66.38,66.38,58.96,76.51,77.39
67.65,67.65,48.68,78.75,74.84
66.79,66.79,42.52,80.33,77.02
71.52,71.52,42.84,79.60,77.18
67.64,67.64,46.50,79.88,74.48
67.16,67.16,54.30,80.18,72.84
70.26,70.26,56.87,80.52,76.80
67.52,67.52,47.47,79.87,75.99
65.25,65.25,39.28,79.21,76.86
56.87,56.87,33.66,79.88,75.61
58.90,58.90,31.58,79.65,75.60
59.81,59.81,28.04,80.24,74.92
59.26,59.26,28.24,79.63,77.18
58.38,58.38,45.90,79.46,78.08
58.81,58.81,56.87,78.72,79.14
62.18,62.18,66.22,77.15,76.86
66.08,66.08,78.98,75.75,78.21
70.81,70.81,82.44,73.32,78.36
73.55,73.55,70.14,68.34,77.66
74.02,74.02,76.27,66.97,78.23
75.52,75.52,71.73,71.37,76.76
79.65,79.65,61.62,75.62,76.22
78.57,78.57,48.13,77.55,74.08
78.43,78.43,45.68,78.10,71.64
73.56,73.56,40.86,78.41,74.64
70.95,70.95,40.58,78.24,74.69
76.42,76.42,41.84,77.78,75.45
72.47,72.47,42.77,79.09,71.67
70.50,70.50,43.88,79.61,72.21
76.05,76.05,43.19,79.27,72.91
80.06,80.06,40.47,78.39,72.88
81.12,81.12,38.41,79.15,74.01
80.25,80.25,37.99,79.31,74.86
79.93,79.93,35.93,79.06,75.56
78.57,78.57,36.14,78.75,73.25
77.64,77.64,40.00,79.14,72.30
76.50,76.50,44.48,78.88,71.94
78.55,78.55,54.32,78.02,69.55
77.97,77.97,63.03,79.48,71.12
77.50,77.50,60.68,79.52,73.88
79.68,79.68,55.16,79.02,72.94
79.37,79.37,51.44,77.88,73.80
75.88,75.88,49.23,78.88,71.64
77.25,77.25,47.85,79.23,71.29
77.42,77.42,45.35,78.99,73.83
75.13,75.13,46.06,78.79,71.07
73.76,73.76,42.41,79.01,71.68
72.81,72.81,42.43,78.74,70.24
69.41,69.41,35.81,78.22,70.79
69.07,69.07,32.87,78.99,71.44
65.52,65.52,34.52,79.60,71.72
71.20,71.20,37.26,79.26,71.21
68.90,68.90,45.99,78.17,72.09
66.12,66.12,52.20,78.85,71.16
71.76,71.76,44.43,78.56,73.84
69.57,69.57,43.53,78.51,71.65
72.83,72.83,50.13,78.57,69.99
57.17,57.17,62.92,78.88,63.97
56.92,56.92,76.21,75.16,65.00
61.71,61.71,84.54,62.35,66.03
75.29,75.29,80.05,42.18,70.24
74.47,74.47,76.26,39.73,71.51
75.44,75.44,76.59,32.82,70.05
77.27,77.27,70.44,34.23,68.62
76.01,76.01,65.14,31.48,69.73
74.57,74.57,61.02,28.87,67.85
75.51,75.51,58.81,26.63,69.32
74.86,74.86,56.41,22.61,69.31
74.78,74.78,55.44,16.02,68.50
77.76,77.76,55.91,15.16,70.59
75.30,75.30,51.87,15.23,68.99
71.55,71.55,47.20,15.53,68.16
64.66,64.66,47.53,12.91,69.03
59.17,59.17,46.98,14.23,69.76
64.24,64.24,45.03,11.74,71.52
74.13,74.13,43.50,7.91,74.08
69.28,69.28,45.29,4.15,71.96
66.02,66.02,43.66,3.89,71.88
63.43,63.43,47.40,2.19,69.84
72.42,72.42,53.08,6.12,68.68
69.41,69.41,67.11,15.54,70.42
57.90,57.90,63.12,7.89,69.59
67.77,67.77,59.69,2.57,69.87
70.92,70.92,54.21,0.44,74.26
71.89,71.89,51.42,2.93,73.84
75.39,75.39,51.27,3.62,72.05
76.15,76.15,44.98,0.86,69.98
77.71,77.71,43.81,0.38,70.73
74.19,74.19,49.62,0.90,72.63
70.17,70.17,47.17,1.10,72.62
64.68,64.68,44.77,2.69,69.94
69.22,69.22,47.75,2.63,68.14
71.77,71.77,41.96,2.73,66.42
74.64,74.64,42.00,5.23,66.24
72.01,72.01,39.23,4.73,65.29
69.10,69.10,36.47,4.24,64.42
66.86,66.86,41.92,5.17,66.46
61.23,61.23,44.29,8.48,63.45
59.69,59.69,44.78,12.18,63.22
58.99,58.99,45.81,24.39,62.60
60.64,60.64,59.17,41.07,64.26
59.29,59.29,85.12,58.35,75.35
57.79,57.79,83.49,58.49,72.22
58.50,58.50,75.88,72.95,73.66
57.38,57.38,75.98,73.68,73.71
58.54,58.54,69.52,73.86,74.76
58.95,58.95,60.56,76.74,75.79
55.64,55.64,49.88,78.49,74.41
57.94,57.94,45.64,76.96,74.51
58.39,58.39,44.13,79.88,72.90
53.82,53.82,47.27,80.48,72.65
51.85,51.85,53.62,78.25,71.97
52.84,52.84,53.37,80.05,72.73
50.27,50.27,48.69,80.56,73.92
50.36,50.36,42.46,79.52,74.75
43.71,43.71,37.94,79.56,69.18
45.95,45.95,35.00,80.63,66.85
48.06,48.06,31.45,81.12,69.11
48.16,48.16,32.14,77.95,69.66
45.97,45.97,45.09,80.68,71.02
50.62,50.62,59.71,79.40,69.94
55.51,55.51,72.89,75.46,70.90
68.16,68.16,82.50,68.45,69.74
75.13,75.13,79.83,70.51,73.78
78.77,78.77,73.74,71.32,71.11
76.78,76.78,75.94,73.13,71.72
78.97,78.97,72.36,74.69,73.92
76.59,76.59,56.81,75.07,73.14
75.45,75.45,46.26,76.01,72.85
74.65,74.65,39.46,78.01,74.89
73.83,73.83,35.95,79.41,73.83
74.02,74.02,42.60,79.29,74.15
74.80,74.80,50.00,79.08,72.95
72.64,72.64,57.08,79.16,75.12
74.25,74.25,48.81,79.78,74.11
70.14,70.14,43.98,80.03,72.33
62.47,62.47,41.85,79.62,71.12
62.12,62.12,38.40,79.70,73.95
59.27,59.27,31.18,81.34,76.58
56.29,56.29,33.07,79.69,79.33
54.33,54.33,43.43,78.62,78.26
54.10,54.10,56.89,80.42,77.77
56.65,56.65,66.75,78.35,74.78
60.06,60.06,78.54,79.05,75.34
68.25,68.25,81.89,80.02,75.96
71.36,71.36,79.98,78.31,74.66
75.00,75.00,77.60,77.52,75.06
68.78,68.78,71.04,77.63,75.02
73.25,73.25,70.75,76.45,78.32
76.32,76.32,66.11,77.17,74.41
78.37,78.37,61.02,77.72,76.42
75.57,75.57,57.09,76.06,76.12
75.10,75.10,54.97,75.95,75.18
72.86,72.86,53.25,77.09,74.09
73.91,73.91,52.59,77.25,74.38
71.85,71.85,51.60,77.13,73.44
67.99,67.99,51.40,77.92,74.13
65.93,65.93,49.79,76.78,73.10
67.79,67.79,48.55,77.01,73.17
69.24,69.24,45.76,77.28,73.29
71.45,71.45,43.55,76.56,73.11
68.83,68.83,43.65,76.76,72.61
65.84,65.84,55.72,76.20,73.18
65.73,65.73,70.84,71.39,74.95
64.36,64.36,78.66,62.92,72.57
66.80,66.80,86.03,62.78,75.93
72.40,72.40,76.65,72.68,77.37
73.95,73.95,76.88,74.35,78.26
71.31,71.31,71.45,73.50,77.49
69.04,69.04,64.58,75.29,73.28
70.03,70.03,52.70,78.09,71.62
71.66,71.66,44.47,79.11,72.10
69.18,69.18,41.44,79.90,72.58
69.66,69.66,44.74,80.43,76.11
69.04,69.04,49.42,80.66,75.84
69.49,69.49,59.56,80.93,76.39
65.81,65.81,50.59,80.87,75.89
60.40,60.40,45.07,81.35,76.16
64.00,64.00,38.46,81.08,74.61
65.67,65.67,34.30,80.44,73.56
65.26,65.26,31.02,81.63,70.94
59.10,59.10,28.64,81.65,71.97
54.26,54.26,37.52,81.15,71.88
55.58,55.58,48.16,79.38,70.83
60.37,60.37,65.28,76.97,73.43
64.26,64.26,73.02,77.90,75.63
65.08,65.08,84.63,79.39,74.97
78.22,78.22,79.56,77.96,75.76
82.51,82.51,73.45,73.99,74.15
82.66,82.66,73.37,69.36,75.48
82.96,82.96,70.81,73.62,75.37
78.77,78.77,57.06,78.20,74.00
76.81,76.81,40.95,79.84,69.67
79.04,79.04,42.05,79.85,69.23
80.06,80.06,45.21,78.75,71.09
77.17,77.17,50.23,79.59,69.59
79.21,79.21,61.27,80.43,65.60
80.42,80.42,61.79,80.76,68.31
79.63,79.63,58.54,80.28,68.69
78.86,78.86,52.56,79.98,64.41
78.92,78.92,46.90,80.49,64.79
78.61,78.61,44.01,79.73,66.30
80.37,80.37,40.91,80.76,66.96
80.43,80.43,40.50,81.13,69.18
78.83,78.83,40.87,81.03,67.42
78.31,78.31,44.90,80.46,66.02
73.17,73.17,52.22,79.79,69.16
74.16,74.16,72.37,73.25,73.75
77.60,77.60,67.34,56.95,70.98
79.56,79.56,63.62,49.92,72.82
77.35,77.35,59.64,40.98,71.88
74.03,74.03,54.08,40.25,69.65
75.68,75.68,49.92,41.69,70.87
72.49,72.49,49.04,33.51,71.60
79.79,79.79,47.63,34.66,70.27
77.09,77.09,47.50,27.91,72.63
78.12,78.12,48.69,20.70,71.77
74.33,74.33,55.23,7.70,68.30
73.82,73.82,58.44,7.39,70.56
72.10,72.10,58.60,4.47,72.07
72.40,72.40,57.05,6.26,68.09
64.14,64.14,57.69,6.98,70.16
70.02,70.02,56.05,11.80,71.82
63.84,63.84,55.64,19.25,68.94
67.13,67.13,54.04,32.99,69.99
61.68,61.68,55.77,39.56,68.55
62.23,62.23,58.15,45.63,65.55
68.54,68.54,67.17,61.40,69.08
70.91,70.91,84.55,77.36,71.70
63.19,63.19,80.99,78.43,71.79
68.66,68.66,77.74,80.16,74.56
77.32,77.32,75.65,79.61,74.61
75.85,75.85,70.96,78.45,74.12
79.49,79.49,66.80,79.74,74.59
78.81,78.81,61.80,80.12,72.95
78.15,78.15,58.64,79.15,74.87
79.62,79.62,54.30,78.63,73.32
74.53,74.53,54.42,80.06,75.21
77.80,77.80,59.33,80.30,75.67
76.41,76.41,65.80,80.28,74.67
70.28,70.28,60.57,80.61,76.34
73.69,73.69,56.13,81.28,75.91
74.52,74.52,51.21,81.56,74.41
79.38,79.38,45.85,81.36,77.50
76.90,76.90,44.53,81.11,73.83
77.40,77.40,42.39,80.86,72.18
76.69,76.69,42.21,80.83,71.88
76.27,76.27,45.38,80.57,72.28
79.43,79.43,47.63,80.42,75.72
79.03,79.03,66.39,80.10,73.90
76.99,76.99,67.57,80.07,73.30
77.23,77.23,62.10,80.01,73.70
75.80,75.80,59.12,80.29,70.15
76.26,76.26,53.98,80.32,73.14
71.83,71.83,45.38,80.16,71.68
68.81,68.81,42.29,79.94,75.94
72.77,72.77,38.47,80.51,76.62
74.24,74.24,40.69,80.49,75.65
75.02,75.02,43.59,79.91,73.24
74.04,74.04,52.14,79.61,70.95
74.83,74.83,68.48,78.96,72.65
72.25,72.25,65.20,80.11,76.42
72.82,72.82,60.95,79.81,76.67
66.93,66.93,56.22,79.15,72.79
60.09,60.09,50.20,79.54,70.27
65.82,65.82,44.60,79.76,68.93
71.28,71.28,38.82,79.94,70.37
70.86,70.86,43.53,79.70,70.48
70.86,70.86,58.03,79.61,71.57
71.89,71.89,70.67,76.93,73.51
70.75,70.75,79.11,73.34,74.78
71.17,71.17,82.10,72.63,74.94
65.25,65.25,74.49,69.68,74.71
63.59,63.59,74.52,71.17,75.52
64.32,64.32,71.13,75.03,73.97
62.77,62.77,60.85,74.85,73.99
61.61,61.61,53.98,77.46,75.68
60.67,60.67,48.62,77.83,77.10
59.12,59.12,49.63,79.70,78.12
54.85,54.85,50.22,78.56,77.14
51.88,51.88,52.60,80.83,76.84
54.16,54.16,59.51,79.76,76.38
49.36,49.36,53.38,79.39,74.77
52.40,52.40,48.59,81.17,75.77
51.20,51.20,43.25,80.04,74.53
55.03,55.03,39.18,81.53,74.13
46.52,46.52,35.12,80.17,73.36
47.19,47.19,33.66,80.37,72.77
48.37,48.37,35.60,81.25,73.35
49.87,49.87,50.20,79.48,74.05
55.75,55.75,69.13,78.20,75.06
63.63,63.63,77.55,65.69,76.25
70.26,70.26,82.14,65.84,76.09
65.12,65.12,79.81,71.49,77.18
70.20,70.20,72.90,71.85,74.21
72.03,72.03,74.45,75.36,74.87
73.16,73.16,63.15,76.22,75.39
72.63,72.63,52.90,78.21,72.10
73.20,73.20,47.10,77.43,71.55
71.08,71.08,41.64,79.17,75.51
74.19,74.19,46.33,78.00,71.35
73.52,73.52,51.50,78.41,71.56
74.29,74.29,60.71,79.91,75.13
72.53,72.53,53.38,79.14,71.64
69.34,69.34,48.01,78.29,72.27
65.81,65.81,43.73,80.04,72.16
64.82,64.82,38.22,79.38,71.94
64.29,64.29,33.66,79.83,72.07
62.02,62.02,30.78,79.13,70.21
65.67,65.67,31.90,79.90,71.46
64.39,64.39,42.99,80.94,73.13
73.65,73.65,63.33,79.04,71.07
72.71,72.71,68.37,78.96,72.39
74.78,74.78,82.65,79.21,72.55
72.65,72.65,80.79,77.69,73.73
70.03,70.03,79.25,78.23,74.48
71.31,71.31,72.56,76.59,73.25
71.16,71.16,71.24,74.39,73.75
72.40,72.40,65.66,78.07,74.09
71.39,71.39,57.77,79.29,75.02
68.91,68.91,56.89,76.70,74.81
63.12,63.12,53.61,76.49,74.48
58.42,58.42,49.42,77.62,73.77
57.19,57.19,50.95,77.17,75.44
62.75,62.75,51.23,76.91,74.06
63.80,63.80,49.21,77.38,77.63
69.13,69.13,47.21,77.44,72.63
73.25,73.25,44.77,77.56,75.27
74.14,74.14,41.15,77.79,75.09
74.04,74.04,39.14,77.62,73.83
77.09,77.09,37.74,77.06,75.25
77.91,77.91,49.43,76.42,72.68
79.64,79.64,66.62,73.79,72.15
78.81,78.81,73.84,63.18,73.63
77.25,77.25,82.92,58.35,72.80
75.39,75.39,81.85,62.05,76.08
71.93,71.93,75.80,69.80,77.93
71.70,71.70,71.31,72.63,77.38
71.68,71.68,73.02,75.33,76.01
71.10,71.10,56.48,76.81,78.71
69.12,69.12,40.69,77.81,77.10
71.12,71.12,38.02,78.50,76.02
69.61,69.61,39.00,79.59,77.57
69.20,69.20,44.95,80.10,80.29
69.68,69.68,53.08,79.70,79.73
68.91,68.91,51.69,79.14,78.08
67.10,67.10,47.61,79.65,79.70
69.58,69.58,40.61,79.44,77.32
69.32,69.32,35.16,79.91,76.89
73.94,73.94,31.28,79.84,76.80
69.40,69.40,29.80,80.01,78.03
65.71,65.71,33.88,78.72,75.43
66.66,66.66,46.76,78.68,75.07
58.86,58.86,57.87,79.12,72.65
64.35,64.35,69.61,78.09,73.51
65.29,65.29,82.65,74.79,75.85
71.17,71.17,82.01,73.97,74.08
74.98,74.98,64.03,67.04,73.97
78.16,78.16,74.58,68.48,76.91
78.34,78.34,73.15,67.09,74.95
80.21,80.21,55.87,74.08,72.16
77.24,77.24,48.53,77.85,70.78
78.24,78.24,41.70,78.05,73.28
78.93,78.93,39.74,77.71,74.36
78.00,78.00,34.04,79.05,73.49
75.54,75.54,35.65,79.45,73.64
79.88,79.88,36.65,79.01,71.24
79.00,79.00,35.82,78.03,72.52
78.94,78.94,34.32,79.27,69.60
78.92,78.92,33.79,79.16,70.86
78.98,78.98,33.63,79.01,71.99
76.83,76.83,32.12,78.98,72.12
73.98,73.98,29.55,79.30,71.65
70.79,70.79,29.25,78.80,71.98
65.93,65.93,34.18,77.88,74.25
71.45,71.45,45.56,79.25,73.91
73.08,73.08,58.26,79.67,71.86
74.61,74.61,62.60,79.25,71.83
75.25,75.25,58.50,78.21,72.01
74.32,74.32,54.43,79.11,69.74
74.78,74.78,48.74,79.24,71.53
77.12,77.12,41.90,78.88,70.71
79.44,79.44,34.51,78.89,72.02
72.83,72.83,26.84,79.36,71.89
67.56,67.56,29.91,79.10,67.01
73.82,73.82,36.53,78.16,72.24
74.08,74.08,38.21,79.29,71.91
73.01,73.01,39.05,79.56,71.70
71.96,71.96,36.75,78.92,71.96
66.84,66.84,32.02,77.92,72.82
72.97,72.97,30.89,79.22,73.07
76.76,76.76,35.01,79.46,73.91
81.14,81.14,35.46,78.67,74.12
78.98,78.98,35.42,78.25,71.07
79.96,79.96,43.96,79.11,70.64
81.35,81.35,56.13,79.03,69.82
83.27,83.27,70.02,77.45,72.06
84.06,84.06,76.40,76.00,73.24
82.90,82.90,82.70,57.27,70.16
82.04,82.04,78.76,48.38,70.50
80.79,80.79,77.93,39.95,72.03
75.24,75.24,76.59,33.69,69.97
68.38,68.38,70.15,42.36,69.95
72.33,72.33,68.39,37.30,72.64
73.17,73.17,63.15,26.86,70.36
71.87,71.87,59.26,22.00,72.65
72.98,72.98,48.38,15.41,70.89
71.15,71.15,47.60,15.91,71.79
71.00,71.00,50.84,13.59,72.23
69.63,69.63,43.71,15.36,71.35
69.19,69.19,33.61,4.81,74.30
72.26,72.26,38.17,5.10,75.10
71.47,71.47,36.58,4.15,70.82
72.32,72.32,38.45,7.24,73.86
72.07,72.07,39.05,3.40,70.69
70.36,70.36,38.32,3.73,70.47
70.26,70.26,35.38,8.51,73.39
68.48,68.48,41.50,6.24,71.52
68.22,68.22,43.45,9.26,70.80
69.52,69.52,48.78,17.22,70.99
67.35,67.35,48.66,0.41,71.27
74.40,74.40,51.22,2.28,68.92
78.29,78.29,48.28,0.49,69.85
77.99,77.99,46.86,7.25,71.18
77.44,77.44,42.42,1.29,68.46
77.56,77.56,42.86,7.33,69.69
80.17,80.17,39.65,5.37,67.05
78.83,78.83,42.47,8.20,67.55
77.74,77.74,44.28,6.94,68.78
77.39,77.39,44.20,1.09,68.99
77.50,77.50,48.94,1.53,66.16
75.02,75.02,44.26,0.83,67.55
72.66,72.66,45.39,0.79,64.62
71.86,71.86,47.43,4.82,64.82
70.70,70.70,45.42,10.16,62.55
70.16,70.16,45.41,12.46,60.84
69.40,69.40,43.82,13.29,61.12
64.19,64.19,45.86,14.26,61.17
64.44,64.44,57.41,24.24,62.83
68.84,68.84,67.43,44.42,67.42
69.00,69.00,85.05,61.34,71.07
66.25,66.25,81.44,65.76,73.34
65.57,65.57,76.56,70.02,76.32
64.48,64.48,77.60,73.52,78.23
63.32,63.32,67.63,75.90,76.61
67.38,67.38,49.66,78.62,73.69
63.07,63.07,43.20,76.71,71.76
58.50,58.50,42.13,78.66,70.86
58.43,58.43,44.37,80.14,71.26
57.95,57.95,50.48,78.92,72.98
62.24,62.24,58.06,79.64,73.20
64.61,64.61,54.62,80.37,73.02
65.47,65.47,49.40,80.60,72.30
69.02,69.02,44.95,77.17,70.81
73.78,73.78,46.22,80.86,70.61
75.09,75.09,44.48,80.17,69.87
75.35,75.35,41.56,78.05,67.12
76.54,76.54,40.63,80.78,68.92
76.60,76.60,47.52,79.78,68.01
73.32,73.32,59.90,79.12,68.35
73.95,73.95,73.51,73.90,68.54
72.12,72.12,83.05,68.60,75.22
73.87,73.87,83.74,70.74,72.69
76.52,76.52,71.87,71.04,74.02
74.74,74.74,74.26,71.81,72.74
75.60,75.60,71.07,74.95,74.69
75.91,75.91,51.17,76.02,74.18
72.13,72.13,49.03,78.05,73.40
72.08,72.08,41.30,76.62,70.81
74.23,74.23,39.44,76.95,74.12
76.14,76.14,44.14,79.74,71.49
80.55,80.55,46.54,79.04,73.74
80.10,80.10,46.16,79.26,74.94
77.03,77.03,42.32,78.84,74.55
73.85,73.85,38.45,79.44,76.94
71.76,71.76,33.83,80.33,76.90
74.23,74.23,32.04,79.13,79.42
70.99,70.99,30.83,79.12,80.09
66.84,66.84,33.08,80.13,81.64
65.28,65.28,47.27,79.49,79.44
63.42,63.42,56.30,79.13,74.20
63.04,63.04,63.86,79.79,69.47
64.08,64.08,81.01,79.61,74.29
66.78,66.78,81.95,79.11,74.02
74.22,74.22,79.32,79.28,78.91
79.70,79.70,76.65,78.71,79.21
80.61,80.61,72.31,77.63,81.63
79.18,79.18,69.98,74.89,77.38
79.95,79.95,63.44,77.83,77.96
79.72,79.72,56.89,78.32,75.53
78.74,78.74,54.76,75.96,75.62
75.61,75.61,53.26,76.38,74.83
76.53,76.53,51.20,78.42,74.34
80.85,80.85,47.78,77.64,74.11
80.52,80.52,45.76,76.59,74.74
80.84,80.84,43.63,76.80,74.64
76.75,76.75,41.25,76.94,74.32
77.40,77.40,37.96,76.47,75.03
72.53,72.53,34.12,76.48,77.51
72.57,72.57,34.46,77.10,77.98
73.68,73.68,37.09,77.06,80.05
70.16,70.16,59.67,75.51,77.35
65.22,65.22,72.57,66.73,74.55
68.29,68.29,80.68,62.66,75.48
70.25,70.25,85.00,62.42,75.45
70.14,70.14,75.15,74.73,75.93
71.71,71.71,77.44,75.65,75.81
66.90,66.90,69.74,75.91,74.37
61.25,61.25,63.24,76.06,75.12
60.10,60.10,51.92,76.73,76.83
64.76,64.76,42.59,79.77,80.01
66.01,66.01,37.44,79.91,79.77
69.39,69.39,41.52,79.98,79.34
74.40,74.40,48.63,80.51,75.39
74.80,74.80,57.96,81.17,73.43
73.37,73.37,51.51,81.05,71.03
71.22,71.22,47.40,80.79,74.61
73.14,73.14,45.09,81.94,75.53
71.98,71.98,43.88,81.86,74.43
73.75,73.75,41.29,81.76,72.85
75.14,75.14,41.52,80.50,72.95
75.62,75.62,43.73,81.59,71.39
74.88,74.88,55.90,80.89,70.68
75.25,75.25,65.84,79.42,68.12
76.66,76.66,76.86,79.29,71.12
78.31,78.31,83.95,79.05,70.83
80.12,80.12,75.92,76.52,70.42
79.40,79.40,75.39,72.31,69.98
77.88,77.88,73.00,72.70,70.91
68.29,68.29,66.99,77.19,71.61
63.24,63.24,55.06,79.50,72.22
64.86,64.86,48.36,79.16,71.80
65.82,65.82,41.48,80.20,70.87
71.97,71.97,41.36,80.39,70.63
73.97,73.97,45.10,80.30,70.38
74.83,74.83,62.72,80.45,72.99
69.98,69.98,62.89,80.63,72.04
70.08,70.08,57.07,80.72,70.02
68.41,68.41,49.66,79.90,70.17
67.21,67.21,41.99,81.16,73.65
64.13,64.13,38.24,81.53,68.97
63.78,63.78,34.70,81.36,69.83
60.81,60.81,33.34,80.53,70.50
68.38,68.38,35.41,80.21,69.10
62.42,62.42,39.19,81.02,69.61
69.96,69.96,54.57,80.98,71.40
76.97,76.97,70.82,69.13,71.01
75.99,75.99,66.61,48.04,69.98
74.46,74.46,62.60,48.83,69.96
77.86,77.86,58.97,43.32,68.16
79.03,79.03,52.92,42.99,71.19
77.85,77.85,47.53,41.15,71.08
78.20,78.20,43.78,39.39,69.33
76.07,76.07,45.07,35.70,69.02
73.75,73.75,45.81,26.29,72.80
72.06,72.06,49.83,8.88,67.24
72.55,72.55,57.67,7.47,69.82
74.83,74.83,59.85,9.44,70.20
74.06,74.06,58.82,5.52,72.49
75.12,75.12,58.05,3.76,70.17
73.61,73.61,57.74,1.88,68.38
70.92,70.92,57.94,6.28,66.92
71.59,71.59,56.41,21.93,70.33
70.03,70.03,55.73,31.45,68.64
70.92,70.92,57.49,34.99,63.50
76.29,76.29,62.64,44.63,66.24
74.50,74.50,69.72,66.17,65.75
72.92,72.92,84.93,78.14,69.83
72.07,72.07,79.01,79.10,72.22
72.03,72.03,76.56,81.33,71.60
71.45,71.45,75.17,80.70,72.09
67.60,67.60,69.13,79.10,72.30
70.51,70.51,64.19,79.73,73.97
66.02,66.02,57.91,80.50,71.27
66.91,66.91,55.81,79.35,72.82
68.93,68.93,55.20,80.29,70.89
69.30,69.30,52.99,79.85,74.27
68.15,68.15,60.95,79.70,73.01
72.29,72.29,65.59,81.16,74.23
76.64,76.64,61.25,81.32,78.30
74.44,74.44,57.65,81.33,76.99
77.34,77.34,51.33,80.89,75.54
74.44,74.44,48.17,81.18,71.93
74.98,74.98,44.10,81.04,74.72
75.45,75.45,42.80,80.97,72.86
76.30,76.30,43.27,80.87,71.65
74.85,74.85,45.03,81.14,74.15
74.18,74.18,48.38,81.13,73.62
68.46,68.46,70.29,80.78,72.67
64.35,64.35,67.40,81.02,73.53
68.36,68.36,62.70,80.35,75.06
71.03,71.03,57.94,80.44,76.31
69.94,69.94,51.58,80.58,75.46
66.49,66.49,44.94,80.03,75.34
64.22,64.22,40.08,80.25,75.14
64.28,64.28,38.28,80.20,74.57
60.98,60.98,41.92,79.93,73.18
64.53,64.53,44.97,79.93,72.18
64.52,64.52,55.76,80.28,73.88
58.82,58.82,68.33,79.63,73.79
54.54,54.54,64.02,80.26,75.47
60.44,60.44,59.64,80.16,76.18
54.62,54.62,54.72,79.86,72.94
50.92,50.92,48.63,80.06,70.36
50.28,50.28,44.04,79.79,71.35
53.25,53.25,41.11,79.37,71.80
51.06,51.06,42.87,79.45,74.66
52.37,52.37,58.90,79.40,74.43
51.36,51.36,70.40,77.30,69.92
56.20,56.20,81.26,74.78,75.96
54.22,54.22,80.31,71.96,71.58
55.13,55.13,74.73,70.07,75.57
49.02,49.02,74.96,74.25,76.61
49.64,49.64,68.66,74.74,75.91
48.37,48.37,58.98,75.90,69.72
50.81,50.81,52.28,78.58,73.47
51.78,51.78,51.12,79.28,71.57
54.07,54.07,50.78,77.12,73.91
51.20,51.20,52.58,79.73,72.41
52.87,52.87,55.39,79.42,71.64
57.32,57.32,60.51,77.51,75.76
50.92,50.92,53.35,79.08,75.26
51.66,51.66,49.42,80.38,76.71
46.02,46.02,43.76,80.87,75.38
46.84,46.84,39.54,78.98,73.43
48.46,48.46,36.41,81.64,74.74
47.47,47.47,34.73,80.70,73.06
49.52,49.52,36.44,79.71,72.40
51.27,51.27,50.35,81.01,71.63
54.40,54.40,69.34,77.23,72.67
53.55,53.55,79.52,68.09,75.03
51.84,51.84,81.98,66.18,72.05
43.32,43.32,77.19,72.07,75.39
44.12,44.12,74.45,72.20,81.17
44.87,44.87,72.14,76.86,77.82
38.47,38.47,58.61,78.01,77.46
41.71,41.71,49.33,79.05,79.45
42.69,42.69,44.16,78.07,80.01
42.16,42.16,40.48,79.60,77.94
43.07,43.07,42.24,80.26,75.32
42.39,42.39,46.29,79.75,75.60
46.87,46.87,59.03,78.83,76.80
53.53,53.53,49.05,80.16,77.40
50.50,50.50,42.35,79.93,75.99
41.68,41.68,37.23,79.56,75.70
38.73,38.73,33.78,79.91,75.30
44.45,44.45,28.00,78.21,78.45
43.71,43.71,27.64,80.02,79.06
39.66,39.66,40.24,76.87,77.86
45.42,45.42,52.68,78.94,75.68
43.21,43.21,67.85,80.43,73.17
52.27,52.27,70.78,79.19,72.47
52.37,52.37,82.81,77.79,73.61
61.78,61.78,79.25,79.61,74.62
66.12,66.12,78.17,76.44,75.91
66.20,66.20,72.41,76.90,74.85
64.44,64.44,69.55,75.93,78.23
65.77,65.77,67.03,77.16,81.82
67.25,67.25,62.88,78.11,81.95
66.27,66.27,59.24,75.14,80.84
66.61,66.61,57.81,74.62,78.27
69.06,69.06,56.22,77.36,75.33
69.77,69.77,54.63,77.83,76.68
69.92,69.92,53.79,74.73,76.29
68.41,68.41,52.32,74.07,72.93
69.26,69.26,50.94,74.32,76.32
68.09,68.09,49.72,73.54,74.04
68.60,68.60,49.22,73.45,77.03
68.95,68.95,44.60,73.78,76.53
68.65,68.65,42.70,76.67,73.51
67.94,67.94,46.41,76.47,75.19
66.50,66.50,68.43,73.24,76.82
64.27,64.27,73.43,61.30,76.47
64.54,64.54,85.09,57.07,73.94
67.70,67.70,80.28,62.70,77.64
72.09,72.09,77.10,69.20,79.26
73.22,73.22,71.24,69.83,76.86
74.04,74.04,69.47,75.34,77.21
73.30,73.30,53.51,78.55,76.42
73.15,73.15,42.26,79.79,78.45
73.76,73.76,34.89,80.10,76.72
75.38,75.38,40.55,78.99,78.94
74.28,74.28,47.10,79.70,76.23
72.77,72.77,55.94,80.13,78.86
70.54,70.54,49.30,79.90,77.53
67.03,67.03,43.83,80.22,77.44
68.44,68.44,36.32,79.71,77.13
60.02,60.02,32.22,80.29,78.61
53.80,53.80,29.04,79.95,77.55
59.46,59.46,26.83,79.75,76.90
52.04,52.04,34.45,80.42,76.65
49.92,49.92,46.90,80.24,73.62
53.47,53.47,59.48,78.07,76.79
61.86,61.86,69.64,75.94,76.20
70.04,70.04,81.65,73.31,77.20
76.64,76.64,83.52,72.77,75.89
73.74,73.74,66.00,68.37,75.33
73.11,73.11,73.00,69.08,74.27
74.20,74.20,72.56,72.79,73.88
77.64,77.64,58.53,76.39,73.58
80.58,80.58,44.10,77.35,73.89
80.54,80.54,38.72,78.83,72.09
75.64,75.64,40.94,79.09,72.23
73.48,73.48,42.10,78.15,71.84
77.28,77.28,42.48,78.12,72.95
75.40,75.40,44.38,78.85,69.75
77.09,77.09,43.31,78.64,72.23
78.82,78.82,40.98,78.48,74.89
79.06,79.06,38.31,78.72,75.15
76.98,76.98,36.83,78.99,73.89
76.70,76.70,37.00,78.74,73.22
77.07,77.07,34.37,77.87,74.01
76.43,76.43,35.18,79.12,70.90
75.06,75.06,39.82,79.21,68.66
67.11,67.11,41.38,78.73,66.75
69.37,69.37,61.07,77.92,67.73
69.80,69.80,61.49,79.24,73.05
72.47,72.47,57.72,78.84,71.48
73.95,73.95,55.25,78.97,69.49
73.61,73.61,51.50,78.57,71.44
73.98,73.98,48.15,79.00,69.09
72.87,72.87,49.82,78.63,69.24
68.22,68.22,50.67,77.96,71.26
74.08,74.08,50.16,79.10,70.62
71.39,71.39,46.72,79.28,72.50
70.44,70.44,44.20,78.87,71.82
64.97,64.97,40.50,77.61,72.30
65.03,65.03,38.25,78.45,71.41
65.46,65.46,39.54,78.08,71.38
64.44,64.44,38.45,78.64,68.71
64.46,64.46,37.29,78.74,69.01
62.54,62.54,41.16,78.77,68.86
56.43,56.43,38.00,78.09,71.10
57.82,57.82,44.16,77.89,70.16
52.36,52.36,56.37,78.94,67.62
57.02,57.02,71.26,78.44,68.29
70.04,70.04,79.83,74.63,70.23
68.41,68.41,82.46,53.71,70.81
72.66,72.66,78.52,46.21,71.60
75.53,75.53,77.94,43.32,70.21
75.70,75.70,74.33,41.67,68.22
74.80,74.80,70.03,38.25,67.29
76.63,76.63,65.37,34.85,68.01
76.57,76.57,61.57,33.94,69.83
68.54,68.54,57.22,26.54,67.00
68.67,68.67,55.73,19.20,66.43
76.65,76.65,52.88,21.97,67.99
78.61,78.61,50.88,21.79,67.05
77.83,77.83,51.29,20.78,67.19
74.98,74.98,47.24,15.47,68.97
68.99,68.99,45.75,9.82,68.28
74.03,74.03,44.39,4.98,69.46
72.59,72.59,42.99,5.00,67.31
69.05,69.05,41.55,3.26,66.23
72.10,72.10,42.08,1.49,65.64
72.11,72.11,43.48,1.19,66.55
69.92,69.92,47.20,2.29,68.75
75.45,75.45,57.72,17.61,67.22
78.79,78.79,65.64,15.98,68.34
79.29,79.29,62.39,10.34,68.62
78.99,78.99,57.81,5.58,68.20
78.35,78.35,53.11,2.76,68.87
79.49,79.49,47.77,9.91,69.21
79.45,79.45,42.41,7.83,70.69
75.26,75.26,41.88,9.21,69.17
71.30,71.30,41.00,11.14,69.14
76.13,76.13,39.38,9.10,71.11
77.57,77.57,41.62,6.23,67.82
74.88,74.88,37.73,0.69,67.58
70.15,70.15,40.33,0.61,68.35
77.30,77.30,45.54,3.61,70.05
78.07,78.07,45.16,5.68,70.52
75.82,75.82,38.03,6.51,70.08
74.75,74.75,45.47,6.61,69.69
70.53,70.53,47.83,6.53,68.83
69.04,69.04,44.24,10.40,65.97
69.27,69.27,46.33,14.58,63.96
68.38,68.38,53.78,32.37,65.05
60.53,60.53,69.69,46.78,70.37
56.69,56.69,85.83,62.30,71.31
64.27,64.27,76.80,63.81,73.97
67.70,67.70,77.33,70.95,74.63
65.76,65.76,75.64,71.35,74.07
56.85,56.85,66.27,75.30,73.00
61.59,61.59,56.24,73.83,73.54
63.81,63.81,51.48,78.42,75.11
59.72,59.72,48.63,79.17,75.80
55.03,55.03,50.69,79.68,75.89
53.98,53.98,51.96,79.45,75.16
56.34,56.34,57.23,80.39,73.43
49.82,49.82,50.76,81.44,73.94
52.46,52.46,44.89,79.77,72.74
47.07,47.07,41.55,81.78,73.85
53.17,53.17,38.74,80.90,73.52
53.74,53.74,35.02,80.92,75.35
51.44,51.44,31.69,81.63,75.28
52.23,52.23,36.45,80.67,75.94
52.67,52.67,46.87,81.83,76.01
57.39,57.39,63.57,79.28,71.90
63.36,63.36,76.84,73.18,68.26
62.42,62.42,81.94,67.12,73.45
67.45,67.45,83.62,71.30,70.54
74.75,74.75,72.12,69.90,76.24
73.49,73.49,75.57,72.47,77.28
76.11,76.11,69.50,76.47,76.40
78.41,78.41,53.64,75.02,75.11
78.34,78.34,51.78,75.52,73.82
76.52,76.52,43.31,78.24,71.69
75.47,75.47,45.32,77.11,74.53
77.59,77.59,48.80,78.30,76.84
76.98,76.98,56.10,79.54,76.93
79.75,79.75,52.32,78.71,74.15
80.08,80.08,47.93,80.42,73.88
79.81,79.81,42.66,79.33,71.48
79.14,79.14,38.73,79.75,71.24
81.16,81.16,35.35,81.10,71.41
79.44,79.44,34.25,80.07,70.40
76.76,76.76,35.73,78.96,69.35
70.85,70.85,47.50,80.74,71.31
69.03,69.03,57.53,79.79,71.39
69.34,69.34,65.96,79.52,72.05
71.59,71.59,83.80,78.95,71.67
75.81,75.81,81.96,79.37,72.38
73.33,73.33,80.40,76.44,74.00
76.88,76.88,74.56,79.01,74.22
77.86,77.86,72.35,76.90,75.66
78.31,78.31,68.40,75.81,75.07
79.13,79.13,63.18,77.94,76.28
79.84,79.84,58.88,76.73,75.44
80.14,80.14,52.95,75.61,76.41
81.46,81.46,52.19,76.84,74.81
81.49,81.49,46.77,76.61,73.73
81.59,81.59,45.07,75.71,72.37
76.28,76.28,41.16,76.49,73.87
75.61,75.61,40.98,77.16,73.81
76.25,76.25,41.75,76.45,72.95
75.20,75.20,41.15,76.87,72.76
73.97,73.97,39.26,77.70,74.54
74.15,74.15,40.04,76.85,73.11
75.52,75.52,45.02,76.37,72.82
74.38,74.38,65.01,74.28,73.04
77.55,77.55,73.03,62.85,71.36
72.00,72.00,83.44,60.69,73.40
72.58,72.58,85.07,63.29,69.47
74.75,74.75,75.60,72.55,71.26
77.40,77.40,72.70,73.19,72.23
80.71,80.71,70.34,75.39,70.88
83.84,83.84,61.97,76.50,67.64
84.97,84.97,49.10,76.48,66.28
80.51,80.51,45.39,79.27,70.18
75.30,75.30,41.80,79.58,70.74
76.29,76.29,42.88,80.87,70.75
79.85,79.85,49.03,80.56,70.08
82.04,82.04,50.59,81.12,75.68
81.84,81.84,43.36,81.66,72.30
79.86,79.86,39.41,81.62,69.93
77.44,77.44,36.67,81.09,72.31
77.78,77.78,35.29,80.16,70.48
74.87,74.87,34.08,81.64,70.62
70.32,70.32,34.67,81.54,69.73
69.28,69.28,40.95,81.37,68.51
69.66,69.66,56.22,79.94,69.39
70.12,70.12,69.61,77.75,69.04
72.86,72.86,78.93,76.65,70.85
74.29,74.29,84.88,76.62,69.96
76.25,76.25,72.35,76.48,68.44
70.16,70.16,75.24,73.08,71.66
76.67,76.67,73.84,71.22,72.95
80.50,80.50,66.40,72.78,71.60
83.91,83.91,56.96,77.57,70.87
82.72,82.72,40.90,79.39,67.25
79.80,79.80,45.50,80.26,70.44
76.35,76.35,47.30,79.15,68.24
69.05,69.05,51.28,80.07,67.73
71.73,71.73,63.18,80.30,69.38
77.21,77.21,61.33,79.65,68.66
77.78,77.78,56.90,80.57,67.72
72.06,72.06,51.36,80.83,69.08
71.83,71.83,45.09,80.89,69.36
76.68,76.68,39.19,79.74,70.14
79.29,79.29,34.46,80.56,69.18
77.47,77.47,36.37,80.72,69.05
79.95,79.95,42.44,80.97,67.50
77.78,77.78,48.57,80.87,69.73
78.81,78.81,61.95,79.18,68.77
77.82,77.82,69.80,66.12,68.15
77.63,77.63,65.50,55.12,68.46
75.27,75.27,60.88,47.49,66.91
68.64,68.64,56.69,44.61,67.41
73.92,73.92,50.06,36.96,69.08
74.72,74.72,43.19,39.43,70.56
73.95,73.95,39.82,36.24,70.05
75.27,75.27,41.89,38.97,67.46
71.75,71.75,47.44,37.61,68.91
71.54,71.54,52.49,29.67,68.14
73.18,73.18,59.05,24.40,70.75
74.15,74.15,60.15,13.49,68.14
71.74,71.74,59.50,11.18,67.86
72.56,72.56,58.19,14.09,69.25
74.60,74.60,57.91,14.17,68.91
75.25,75.25,58.02,15.22,69.43
70.15,70.15,57.19,25.07,69.57
67.25,67.25,55.52,34.45,67.77
69.65,69.65,57.67,44.34,69.44
67.56,67.56,60.88,52.81,65.53
70.21,70.21,72.25,66.88,66.17
70.55,70.55,84.41,81.68,69.55
72.08,72.08,78.71,79.23,75.20
71.53,71.53,78.38,80.33,76.09
67.08,67.08,74.57,79.35,74.26
69.70,69.70,69.24,79.32,75.77
75.72,75.72,65.52,80.55,75.29
76.56,76.56,61.16,79.72,77.15
80.34,80.34,56.53,79.10,75.18
79.22,79.22,54.92,79.04,72.75
66.46,66.46,53.84,79.91,74.13
61.60,61.60,62.66,81.11,73.87
69.92,69.92,64.00,80.31,76.56
78.42,78.42,59.95,80.73,72.28
76.49,76.49,55.69,81.17,75.03
79.42,79.42,49.95,80.74,74.16
78.07,78.07,47.90,80.79,76.19
77.41,77.41,45.66,80.82,76.70
76.03,76.03,45.46,81.13,75.32
71.65,71.65,46.49,81.36,72.41
74.32,74.32,48.28,81.03,74.26
78.01,78.01,54.45,80.69,72.81
78.74,78.74,69.36,80.63,75.71
72.41,72.41,65.57,80.52,75.75
76.03,76.03,61.98,80.03,76.67
68.20,68.20,56.91,80.67,74.27
69.05,69.05,52.19,80.89,74.52
63.50,63.50,48.27,80.69,74.35
70.88,70.88,45.51,80.29,73.69
68.05,68.05,46.82,80.28,73.64
67.98,67.98,48.39,80.39,72.40
72.69,72.69,51.04,79.87,71.14
70.95,70.95,62.42,79.76,72.67
66.76,66.76,67.53,79.79,74.08
73.50,73.50,64.09,80.02,73.90
76.85,76.85,59.49,79.95,72.14
75.29,75.29,55.60,79.72,69.63
73.47,73.47,50.29,79.74,69.50
71.28,71.28,45.47,79.96,67.50
71.40,71.40,42.52,80.05,68.68
75.88,75.88,46.83,80.17,68.54
78.44,78.44,62.44,78.66,67.80
79.78,79.78,72.61,76.91,68.53
78.06,78.06,82.55,73.66,77.34
72.37,72.37,81.50,68.97,77.37
68.39,68.39,72.53,66.01,78.20
66.41,66.41,73.25,75.71,78.12
63.77,63.77,69.46,74.55,79.26
56.77,56.77,55.80,77.55,77.78
53.13,53.13,46.16,78.25,79.01
51.50,51.50,41.28,77.39,77.58
53.84,53.84,36.42,79.61,79.67
53.67,53.67,37.33,78.90,77.16
56.51,56.51,44.35,80.72,78.13
57.12,57.12,41.54,79.02,77.80
60.94,60.94,32.10,80.58,76.39
70.25,70.25,31.04,80.62,77.49
73.62,73.62,29.51,79.97,74.48
77.46,77.46,29.37,81.56,73.88
74.92,74.92,28.20,80.10,76.71
76.55,76.55,27.54,81.34,75.45
77.13,77.13,39.15,80.89,76.03
77.64,77.64,57.98,79.66,77.39
76.79,76.79,72.80,76.62,77.64
78.65,78.65,80.77,63.31,77.23
76.12,76.12,80.53,65.80,77.37
78.23,78.23,76.04,72.23,77.25
81.39,81.39,74.79,71.70,79.91
78.63,78.63,70.27,75.78,76.48
73.69,73.69,56.26,77.37,77.46
77.36,77.36,45.62,77.38,76.38
82.42,82.42,46.51,79.01,76.78
87.99,87.99,43.53,77.92,74.64
83.67,83.67,48.77,78.44,74.20
78.65,78.65,55.40,80.39,76.00
72.81,72.81,57.23,78.82,78.49
74.99,74.99,53.97,78.68,76.26
78.66,78.66,50.81,79.82,75.81
84.29,84.29,45.80,79.19,79.04
88.84,88.84,43.57,80.48,76.41
86.70,86.70,41.25,78.56,77.51
85.82,85.82,39.81,79.10,75.39
81.05,81.05,47.10,80.88,72.51
75.07,75.07,58.20,79.50,72.09
78.22,78.22,66.95,78.91,73.78
74.56,74.56,75.06,79.90,78.20
78.22,78.22,83.95,78.97,80.90
81.89,81.89,80.36,76.47,81.44
79.17,79.17,76.51,78.37,80.86
82.04,82.04,73.64,76.81,80.58
78.79,78.79,70.16,74.20,80.47
78.93,78.93,64.70,77.29,78.59
80.22,80.22,58.72,78.52,76.92
79.51,79.51,54.67,76.17,78.92
81.77,81.77,52.06,75.57,76.99
78.13,78.13,50.41,77.93,76.31
74.88,74.88,47.12,77.27,75.43
76.12,76.12,41.85,75.97,75.01
75.44,75.44,37.11,75.96,75.32
69.94,69.94,35.10,76.43,76.44
71.80,71.80,34.97,75.97,77.49
72.61,72.61,31.09,76.20,73.85
73.63,73.63,28.31,77.09,76.34
75.13,75.13,42.83,77.54,78.22
73.10,73.10,53.25,76.12,71.69
71.14,71.14,68.67,71.61,76.23
69.98,69.98,77.04,63.09,76.66
71.29,71.29,85.49,58.51,76.69
76.30,76.30,76.76,59.41,77.65
77.48,77.48,79.50,71.71,79.29
75.04,75.04,70.20,71.50,78.71
75.00,75.00,65.25,76.41,78.89
78.15,78.15,51.98,78.44,78.11
76.17,76.17,44.23,77.91,74.98
78.61,78.61,41.99,78.44,77.27
78.04,78.04,47.69,79.37,77.23
79.81,79.81,52.95,79.76,80.08
78.14,78.14,59.80,79.50,79.43
75.84,75.84,54.13,79.11,76.65
71.37,71.37,49.42,79.53,77.50
67.15,67.15,43.30,78.81,77.37
68.39,68.39,40.37,79.80,79.16
69.78,69.78,38.19,80.27,79.48
68.42,68.42,37.44,80.11,77.80
72.06,72.06,37.22,78.83,76.94
70.44,70.44,50.12,78.64,75.37
70.22,70.22,63.38,77.78,73.73
69.83,69.83,72.02,75.22,76.76
66.23,66.23,83.76,75.67,76.41
71.74,71.74,79.35,74.74,75.95
77.15,77.15,70.22,70.38,72.57
79.53,79.53,74.82,66.99,72.92
81.87,81.87,71.04,71.11,73.46
83.67,83.67,52.29,76.84,71.56
83.75,83.75,46.16,77.88,72.30
82.69,82.69,39.59,77.64,72.55
80.59,80.59,36.83,76.32,71.47
85.44,85.44,32.34,77.88,69.39
85.31,85.31,31.72,78.30,71.28
85.92,85.92,31.14,78.69,74.23
85.69,85.69,29.15,77.83,72.88
82.51,82.51,28.56,78.34,71.78
75.87,75.87,29.74,78.32,69.45
77.60,77.60,30.92,78.13,72.03
78.87,78.87,30.69,79.45,72.76
77.79,77.79,28.69,79.07,72.00
73.53,73.53,25.71,78.06,74.76
74.43,74.43,30.59,78.31,73.84
68.28,68.28,37.78,78.86,74.06
76.00,76.00,62.69,78.92,75.35
81.72,81.72,59.11,78.80,73.31
83.49,83.49,56.64,78.35,73.51
84.60,84.60,52.75,78.83,69.78
84.26,84.26,47.46,78.62,70.99
82.60,82.60,44.70,78.54,71.47
81.97,81.97,45.47,79.62,72.21
82.53,82.53,43.35,79.42,72.68
81.46,81.46,44.03,78.80,73.78
79.75,79.75,45.85,78.05,73.93
79.89,79.89,44.30,79.26,74.45
79.45,79.45,43.07,78.87,73.38
80.23,80.23,40.47,79.03,72.12
80.13,80.13,41.53,78.52,71.12
77.29,77.29,39.84,78.91,68.52
77.23,77.23,38.57,79.07,69.37
79.48,79.48,36.66,78.04,68.81
78.27,78.27,35.58,79.26,70.44
79.84,79.84,43.38,79.45,68.67
79.69,79.69,59.63,78.93,69.53
78.85,78.85,66.10,76.99,70.08
78.17,78.17,82.91,71.84,69.23
78.77,78.77,81.61,57.08,68.42
78.91,78.91,77.10,47.71,71.42
80.84,80.84,77.34,42.98,69.23
80.53,80.53,72.85,39.91,70.56
79.92,79.92,69.81,37.78,68.31
78.48,78.48,65.13,35.25,69.97
76.72,76.72,59.83,32.62,71.68
77.62,77.62,55.75,24.62,72.06
77.32,77.32,52.05,18.69,72.20
78.54,78.54,52.08,17.78,73.23
77.64,77.64,49.21,14.92,73.46
75.43,75.43,43.29,10.77,73.10
75.67,75.67,41.27,9.92,71.10
75.36,75.36,41.90,11.15,71.42
73.23,73.23,38.97,3.81,69.79
74.27,74.27,40.37,4.20,70.45
75.95,75.95,43.77,0.94,70.54
76.83,76.83,46.65,0.21,67.75
76.03,76.03,38.43,0.48,69.96
75.30,75.30,37.80,0.61,69.94
76.89,76.89,40.41,12.87,71.41
77.87,77.87,43.34,11.52,72.51
73.52,73.52,41.27,6.96,70.45
70.01,70.01,43.76,4.82,70.17
82.95,82.95,45.19,8.27,68.78
83.88,83.88,43.84,10.66,69.15
79.11,79.11,43.95,14.01,69.06
73.09,73.09,44.05,8.73,68.95
79.88,79.88,43.28,13.30,69.56
85.07,85.07,41.58,15.23,67.06
84.97,84.97,44.76,16.05,67.74
82.55,82.55,46.45,12.12,68.57
82.89,82.89,47.89,6.34,66.75
82.68,82.68,50.79,9.60,67.66
80.41,80.41,50.15,10.75,64.57
75.11,75.11,48.77,10.66,63.76
73.41,73.41,48.46,9.25,65.36
68.72,68.72,44.21,8.83,64.20
67.07,67.07,44.19,13.70,65.83
67.09,67.09,52.11,22.47,63.78
71.61,71.61,55.43,32.66,64.67
76.56,76.56,73.52,52.35,75.59
76.79,76.79,85.33,62.86,74.94
77.47,77.47,77.46,67.02,70.47
74.81,74.81,77.73,70.26,72.22
74.12,74.12,73.81,75.58,75.20
76.33,76.33,59.96,75.40,75.49
76.69,76.69,47.62,76.42,76.44
80.84,80.84,45.47,78.77,77.74
81.96,81.96,39.72,80.38,76.69
84.95,84.95,44.71,79.01,74.19
84.08,84.08,52.12,80.94,72.78
84.12,84.12,59.18,81.13,71.99
83.07,83.07,53.93,80.44,73.42
82.72,82.72,49.60,81.12,72.49
81.78,81.78,43.19,81.49,71.74
79.58,79.58,39.48,81.76,72.39
77.10,77.10,35.24,80.24,69.95
77.20,77.20,33.64,81.45,70.00
77.06,77.06,36.51,82.10,72.92
75.39,75.39,46.79,79.58,73.78
72.08,72.08,69.39,78.42,74.69
70.54,70.54,76.71,70.83,75.29
66.68,66.68,82.58,65.43,78.06
73.11,73.11,80.76,70.26,78.63
71.46,71.46,73.96,69.83,80.38
70.10,70.10,76.82,74.01,82.09
71.16,71.16,65.19,76.45,77.98
78.97,78.97,48.25,77.96,76.51
79.50,79.50,45.07,78.00,75.43
79.38,79.38,36.49,77.86,75.61
77.62,77.62,38.46,78.87,76.59
76.48,76.48,45.85,79.26,73.01
77.32,77.32,54.75,80.11,77.77
78.65,78.65,51.00,78.22,78.61
81.75,81.75,46.80,79.40,79.52
80.34,80.34,42.62,80.66,78.29
73.29,73.29,35.67,79.05,76.47
69.22,69.22,32.99,78.70,79.39
70.89,70.89,29.34,80.33,79.60
72.88,72.88,33.48,79.24,79.26
74.32,74.32,47.56,79.64,78.45
73.07,73.07,56.49,79.59,75.52
73.57,73.57,69.71,79.64,73.96
71.65,71.65,83.43,79.99,75.03
76.66,76.66,80.57,78.46,75.35
83.73,83.73,77.40,77.20,78.08
84.17,84.17,74.31,77.53,76.21
80.83,80.83,69.99,76.26,74.34
79.90,79.90,67.20,77.76,75.80
78.76,78.76,59.50,77.71,75.64
81.39,81.39,54.26,76.72,75.80
79.42,79.42,50.30,75.61,77.33
76.44,76.44,47.92,75.85,77.13
76.65,76.65,45.84,76.45,75.50
81.76,81.76,43.67,76.19,74.87
82.70,82.70,39.71,76.06,76.44
84.97,84.97,37.57,76.32,74.78
84.59,84.59,34.76,76.27,77.40
82.24,82.24,33.44,76.36,75.94
82.24,82.24,34.89,76.38,79.83
77.74,77.74,37.50,75.60,78.12
73.86,73.86,48.99,75.07,77.95
78.33,78.33,66.58,73.00,74.05
81.56,81.56,72.62,66.12,75.50
77.35,77.35,85.16,60.32,72.90
76.08,76.08,84.73,64.79,74.95
76.52,76.52,73.44,71.53,77.29
76.20,76.20,71.90,71.83,76.58
76.73,76.73,70.64,74.34,76.71
78.28,78.28,59.59,75.53,77.47
78.78,78.78,46.12,78.29,76.90
77.98,77.98,39.53,79.88,78.05
78.47,78.47,36.86,79.41,78.05
74.59,74.59,42.58,80.60,74.03
63.97,63.97,52.89,81.07,76.04
72.09,72.09,52.65,81.05,77.99
66.29,66.29,44.76,80.02,75.39
64.42,64.42,35.37,80.01,78.38
63.67,63.67,29.92,80.84,76.08
66.23,66.23,28.99,80.97,74.43
69.93,69.93,28.55,81.02,75.62
71.73,71.73,30.89,80.58,77.36
70.47,70.47,39.69,80.78,78.06
74.27,74.27,57.88,79.68,74.35
73.72,73.72,70.43,78.28,76.31
73.10,73.10,82.24,78.20,73.75
71.37,71.37,82.66,77.57,71.72
76.23,76.23,71.25,74.71,70.26
80.60,80.60,75.47,69.20,69.01
81.72,81.72,69.62,69.30,68.63
75.42,75.42,64.86,75.42,69.39
77.16,77.16,46.01,78.22,66.87
75.86,75.86,41.09,78.90,68.82
78.42,78.42,44.66,79.44,69.43
75.64,75.64,45.99,79.68,69.23
76.30,76.30,53.89,79.31,68.83
74.46,74.46,61.19,80.68,69.69
80.38,80.38,57.65,80.53,71.02
83.13,83.13,51.72,80.25,72.02
81.98,81.98,42.12,79.38,71.15
84.74,84.74,36.81,80.09,72.21
81.29,81.29,33.91,80.84,74.83
82.47,82.47,34.89,80.79,74.92
81.82,81.82,37.28,79.91,70.50
80.46,80.46,43.97,80.09,72.88
78.40,78.40,50.17,80.15,71.74
78.03,78.03,65.60,72.45,71.36
75.12,75.12,68.79,66.87,74.31
73.74,73.74,64.32,58.14,70.26
77.84,77.84,60.48,50.25,70.94
79.47,79.47,56.50,39.36,71.90
84.19,84.19,50.71,42.56,72.40
83.44,83.44,45.91,42.12,72.20
76.76,76.76,41.46,35.80,71.94
78.63,78.63,39.24,27.52,70.82
72.83,72.83,40.89,32.22,71.34
71.74,71.74,46.70,24.20,66.03
69.60,69.60,55.30,26.98,66.90
75.43,75.43,56.38,19.05,67.80
75.12,75.12,55.19,18.37,69.47
66.99,66.99,54.87,20.45,66.19
69.04,69.04,53.13,20.97,67.02
63.17,63.17,52.36,16.36,65.48
62.81,62.81,51.79,22.96,68.14
64.59,64.59,52.40,30.98,67.05
62.78,62.78,56.15,36.05,69.05
61.95,61.95,61.37,42.68,67.84
67.17,67.17,76.72,69.72,69.55
65.61,65.61,84.14,80.69,69.57
73.11,73.11,77.79,80.15,71.12
79.52,79.52,77.60,80.52,74.57
81.75,81.75,73.67,80.30,75.57
83.72,83.72,68.81,78.92,76.66
78.87,78.87,63.43,80.31,71.81
76.41,76.41,58.30,79.86,70.74
78.65,78.65,55.61,78.57,73.22
75.23,75.23,54.21,79.48,73.97
77.50,77.50,53.10,80.19,76.86
80.45,80.45,64.28,80.76,77.66
80.76,80.76,62.64,80.90,77.30
81.84,81.84,58.07,81.72,75.39
84.25,84.25,50.92,81.52,73.01
82.00,82.00,44.94,80.84,70.89
81.92,81.92,39.17,81.01,74.37
80.02,80.02,38.72,81.02,75.35
80.02,80.02,37.38,80.71,77.76
77.47,77.47,41.79,80.44,76.09
77.95,77.95,48.76,80.23,73.95
76.80,76.80,57.79,80.55,73.48
79.03,79.03,69.61,80.36,68.89
80.81,80.81,65.48,80.09,69.71
78.80,78.80,60.30,80.62,73.97
78.82,78.82,55.15,81.16,76.39
74.67,74.67,48.06,80.58,74.14
75.07,75.07,43.62,80.10,70.84
74.09,74.09,40.57,80.12,72.65
69.34,69.34,38.84,80.13,71.84
72.71,72.71,38.13,80.30,70.63
74.90,74.90,42.11,80.33,70.46
76.12,76.12,62.80,80.29,69.96
74.78,74.78,67.16,80.23,70.05
74.29,74.29,62.08,80.25,68.89
74.37,74.37,57.25,79.87,70.48
70.06,70.06,51.18,79.69,70.32
73.37,73.37,44.92,79.68,71.89
69.37,69.37,40.29,79.80,70.76
64.50,64.50,40.53,79.90,69.26
68.17,68.17,51.86,79.48,71.44
67.97,67.97,66.87,77.62,71.22
69.68,69.68,72.64,73.08,74.08
68.00,68.00,83.09,74.28,74.91
62.11,62.11,79.36,65.33,75.69
63.97,63.97,72.81,67.93,76.78
61.19,61.19,74.32,75.02,75.39
63.70,63.70,68.02,75.90,73.40
62.63,62.63,57.88,77.07,75.72
62.16,62.16,47.55,79.15,76.40
61.29,61.29,40.93,79.22,78.86
61.70,61.70,43.27,79.74,75.96
64.72,64.72,48.93,81.14,74.66
60.52,60.52,57.74,80.05,75.16
57.40,57.40,56.20,81.65,75.89
55.58,55.58,50.58,80.67,76.99
56.06,56.06,44.79,80.27,75.50
58.08,58.08,38.77,81.24,77.16
52.69,52.69,33.29,80.34,76.34
50.96,50.96,27.73,81.51,77.70
51.71,51.71,33.56,80.06,78.32
55.46,55.46,36.08,81.10,77.51
61.14,61.14,59.21,80.05,77.40
65.89,65.89,73.06,73.81,73.47
77.35,77.35,82.80,64.37,73.89
81.88,81.88,82.12,70.25,72.00
84.96,84.96,75.90,69.63,72.86
84.94,84.94,72.22,75.52,71.98
83.99,83.99,69.63,75.67,74.63
82.77,82.77,51.78,77.92,74.09
82.85,82.85,46.48,76.69,73.75
82.28,82.28,40.86,77.77,74.92
80.44,80.44,36.79,79.57,76.25
79.93,79.93,42.90,78.66,73.62
77.75,77.75,52.54,78.56,76.20
78.28,78.28,53.90,79.86,76.75
77.72,77.72,50.35,79.76,74.49
78.39,78.39,43.68,80.19,74.47
79.01,79.01,40.62,78.67,75.26
79.67,79.67,36.06,79.32,75.55
78.37,78.37,30.93,80.47,73.86
80.55,80.55,30.56,79.14,73.66
79.53,79.53,43.77,78.81,72.46
75.46,75.46,53.55,80.11,73.57
75.58,75.58,65.14,80.11,74.05
78.06,78.06,78.99,78.30,73.81
78.37,78.37,82.92,78.81,73.80
81.11,81.11,80.94,78.90,76.42
79.71,79.71,75.36,78.93,76.62
76.06,76.06,71.98,75.21,76.83
81.41,81.41,70.64,75.00,74.67
78.85,78.85,63.23,78.36,74.23
82.40,82.40,58.58,78.61,74.34
79.53,79.53,56.42,76.36,74.94
79.27,79.27,52.22,76.67,73.23
72.07,72.07,49.02,78.24,74.05
70.59,70.59,46.71,77.73,73.99
73.09,73.09,44.84,77.14,74.06
73.44,73.44,44.38,77.71,74.60
75.67,75.67,43.38,77.17,73.99
72.51,72.51,45.85,76.13,72.94
77.19,77.19,42.60,76.85,73.21
77.78,77.78,40.04,76.68,73.74
77.35,77.35,39.75,76.68,74.75
77.31,77.31,56.58,75.81,73.75
79.78,79.78,69.88,69.75,73.05
82.97,82.97,79.87,61.30,75.51
72.62,72.62,84.96,58.80,75.62
77.25,77.25,76.90,65.69,78.77
77.25,77.25,78.52,71.02,79.41
75.79,75.79,68.70,68.24,77.31
73.16,73.16,63.62,75.01,79.02
76.08,76.08,47.65,78.03,76.77
72.51,72.51,41.20,79.18,76.56
74.52,74.52,33.42,79.65,77.37
75.54,75.54,35.35,79.37,78.02
67.61,67.61,42.74,79.57,78.05
74.09,74.09,52.74,79.89,79.41
70.93,70.93,42.46,78.89,77.84
75.15,75.15,35.13,79.95,76.38
76.95,76.95,33.62,80.53,77.56
81.86,81.86,32.54,80.45,77.25
76.52,76.52,34.02,79.24,75.21
76.73,76.73,35.28,79.40,75.05
72.11,72.11,39.10,79.69,73.24
77.43,77.43,52.23,79.24,74.71
85.66,85.66,65.71,77.09,75.34
78.70,78.70,73.57,72.88,73.72
73.80,73.80,85.02,75.99,73.27
77.54,77.54,76.25,73.34,72.79
81.75,81.75,72.44,66.17,72.90
82.78,82.78,74.03,67.27,70.69
81.99,81.99,66.72,74.38,74.88
77.67,77.67,52.37,75.99,73.87
75.32,75.32,44.33,77.40,73.89
69.39,69.39,42.23,78.56,68.85
73.95,73.95,35.05,78.21,73.62
71.62,71.62,33.57,78.65,68.17
73.20,73.20,32.33,78.96,71.43
72.28,72.28,34.88,79.15,71.67
71.24,71.24,30.40,78.48,68.75
68.46,68.46,25.94,78.41,70.93
77.38,77.38,28.38,79.79,72.23
80.64,80.64,33.00,79.86,72.37
79.36,79.36,36.69,78.60,70.40
76.34,76.34,37.57,78.64,75.16
70.99,70.99,36.39,79.23,75.15
67.61,67.61,35.44,79.08,74.00
68.90,68.90,38.90,79.22,73.81
70.86,70.86,46.69,78.82,73.53
71.35,71.35,45.45,78.89,74.95
70.41,70.41,41.49,78.45,75.12
71.08,71.08,38.78,78.11,73.31
67.21,67.21,35.45,79.28,70.32
66.14,66.14,26.02,79.54,70.59
69.72,69.72,24.80,78.50,71.42
60.30,60.30,27.25,78.53,71.32
54.91,54.91,30.08,78.91,71.62
61.45,61.45,31.41,78.67,70.48
71.67,71.67,33.93,78.83,70.13
78.33,78.33,36.05,78.23,72.74
79.75,79.75,38.56,78.74,70.53
79.28,79.28,45.29,78.35,69.64
77.60,77.60,46.19,78.43,66.87
76.64,76.64,45.70,79.44,68.82
77.33,77.33,43.23,79.21,69.20
79.42,79.42,44.04,78.44,67.41
79.97,79.97,49.56,78.09,67.93
79.21,79.21,63.53,78.83,68.93
76.29,76.29,69.58,77.67,69.42
78.81,78.81,84.05,69.02,70.40
77.49,77.49,80.33,48.78,71.09
76.09,76.09,78.86,42.21,71.07
79.71,79.71,77.14,41.99,72.24
78.84,78.84,72.69,37.75,69.86
79.73,79.73,67.93,33.14,70.61
80.42,80.42,62.68,29.81,71.01
75.80,75.80,61.37,29.78,69.67
77.99,77.99,57.08,28.93,70.35
77.27,77.27,54.51,19.29,69.91
77.69,77.69,51.32,11.10,71.86
78.42,78.42,49.31,9.38,72.62
77.31,77.31,49.88,9.37,70.55
76.97,76.97,44.20,7.03,66.85
78.86,78.86,45.24,11.30,68.90
77.01,77.01,43.40,4.78,69.98
75.88,75.88,42.00,4.35,70.13
77.24,77.24,41.14,2.74,73.05
76.48,76.48,40.69,2.27,71.47
75.54,75.54,46.61,4.31,71.22
76.89,76.89,49.40,11.96,68.60
76.62,76.62,61.43,23.87,68.19
77.03,77.03,59.12,19.40,67.02
69.65,69.65,54.05,5.13,64.25
66.91,66.91,48.48,1.13,66.41
70.21,70.21,41.10,2.25,71.08
70.86,70.86,36.76,2.71,72.14
68.82,68.82,35.23,2.51,72.25
71.17,71.17,36.29,6.14,73.22
66.21,66.21,35.45,5.83,74.12
63.09,63.09,34.51,5.76,74.88
63.62,63.62,37.25,0.75,71.10
69.11,69.11,29.72,0.12,67.82
77.97,77.97,37.68,0.26,66.62
80.75,80.75,42.98,5.16,66.82
80.49,80.49,43.14,11.48,61.95
81.10,81.10,43.43,5.06,62.83
78.53,78.53,44.06,11.90,63.08
77.20,77.20,42.07,8.90,66.33
79.73,79.73,45.62,19.79,66.33
79.04,79.04,53.77,29.29,61.64
78.21,78.21,57.70,41.72,66.26
76.50,76.50,80.00,53.55,73.88
78.86,78.86,81.92,62.05,69.89
79.25,79.25,74.80,66.53,75.79
81.59,81.59,78.51,73.76,74.23
81.04,81.04,71.65,74.45,73.85
78.47,78.47,59.39,75.13,75.63
75.97,75.97,49.61,77.20,76.16
71.95,71.95,38.88,78.02,76.25
70.83,70.83,39.48,75.99,76.56
72.23,72.23,33.70,80.06,79.17
69.80,69.80,34.84,80.07,77.86
73.46,73.46,35.42,78.50,78.70
70.69,70.69,34.18,79.28,77.01
72.12,72.12,31.59,79.68,76.61
73.01,73.01,31.04,80.37,78.46
76.43,76.43,32.16,77.68,77.66
77.07,77.07,32.13,80.64,78.00
71.42,71.42,33.14,79.64,77.94
69.32,69.32,38.44,78.60,78.32
69.85,69.85,53.72,80.20,78.51
74.09,74.09,69.91,76.59,78.33
75.38,75.38,80.31,70.43,75.17
78.19,78.19,82.81,67.78,76.14
75.96,75.96,77.41,71.72,73.60
75.64,75.64,75.14,68.92,74.33
77.48,77.48,75.15,75.79,74.12
74.91,74.91,61.14,75.28,73.53
72.66,72.66,48.66,75.44,73.77
68.46,68.46,43.17,78.19,71.45
70.22,70.22,39.59,77.17,72.58
74.11,74.11,41.97,78.72,73.54
72.88,72.88,46.42,78.28,73.46
75.34,75.34,59.97,78.26,78.61
75.35,75.35,52.09,79.91,78.43
79.23,79.23,47.82,78.83,79.29
82.13,82.13,43.67,78.22,78.34
81.33,81.33,42.53,80.02,77.56
82.45,82.45,38.04,79.24,75.30
81.84,81.84,35.85,79.18,73.42
82.29,82.29,39.02,79.05,73.03
80.99,80.99,53.89,79.67,72.80
78.54,78.54,62.70,80.77,73.12
74.45,74.45,75.09,78.72,71.65
64.10,64.10,83.37,79.61,74.98
69.81,69.81,81.80,78.99,77.57
60.96,60.96,78.90,77.94,77.33
65.59,65.59,74.19,77.85,77.54
66.70,66.70,71.70,77.23,78.03
59.59,59.59,68.85,76.90,75.03
56.35,56.35,60.26,77.92,76.25
49.36,49.36,55.45,76.15,75.74
61.07,61.07,51.33,75.59,76.83
60.59,60.59,49.59,76.74,76.96
59.22,59.22,49.70,76.18,76.43
59.54,59.54,45.98,76.81,78.60
57.26,57.26,43.49,76.86,76.94
54.86,54.86,40.18,76.82,76.59
53.52,53.52,38.14,76.67,75.54
54.40,54.40,37.12,76.64,75.99
52.25,52.25,34.10,76.92,76.56
47.64,47.64,36.88,76.63,76.47
49.26,49.26,51.51,76.09,74.01
45.53,45.53,69.35,72.55,72.96
52.79,52.79,74.24,64.39,73.34
52.97,52.97,85.77,57.62,76.50
53.20,53.20,83.26,69.63,74.10
55.93,55.93,72.80,74.53,73.31
56.17,56.17,71.90,74.40,71.31
56.78,56.78,70.51,75.38,72.35
56.92,56.92,56.06,77.22,73.37
55.47,55.47,48.50,78.23,75.09
50.36,50.36,42.03,80.35,76.00
52.55,52.55,40.49,80.90,75.89
47.20,47.20,44.19,81.12,75.62
46.31,46.31,56.86,79.96,79.04
40.79,40.79,54.94,80.55,78.06
44.68,44.68,48.56,81.21,75.00
42.39,42.39,40.68,81.08,75.04
42.87,42.87,33.80,80.81,73.53
44.19,44.19,29.79,80.80,72.89
41.10,41.10,28.02,81.07,74.37
42.62,42.62,33.98,79.65,75.76
33.65,33.65,44.31,80.53,76.04
30.11,30.11,60.09,79.79,78.73
39.02,39.02,72.85,77.58,77.50
42.22,42.22,82.30,77.36,76.58
39.84,39.84,84.10,77.16,76.77
44.25,44.25,70.34,75.22,74.31
37.31,37.31,73.76,73.81,73.07
42.17,42.17,73.65,74.32,72.93
35.38,35.38,59.18,77.08,73.28
40.61,40.61,45.09,78.82,72.43
33.45,33.45,40.47,79.04,73.20
38.18,38.18,40.87,79.37,71.79
35.62,35.62,40.67,80.50,71.88
29.53,29.53,52.66,80.72,72.77
35.83,35.83,64.17,80.69,75.20
32.59,32.59,59.46,79.61,74.79
28.53,28.53,54.17,80.85,75.73
33.76,33.76,47.31,80.75,73.98
28.13,28.13,38.13,81.12,75.58
31.70,31.70,32.93,81.00,76.00
25.51,25.51,27.76,80.99,75.67
28.68,28.68,31.21,80.45,75.56
26.50,26.50,33.80,80.11,72.58
23.89,23.89,39.61,81.14,72.10
19.71,19.71,68.76,76.80,72.30
15.30,15.30,68.05,62.66,73.88
17.07,17.07,64.62,53.58,70.93
18.58,18.58,60.17,48.61,72.90
23.50,23.50,55.07,48.45,74.53
25.79,25.79,47.40,47.78,74.77
27.41,27.41,42.71,45.02,76.01
30.57,30.57,42.19,34.36,75.27
28.83,28.83,39.51,35.87,73.35
25.48,25.48,40.16,40.54,73.74
22.65,22.65,47.48,37.77,69.88
20.14,20.14,59.67,30.38,69.53
18.23,18.23,59.37,21.02,69.57
21.65,21.65,57.39,16.25,71.39
21.54,21.54,58.39,13.26,70.95
20.39,20.39,58.01,19.52,70.52
22.87,22.87,57.30,16.57,71.78
25.84,25.84,57.44,20.54,71.24
27.23,27.23,57.28,35.00,70.69
24.98,24.98,57.37,38.22,71.59
20.15,20.15,62.15,56.38,72.58
24.07,24.07,78.53,73.74,73.63
23.97,23.97,82.37,78.72,74.66
20.29,20.29,77.46,80.18,77.10
17.08,17.08,78.11,79.48,80.14
14.27,14.27,71.20,79.49,77.53
15.99,15.99,66.89,79.57,80.12
16.58,16.58,62.87,79.53,77.90
18.21,18.21,55.84,79.71,76.71
19.94,19.94,53.09,79.65,78.02
22.78,22.78,51.55,80.04,75.34
21.12,21.12,50.71,80.11,75.24
17.51,17.51,65.24,80.28,78.00
17.82,17.82,61.83,80.40,77.60
19.84,19.84,56.14,80.65,77.04
19.88,19.88,49.65,80.91,76.13
16.25,16.25,42.39,80.80,76.98
17.04,17.04,38.31,80.85,76.41
18.39,18.39,36.92,80.95,77.15
18.95,18.95,36.71,81.02,77.13
16.69,16.69,38.63,81.10,77.17
17.04,17.04,43.85,80.78,75.52
14.44,14.44,57.25,80.31,74.51
5.81,5.81,67.18,80.38,75.46
6.16,6.16,63.42,80.26,76.57
13.62,13.62,58.86,80.10,77.17
20.60,20.60,54.03,80.51,79.41
22.60,22.60,46.87,80.20,74.69
23.43,23.43,41.91,79.89,75.86
26.08,26.08,40.32,80.16,73.78
23.11,23.11,37.17,80.42,73.28
19.45,19.45,39.56,80.37,75.87
10.24,10.24,41.92,80.65,73.04
8.54,8.54,67.34,80.08,72.63
4.70,4.70,64.56,80.50,74.09
9.44,9.44,59.06,80.33,72.61
17.43,17.43,56.67,80.06,71.44
20.11,20.11,49.62,80.16,70.04
22.50,22.50,43.26,80.27,74.08
24.27,24.27,37.48,80.59,73.14
24.18,24.18,40.00,80.59,75.41
22.67,22.67,52.97,79.72,74.54
14.44,14.44,68.76,77.99,73.50
12.75,12.75,73.72,74.40,72.42
15.88,15.88,84.46,74.34,75.40
21.39,21.39,78.29,69.57,73.87
28.81,28.81,74.16,71.06,76.33
32.84,32.84,74.52,74.42,75.28
37.09,37.09,64.31,75.36,73.59
38.77,38.77,52.51,76.48,73.46
40.12,40.12,47.50,74.56,72.68
39.76,39.76,41.38,77.14,69.43
39.51,39.51,38.77,77.32,70.77
41.55,41.55,37.61,74.85,71.46
53.64,53.64,49.51,79.29,77.85
53.78,53.78,40.82,78.02,77.26
56.68,56.68,33.48,78.73,80.05
67.31,67.31,32.52,77.36,77.88
69.32,69.32,29.53,79.78,75.33
73.34,73.34,24.96,80.66,71.98
73.65,73.65,27.47,77.38,72.93
74.57,74.57,35.69,81.06,73.70
76.47,76.47,45.48,79.98,73.34
75.70,75.70,58.39,77.88,71.83
74.84,74.84,76.31,67.63,74.95
74.52,74.52,77.70,61.22,75.44
81.98,81.98,83.91,68.10,75.93
79.91,79.91,70.89,71.77,77.75
79.66,79.66,74.82,73.86,77.21
83.35,83.35,67.27,76.17,77.78
85.11,85.11,54.42,77.44,75.83
85.53,85.53,47.99,78.40,76.21
81.35,81.35,39.79,77.40,76.14
86.13,86.13,41.89,78.16,77.07
88.53,88.53,47.15,79.79,76.22
89.76,89.76,50.53,78.03,77.24
90.35,90.35,46.11,79.42,76.24
89.42,89.42,42.25,78.76,77.67
85.63,85.63,38.62,78.93,77.49
79.42,79.42,35.67,80.61,75.16
79.84,79.84,34.65,78.91,76.30
76.13,76.13,31.80,78.71,76.80
64.67,64.67,34.35,80.29,75.57
68.61,68.61,45.74,79.52,76.44
71.49,71.49,60.74,79.26,74.10
73.54,73.54,66.50,79.89,75.70
70.27,70.27,80.24,79.04,76.22
67.60,67.60,80.70,78.25,72.58
69.90,69.90,79.00,78.84,74.81
73.59,73.59,76.11,77.18,77.36
77.18,77.18,69.85,74.55,81.04
79.62,79.62,69.77,77.05,83.81
79.57,79.57,62.10,78.33,83.73
80.81,80.81,57.45,77.21,81.85
81.96,81.96,55.80,75.42,80.19
80.89,80.89,53.41,76.20,80.29
78.68,78.68,49.69,77.04,78.24
78.62,78.62,44.52,76.37,80.98
77.36,77.36,41.98,76.49,77.73
72.68,72.68,38.82,77.84,76.89
63.51,63.51,33.07,76.63,78.49
67.23,67.23,32.48,76.21,78.40
71.96,71.96,35.09,76.80,80.19
72.24,72.24,34.22,76.74,79.61
70.19,70.19,38.96,76.06,77.94
67.89,67.89,63.59,74.58,79.27
66.62,66.62,72.94,63.35,76.84
69.27,69.27,81.00,59.04,75.45
69.64,69.64,82.81,58.96,74.72
73.85,73.85,74.95,64.49,78.86
73.86,73.86,76.05,72.29,80.26
73.79,73.79,70.11,71.28,81.20
78.43,78.43,59.16,76.64,79.55
78.60,78.60,44.80,78.31,79.92
77.30,77.30,44.07,79.72,78.32
76.55,76.55,42.13,79.28,78.03
77.73,77.73,47.50,79.29,76.69
77.54,77.54,53.74,78.82,76.04
74.63,74.63,58.00,79.93,77.85
69.86,69.86,52.17,80.35,78.54
66.56,66.56,47.33,80.10,77.80
70.48,70.48,44.04,79.13,75.84
66.24,66.24,38.87,80.01,77.08
64.28,64.28,39.13,80.03,76.55
65.84,65.84,36.22,79.65,76.71
64.73,64.73,45.51,79.43,76.19
62.42,62.42,55.94,78.84,75.73
61.81,61.81,66.74,77.65,73.48
67.88,67.88,76.41,72.83,74.73
77.84,77.84,84.72,73.48,75.02
83.39,83.39,70.99,72.76,74.66
83.27,83.27,74.13,69.26,74.32
81.50,81.50,74.43,69.32,75.77
79.15,79.15,61.95,75.30,76.34
80.56,80.56,47.97,77.43,77.55
84.07,84.07,40.38,78.03,76.11
84.92,84.92,39.34,78.34,76.33
84.13,84.13,36.76,78.15,73.72
84.14,84.14,34.75,78.68,71.82
83.97,83.97,32.51,77.74,72.15
83.62,83.62,32.85,78.99,73.53
84.22,84.22,32.44,79.68,74.28
82.85,82.85,30.26,79.55,76.35
81.87,81.87,30.07,78.37,76.72
80.21,80.21,30.38,78.89,75.61
78.30,78.30,31.70,79.18,77.00
78.44,78.44,31.40,78.86,74.82
77.10,77.10,37.44,79.04,75.77
78.31,78.31,43.03,79.18,73.50
79.97,79.97,53.59,79.32,71.44
81.08,81.08,63.81,78.48,74.61
81.71,81.71,60.76,79.37,73.30
77.59,77.59,56.12,79.53,71.89
73.29,73.29,50.25,79.73,72.72
80.08,80.08,43.88,78.77,72.30
84.64,84.64,38.68,78.82,72.76
85.05,85.05,37.32,79.42,75.82
83.66,83.66,39.51,78.83,75.11
80.47,80.47,42.06,78.79,74.60
76.40,76.40,42.64,78.83,71.62
75.59,75.59,42.62,79.47,71.63
72.68,72.68,39.32,78.39,72.25
69.61,69.61,29.04,78.82,71.57
73.01,73.01,23.62,79.63,68.56
72.94,72.94,21.28,79.63,69.05
73.02,73.02,18.11,78.72,70.99
71.81,71.81,16.57,78.24,68.77
66.55,66.55,38.34,78.99,70.44
68.90,68.90,51.76,78.96,71.97
70.23,70.23,64.23,78.69,67.36
68.61,68.61,72.84,77.25,64.56
74.07,74.07,85.05,65.91,65.96
79.13,79.13,80.05,40.41,68.13
82.72,82.72,77.49,45.12,69.20
81.04,81.04,76.31,42.82,71.56
78.71,78.71,71.56,35.75,71.21
75.16,75.16,66.85,39.76,70.63
73.83,73.83,62.06,33.93,71.98
74.64,74.64,60.32,28.72,70.20
78.19,78.19,57.46,23.25,73.87
80.60,80.60,57.90,25.26,67.41
76.70,76.70,53.79,24.80,70.00
74.52,74.52,51.77,19.74,70.80
74.36,74.36,49.19,16.86,71.51
74.33,74.33,44.88,15.58,70.43
75.30,75.30,45.36,15.48,70.72
73.32,73.32,42.92,15.20,70.56
72.94,72.94,41.31,10.22,70.07
73.31,73.31,48.96,1.34,68.58
74.14,74.14,37.50,2.50,67.48
73.86,73.86,41.34,2.28,70.09
74.61,74.61,46.34,0.58,69.98
75.56,75.56,44.41,7.26,69.82
72.64,72.64,43.81,0.78,71.18
69.15,69.15,48.65,0.03,69.52
83.05,83.05,49.07,0.50,67.24
83.84,83.84,47.69,5.10,69.93
82.09,82.09,46.88,6.57,69.00
79.72,79.72,41.68,8.24,69.27
81.83,81.83,41.68,12.32,67.16
83.67,83.67,46.50,13.63,67.78
80.84,80.84,42.29,12.17,68.29
80.67,80.67,42.26,7.78,64.04
79.72,79.72,43.04,9.05,67.81
82.20,82.20,48.24,8.65,64.35
82.27,82.27,45.29,8.74,64.48
79.03,79.03,44.24,7.59,64.82
72.34,72.34,49.79,12.74,65.80
69.08,69.08,41.03,12.50,61.97
65.59,65.59,43.57,13.39,62.27
70.60,70.60,44.25,10.11,63.27
74.43,74.43,49.35,18.29,63.67
75.72,75.72,55.66,35.28,65.62
75.72,75.72,84.72,53.51,71.59
75.08,75.08,82.89,56.20,74.40
76.48,76.48,75.06,69.03,79.46
78.68,78.68,75.35,75.20,77.07
82.78,82.78,71.93,72.91,78.95
79.24,79.24,61.70,75.83,78.06
80.74,80.74,52.99,78.28,76.76
82.29,82.29,43.67,74.80,77.99
82.29,82.29,39.13,78.43,76.88
81.29,81.29,46.45,80.17,77.41
78.69,78.69,53.95,80.11,76.55
79.31,79.31,55.12,78.83,75.24
80.07,80.07,49.72,81.08,77.39
80.19,80.19,47.05,81.64,74.74
82.08,82.08,42.24,79.59,77.52
84.26,84.26,37.10,81.52,76.13
84.23,84.23,32.67,81.06,76.32
83.70,83.70,29.01,80.44,74.19
78.77,78.77,36.90,80.77,71.49
75.89,75.89,53.30,80.53,73.46
76.58,76.58,71.89,77.39,72.93
78.87,78.87,80.12,70.23,76.22
77.32,77.32,80.65,66.29,79.04
77.60,77.60,75.61,71.00,78.24
76.32,76.32,77.05,71.30,80.49
75.22,75.22,71.56,74.43,80.47
75.17,75.17,59.18,77.19,78.92
74.69,74.69,51.07,76.92,77.23
74.51,74.51,45.18,77.98,74.75
76.14,76.14,38.58,78.37,77.27
76.44,76.44,45.25,78.27,78.77
74.15,74.15,51.02,80.26,77.96
72.21,72.21,58.87,79.14,78.06
73.98,73.98,51.22,78.44,79.50
77.49,77.49,46.52,80.57,80.54
76.38,76.38,42.48,79.43,79.05
76.26,76.26,40.54,79.18,78.35
74.90,74.90,39.03,80.13,78.56
71.01,71.01,41.89,79.53,75.32
72.06,72.06,45.91,80.43,77.54
75.50,75.50,56.97,78.83,76.60
77.00,77.00,64.37,79.47,75.97
72.78,72.78,75.01,80.65,76.94
72.53,72.53,82.26,78.81,79.33
74.05,74.05,80.11,78.49,78.65
77.41,77.41,77.40,77.83,79.52
74.92,74.92,71.93,79.20,78.08
80.34,80.34,69.67,75.86,81.60
80.22,80.22,66.75,77.79,79.84
80.51,80.51,57.33,78.06,78.37
78.78,78.78,55.53,76.39,78.13
78.56,78.56,52.63,76.47,79.34
80.14,80.14,49.09,77.68,79.10
79.34,79.34,47.73,76.90,78.60
83.22,83.22,47.82,76.48,78.51
81.31,81.31,44.88,76.89,78.06
79.26,79.26,43.37,76.86,79.07
79.44,79.44,41.21,76.23,78.84
82.40,82.40,41.67,76.74,77.16
82.22,82.22,41.53,77.58,78.92
79.96,79.96,44.42,76.89,77.32
77.37,77.37,56.04,75.94,77.78
81.03,81.03,71.71,71.31,79.80
81.06,81.06,74.92,59.78,79.15
78.24,78.24,86.47,61.21,78.24
73.34,73.34,79.78,71.38,78.62
77.38,77.38,77.44,75.71,80.29
76.51,76.51,69.09,76.39,78.82
75.30,75.30,68.17,75.67,75.59
80.04,80.04,59.03,76.87,74.48
83.92,83.92,44.27,78.19,77.62
84.56,84.56,42.25,80.03,77.06
84.80,84.80,43.02,79.23,75.82
83.42,83.42,47.37,80.55,77.32
81.73,81.73,59.54,81.60,77.07
73.28,73.28,55.69,81.02,77.01
71.39,71.39,51.35,81.22,77.39
71.87,71.87,51.91,81.49,80.12
76.17,76.17,52.04,81.77,77.78
74.57,74.57,52.74,80.83,78.93
72.17,72.17,51.53,81.89,79.89
68.95,68.95,48.25,82.21,80.09
68.67,68.67,50.98,81.64,80.17
74.11,74.11,61.96,79.80,79.91
74.78,74.78,73.09,77.61,80.46
74.91,74.91,82.96,78.39,80.23
77.67,77.67,81.55,77.89,80.33
74.80,74.80,72.31,73.27,78.65
76.38,76.38,72.88,69.27,78.29
73.49,73.49,73.07,74.41,79.00
78.87,78.87,60.15,76.87,77.83
80.67,80.67,46.17,79.23,77.61
75.26,75.26,40.88,80.36,74.44
76.15,76.15,42.84,80.37,74.48
78.45,78.45,47.17,80.38,73.78
76.83,76.83,58.96,79.50,72.01
75.24,75.24,63.38,80.71,69.23
75.77,75.77,59.35,80.74,71.21
77.04,77.04,54.15,80.82,74.46
74.24,74.24,47.39,80.61,73.45
70.44,70.44,42.92,80.80,73.92
71.05,71.05,37.75,80.64,73.90
74.27,74.27,35.84,80.33,74.34
72.71,72.71,37.78,81.27,74.64
68.38,68.38,42.29,81.37,74.38
69.83,69.83,47.42,81.22,74.34
66.82,66.82,70.09,74.55,76.31
67.97,67.97,66.73,57.05,74.89
68.28,68.28,60.66,48.20,72.58
69.21,69.21,55.37,52.35,71.95
67.03,67.03,49.54,39.97,71.13
69.57,69.57,48.01,39.08,71.08
69.20,69.20,42.85,40.90,70.87
69.94,69.94,42.22,33.49,72.14
68.62,68.62,43.49,34.31,71.63
64.68,64.68,44.85,34.52,68.62
67.68,67.68,49.02,30.04,68.93
76.95,76.95,55.87,21.50,69.94
77.63,77.63,58.81,14.58,65.90
74.03,74.03,57.61,8.57,65.19
77.51,77.51,59.76,12.46,66.00
78.57,78.57,59.35,14.48,67.32
75.21,75.21,57.30,11.17,65.52
73.38,73.38,56.87,24.06,65.41
71.28,71.28,56.60,32.79,66.93
64.40,64.40,58.20,39.07,66.88
62.46,62.46,65.05,58.08,66.59
62.22,62.22,83.44,75.88,67.59
66.08,66.08,81.83,78.75,70.18
69.43,69.43,78.90,80.84,73.59
75.21,75.21,76.86,80.09,75.16
78.03,78.03,73.30,78.70,74.35
74.93,74.93,67.45,79.94,73.66
79.60,79.60,62.47,79.92,72.92
78.10,78.10,58.91,80.13,71.53
77.41,77.41,57.15,79.56,72.08
77.81,77.81,57.35,80.02,71.77
75.68,75.68,59.30,81.45,70.73
75.29,75.29,65.53,81.77,68.91
79.53,79.53,63.04,81.23,68.54
80.75,80.75,58.89,81.30,69.68
79.75,79.75,52.98,81.36,70.00
80.49,80.49,49.19,81.28,72.33
79.63,79.63,45.71,81.28,74.29
78.99,78.99,42.73,80.98,72.07
79.77,79.77,43.19,80.87,74.04
79.57,79.57,48.45,80.89,71.27
77.57,77.57,52.14,80.60,73.28
79.72,79.72,65.30,80.46,74.00
76.68,76.68,67.42,80.79,72.35
76.24,76.24,62.38,80.74,72.55
74.43,74.43,59.19,81.02,74.20
73.90,73.90,54.96,80.80,74.87
74.71,74.71,50.41,80.39,73.22
71.73,71.73,45.72,80.21,73.36
78.15,78.15,47.70,80.31,76.13
76.24,76.24,43.90,79.97,75.19
77.22,77.22,45.07,79.73,73.70
65.58,65.58,47.66,80.13,70.09
65.64,65.64,69.18,79.86,70.35
63.87,63.87,65.33,79.94,69.13
63.63,63.63,59.22,79.76,71.22
62.38,62.38,55.67,80.22,70.95
62.66,62.66,48.93,80.78,70.49
67.41,67.41,43.56,80.10,69.41
66.12,66.12,40.93,79.91,68.80
68.19,68.19,44.20,79.94,70.00
66.69,66.69,56.03,80.16,71.74
66.14,66.14,67.94,78.51,70.16
62.64,62.64,77.23,74.16,76.20
60.68,60.68,83.93,73.21,75.82
57.90,57.90,73.86,65.43,73.51
56.71,56.71,73.98,70.63,76.05
56.21,56.21,73.00,76.07,76.76
59.93,59.93,61.93,77.42,77.90
56.44,56.44,52.84,77.95,78.08
53.26,53.26,47.32,79.42,79.28
52.33,52.33,44.78,78.80,79.02
54.68,54.68,47.94,80.16,76.57
50.94,50.94,49.65,81.23,76.95
55.66,55.66,60.30,79.38,76.30
53.24,53.24,53.02,81.34,77.50
50.95,50.95,47.58,80.68,78.47
48.67,48.67,42.85,80.52,78.02
49.35,49.35,37.50,79.92,79.22
49.30,49.30,32.98,80.63,79.06
49.01,49.01,28.42,81.42,77.42
45.24,45.24,36.25,79.49,80.54
50.33,50.33,47.03,81.24,79.00
63.31,63.31,67.58,78.34,79.98
73.44,73.44,76.51,69.73,80.17
77.76,77.76,81.19,62.79,78.24
74.28,74.28,82.00,71.00,77.39
73.73,73.73,72.53,69.73,76.11
74.96,74.96,75.00,75.17,77.81
76.43,76.43,65.21,77.84,78.59
78.64,78.64,50.30,77.95,78.29
78.55,78.55,48.34,77.13,77.03
73.97,73.97,42.50,78.74,77.74
68.89,68.89,42.45,78.97,75.99
73.60,73.60,47.21,78.83,75.94
76.29,76.29,59.32,79.13,75.05
74.14,74.14,55.95,78.83,78.76
72.10,72.10,50.51,80.40,75.60
72.25,72.25,46.08,77.79,76.07
72.77,72.77,43.45,78.94,73.28
70.88,70.88,37.29,80.84,75.39
74.96,74.96,33.30,77.96,73.89
72.60,72.60,35.15,79.11,74.63
74.76,74.76,48.18,80.44,73.61
69.11,69.11,61.21,79.55,70.91
76.42,76.42,68.43,80.03,70.35
76.39,76.39,83.59,77.55,71.89
76.33,76.33,83.00,78.85,74.25
80.16,80.16,78.75,77.85,77.49
80.62,80.62,73.80,78.32,74.37
80.41,80.41,72.42,76.24,78.25
77.14,77.14,69.20,77.31,75.65
78.11,78.11,62.17,79.05,76.82
77.15,77.15,59.33,78.03,76.22
73.91,73.91,55.05,77.20,75.74
69.97,69.97,51.02,77.75,76.67
71.72,71.72,50.08,78.23,72.89
70.49,70.49,49.47,77.60,75.43
75.52,75.52,48.64,77.02,77.31
73.68,73.68,46.57,77.52,75.90
72.88,72.88,44.73,77.49,75.53
74.76,74.76,46.79,77.13,74.22
76.85,76.85,44.76,77.32,76.39
71.89,71.89,40.45,77.19,75.92
67.04,67.04,45.17,76.61,72.40
73.07,73.07,62.81,74.60,72.49
73.09,73.09,72.98,65.27,73.25
76.32,76.32,82.12,61.41,76.13
77.44,77.44,83.38,59.51,76.67
77.76,77.76,74.73,68.53,78.22
75.41,75.41,72.24,71.83,78.12
73.13,73.13,71.21,74.14,77.67
74.65,74.65,55.83,76.72,77.94
75.93,75.93,46.25,78.20,77.50
76.19,76.19,44.14,79.20,80.19
70.13,70.13,40.72,78.37,77.21
64.25,64.25,45.37,79.87,77.96
71.63,71.63,53.88,79.92,78.01
68.06,68.06,55.49,79.45,77.25
67.93,67.93,51.14,78.63,79.65
74.24,74.24,47.01,79.18,78.44
74.78,74.78,45.48,80.07,76.80
75.34,75.34,43.18,79.81,76.78
77.85,77.85,39.11,79.68,75.51
76.50,76.50,39.79,79.62,75.51
77.64,77.64,47.28,79.48,75.99
72.56,72.56,56.63,78.03,75.94
72.81,72.81,68.58,77.70,76.26
80.06,80.06,82.51,74.48,75.32
76.74,76.74,82.05,75.92,76.36
67.69,67.69,67.60,72.37,76.96
72.23,72.23,75.42,66.46,75.78
77.24,77.24,72.08,69.71,73.60
75.17,75.17,56.56,75.48,76.12
77.85,77.85,47.94,77.46,77.44
73.03,73.03,42.20,77.90,73.78
70.44,70.44,37.41,78.77,75.43
77.36,77.36,31.43,77.90,74.61
73.97,73.97,29.81,79.07,72.42
72.82,72.82,32.45,79.37,74.31
70.95,70.95,34.33,79.18,71.62
74.48,74.48,36.63,77.69,73.79
75.77,75.77,35.15,78.36,76.15
78.65,78.65,35.52,79.29,76.67
80.50,80.50,33.03,79.13,76.31
78.51,78.51,29.31,78.72,74.39
78.55,78.55,32.50,78.56,75.56
80.62,80.62,39.02,78.76,74.00
80.95,80.95,43.45,78.41,70.47
80.59,80.59,55.74,79.14,70.81
81.13,81.13,62.92,79.66,70.33
80.02,80.02,59.19,79.02,71.17
78.72,78.72,54.34,77.89,69.09
76.54,76.54,50.59,77.87,70.57
72.12,72.12,43.01,79.03,71.53
69.39,69.39,35.26,78.97,73.46
66.60,66.60,33.53,78.84,73.25
66.39,66.39,30.48,77.89,72.76
54.78,54.78,30.48,78.62,72.50
58.68,58.68,27.41,78.13,72.67
64.52,64.52,27.28,78.71,69.66
72.36,72.36,30.23,79.32,68.55
76.18,76.18,34.56,79.13,66.75
74.98,74.98,38.00,77.98,67.48
76.37,76.37,42.72,78.64,70.04
73.56,73.56,42.29,78.96,68.22
72.41,72.41,42.09,78.26,70.17
75.10,75.10,44.81,78.59,68.98
77.66,77.66,50.99,78.75,68.57
71.18,71.18,65.97,78.65,68.30
70.21,70.21,75.06,75.32,66.17
74.35,74.35,83.95,60.99,67.59
70.91,70.91,78.73,43.51,68.69
69.85,69.85,77.55,45.52,69.65
73.62,73.62,75.75,43.25,70.03
74.36,74.36,71.59,42.07,73.01
69.63,69.63,65.09,34.63,70.06
71.90,71.90,61.29,33.87,70.35
72.76,72.76,59.32,32.02,71.77
77.47,77.47,56.08,25.45,68.13
76.79,76.79,53.70,13.35,70.03
70.55,70.55,49.97,16.70,68.30
64.69,64.69,45.91,20.01,67.07
78.73,78.73,46.41,20.35,67.88
80.08,80.08,45.25,16.39,69.47
80.90,80.90,42.18,16.79,67.87
80.40,80.40,43.81,14.98,70.78
79.74,79.74,42.32,10.36,70.13
78.60,78.60,40.63,0.55,69.51
78.02,78.02,40.64,0.05,70.84
79.42,79.42,42.54,-0.00,65.64
79.64,79.64,49.33,6.50,70.40
76.08,76.08,59.74,14.61,69.66
69.40,69.40,55.67,13.11,69.56
72.39,72.39,51.46,3.61,69.00
73.69,73.69,46.68,4.14,71.30
70.43,70.43,45.70,0.74,71.55
73.50,73.50,40.81,0.96,71.21
70.15,70.15,43.78,0.01,71.58
68.85,68.85,46.48,2.28,71.43
70.25,70.25,35.50,9.82,70.89
70.01,70.01,39.77,13.90,70.61
68.55,68.55,42.26,4.47,71.11
72.21,72.21,34.32,0.00,68.59
79.22,79.22,36.71,-0.00,69.33
74.66,74.66,42.37,-0.00,69.29
73.28,73.28,38.68,0.07,68.07
76.26,76.26,37.98,1.38,66.46
77.25,77.25,42.10,6.70,63.73
77.37,77.37,44.05,9.52,66.12
78.41,78.41,49.81,9.89,65.06
79.78,79.78,56.09,25.70,62.79
77.64,77.64,62.18,39.87,65.80
76.17,76.17,84.82,61.24,71.33
76.73,76.73,82.37,66.56,73.29
77.02,77.02,74.02,70.18,75.42
70.83,70.83,77.04,69.61,73.36
62.42,62.42,69.59,73.71,70.41
64.62,64.62,53.04,75.07,69.23
65.77,65.77,45.61,76.79,73.83
67.14,67.14,38.43,77.85,74.23
67.96,67.96,31.80,79.42,76.04
68.79,68.79,32.81,80.49,75.92
68.73,68.73,33.13,78.56,75.13
73.79,73.79,35.78,80.91,78.35
73.77,73.77,33.74,79.67,75.95
75.55,75.55,32.82,79.22,76.78
76.23,76.23,31.77,80.62,72.61
73.35,73.35,31.50,79.52,74.06
71.01,71.01,31.06,80.97,74.76
69.59,69.59,32.79,79.28,74.46
70.55,70.55,41.81,79.93,75.21
72.37,72.37,54.09,79.62,76.36
76.20,76.20,72.20,73.36,75.12
78.10,78.10,84.37,68.89,77.46
76.25,76.25,82.61,72.17,77.45
75.68,75.68,74.41,67.58,78.29
78.71,78.71,74.36,73.72,76.24
80.15,80.15,72.13,76.34,75.00
79.00,79.00,56.34,76.03,75.50
75.49,75.49,53.81,77.58,75.51
70.90,70.90,43.61,78.24,76.06
67.34,67.34,35.85,78.99,73.99
72.46,72.46,42.44,78.36,74.45
78.28,78.28,50.53,79.58,74.82
77.79,77.79,54.17,80.32,76.91
74.92,74.92,48.16,78.88,79.74
80.64,80.64,44.47,79.09,81.09
77.21,77.21,43.33,80.22,76.45
78.22,78.22,42.32,79.01,79.06
77.97,77.97,37.74,80.36,77.63
78.08,78.08,36.85,78.82,77.30
74.63,74.63,44.55,79.07,77.40
67.84,67.84,57.80,80.69,77.94
72.19,72.19,64.87,79.71,78.45
66.61,66.61,80.53,79.13,80.06
70.79,70.79,83.83,80.22,78.33
64.03,64.03,79.79,77.52,79.37
65.81,65.81,75.22,79.33,74.94
66.74,66.74,73.65,77.41,78.78
66.43,66.43,71.53,75.35,78.09
66.92,66.92,63.29,77.93,77.56
62.06,62.06,59.45,78.04,78.97
61.63,61.63,55.69,76.25,78.14
60.03,60.03,51.60,76.11,78.24
54.56,54.56,48.96,77.41,77.67
49.09,49.09,48.09,77.23,79.05
43.72,43.72,46.07,76.78,76.92
44.29,44.29,43.46,77.40,79.09
45.23,45.23,41.92,77.33,80.09
52.25,52.25,39.20,77.06,77.85
44.80,44.80,38.35,76.73,76.43
48.84,48.84,38.01,77.37,79.58
41.65,41.65,41.48,77.37,78.61
48.57,48.57,55.19,75.91,76.34
45.93,45.93,69.65,67.54,76.09
42.15,42.15,80.04,64.52,80.22
51.28,51.28,86.82,61.76,77.47
48.91,48.91,77.28,74.74,77.72
46.83,46.83,77.14,75.65,77.54
39.25,39.25,70.57,77.60,76.38
45.10,45.10,62.94,77.91,77.48
42.94,42.94,52.58,77.40,77.31
36.34,36.34,45.50,76.78,76.11
40.94,40.94,40.90,79.03,78.65
43.20,43.20,43.12,78.76,78.84
37.18,37.18,47.43,79.68,78.52
40.66,40.66,60.26,80.06,77.03
37.69,37.69,51.68,80.91,75.43
33.45,33.45,48.04,81.43,78.04
31.80,31.80,41.72,80.68,76.64
32.03,32.03,39.29,81.70,76.10
31.60,31.60,33.96,82.02,72.18
32.09,32.09,34.29,81.72,75.95
34.87,34.87,38.05,80.71,75.50
26.19,26.19,52.44,80.35,72.57
29.20,29.20,67.55,79.33,72.09
27.97,27.97,74.86,79.36,73.73
26.01,26.01,84.76,80.16,71.29
24.16,24.16,78.45,78.59,70.86
22.33,22.33,72.95,75.37,71.20
28.75,28.75,73.96,71.50,71.93
32.27,32.27,69.64,76.33,70.90
31.93,31.93,54.50,79.54,71.71
32.20,32.20,47.71,80.25,73.37
30.37,30.37,42.41,79.99,72.90
29.26,29.26,41.68,79.26,73.18
29.44,29.44,41.91,80.73,73.42
30.67,30.67,60.16,80.99,73.41
31.00,31.00,62.50,80.66,72.28
28.36,28.36,58.06,80.40,72.11
26.88,26.88,51.40,81.03,72.26
27.82,27.82,44.96,80.53,70.24
29.74,29.74,39.22,80.98,73.03
30.63,30.63,36.40,81.58,70.24
29.73,29.73,35.17,81.22,73.40
26.29,26.29,34.11,80.95,71.81
22.32,22.32,37.68,79.65,72.24
15.60,15.60,48.77,81.03,73.47
10.25,10.25,70.29,72.48,72.42
13.09,13.09,66.38,53.77,72.41
18.66,18.66,63.05,51.99,70.38
24.16,24.16,58.92,52.83,71.13
30.72,30.72,52.93,44.90,71.74
30.83,30.83,46.62,44.55,71.52
32.47,32.47,44.06,39.45,71.75
36.16,36.16,44.77,40.73,69.53
35.77,35.77,41.32,37.40,69.22
27.89,27.89,42.69,30.89,68.65
23.31,23.31,54.31,28.46,68.84
17.87,17.87,57.75,22.29,65.78
18.62,18.62,59.05,13.45,69.15
15.77,15.77,58.42,13.51,66.70
15.53,15.53,57.90,17.78,66.38
17.39,17.39,58.04,19.99,65.93
22.66,22.66,58.15,19.63,65.90
24.27,24.27,57.02,28.24,67.81
22.54,22.54,56.56,36.77,68.57
18.54,18.54,61.40,45.14,71.29
14.58,14.58,68.37,62.96,73.77
15.79,15.79,84.75,77.49,73.07
14.17,14.17,80.81,79.70,73.50
14.18,14.18,77.72,80.83,74.63
14.54,14.54,75.75,80.55,78.76
11.91,11.91,72.38,78.95,73.58
10.00,10.00,67.97,79.74,76.89
13.05,13.05,63.22,80.38,75.50
16.90,16.90,58.36,78.48,75.37
13.62,13.62,54.74,80.35,75.68
9.48,9.48,53.23,80.14,76.90
9.65,9.65,58.23,80.03,74.74
11.00,11.00,65.71,81.16,77.82
12.60,12.60,61.41,80.89,76.02
19.02,19.02,56.28,80.76,76.07
21.15,21.15,49.78,81.18,74.97
23.61,23.61,44.84,81.19,77.18
24.22,24.22,42.86,81.04,74.93
23.03,23.03,40.16,80.93,74.94
23.39,23.39,39.95,80.90,74.77
17.62,17.62,42.66,80.80,76.66
12.00,12.00,45.19,80.32,75.47
17.35,17.35,68.13,80.26,76.15
9.68,9.68,67.05,79.54,76.03
11.26,11.26,61.35,79.75,74.20
19.75,19.75,58.00,79.70,72.94
23.72,23.72,51.62,79.70,74.36
24.12,24.12,45.04,79.70,72.31
24.83,24.83,41.45,79.78,71.93
27.36,27.36,40.09,80.09,71.82
22.76,22.76,40.08,79.91,72.54
14.54,14.54,42.53,80.20,73.42
10.77,10.77,50.81,79.99,71.06
12.88,12.88,67.03,79.27,72.34
11.56,11.56,64.43,79.17,75.00
16.08,16.08,59.15,79.62,72.63
24.25,24.25,54.13,79.41,75.08
27.78,27.78,48.65,79.60,75.32
27.08,27.08,41.18,79.29,75.31
28.66,28.66,38.78,79.24,72.90
27.77,27.77,41.68,79.71,72.60
20.28,20.28,56.27,79.31,71.60
9.88,9.88,70.02,76.95,70.08
8.13,8.13,78.95,75.83,75.62
12.07,12.07,81.62,73.87,73.61
19.35,19.35,76.62,71.56,78.95
26.56,26.56,75.52,73.31,77.90
27.02,27.02,69.77,74.69,75.37
28.57,28.57,60.70,74.44,74.95
30.34,30.34,50.78,77.74,75.83
29.18,29.18,39.10,78.61,73.35
25.76,25.76,40.29,78.15,73.92
18.81,18.81,43.98,78.18,75.34
11.14,11.14,46.47,79.18,72.46
12.52,12.52,60.51,80.27,76.47
12.92,12.92,51.63,77.96,77.54
21.24,21.24,45.76,81.43,77.21
21.73,21.73,41.54,80.20,73.04
24.43,24.43,37.21,79.82,70.31
27.00,27.00,34.21,80.23,69.50
28.76,28.76,30.82,80.32,72.15
26.67,26.67,36.91,81.16,72.80
22.83,22.83,50.21,79.55,73.69
14.38,14.38,69.78,77.63,73.47
11.99,11.99,78.04,69.45,77.41
13.10,13.10,81.78,67.54,78.24
19.02,19.02,78.04,71.97,80.65
27.59,27.59,74.69,73.06,81.02
29.19,29.19,74.49,75.93,83.87
30.60,30.60,60.86,76.84,83.82
30.23,30.23,42.62,78.91,81.46
31.25,31.25,40.12,78.15,77.92
30.25,30.25,40.97,77.98,75.65
24.50,24.50,38.96,79.41,78.64
22.55,22.55,44.80,79.06,78.80
29.72,29.72,60.78,79.61,80.13
30.57,30.57,53.36,78.51,78.88
30.85,30.85,47.61,79.50,79.34
27.71,27.71,39.16,80.40,80.20
28.63,28.63,34.99,79.13,75.92
29.13,29.13,33.35,79.33,77.44
27.00,27.00,27.76,80.29,77.53
24.24,24.24,35.95,79.20,78.94
24.16,24.16,52.84,80.34,80.40
18.59,18.59,68.04,79.21,79.50
14.44,14.44,70.46,79.33,75.80
13.20,13.20,83.01,79.29,76.21
11.38,11.38,78.16,77.58,76.45
12.67,12.67,79.84,78.64,77.53
11.08,11.08,74.06,76.42,80.22
12.68,12.68,70.24,74.79,79.06
18.85,18.85,68.89,77.37,77.73
26.65,26.65,60.72,78.51,78.68
30.22,30.22,56.35,77.31,77.57
28.52,28.52,53.35,76.63,76.28
22.47,22.47,49.73,77.50,77.73
18.88,18.88,48.68,77.96,77.26
17.29,17.29,47.68,77.21,78.91
16.03,16.03,45.40,76.98,79.43
20.07,20.07,44.34,77.33,78.00
22.25,22.25,40.82,76.85,80.89
20.41,20.41,37.45,76.72,80.13
19.88,19.88,34.90,77.74,79.79
21.14,21.14,36.17,77.66,79.95
20.47,20.47,46.89,76.33,76.40
10.83,10.83,66.52,73.65,77.11
8.86,8.86,73.06,64.93,76.52
15.64,15.64,82.71,61.17,76.85
18.12,18.12,81.04,61.33,81.70
22.39,22.39,77.33,68.06,82.26
23.47,23.47,71.01,70.84,80.34
22.57,22.57,72.26,73.36,80.04
20.17,20.17,57.53,76.86,78.15
20.48,20.48,39.73,77.72,78.89
19.01,19.01,38.20,79.64,79.48
14.95,14.95,38.63,79.64,77.02
7.83,7.83,43.55,79.17,76.76
8.17,8.17,55.53,78.91,79.90
13.09,13.09,55.94,79.80,82.48
16.76,16.76,51.38,80.03,81.97
16.68,16.68,48.93,79.51,80.09
16.54,16.54,41.72,80.38,79.52
14.77,14.77,39.79,79.49,77.65
17.46,17.46,35.08,79.83,79.64
14.51,14.51,34.86,78.64,79.18
13.82,13.82,45.18,80.11,78.32
13.68,13.68,61.91,79.50,76.29
10.67,10.67,69.05,77.22,73.74
11.32,11.32,83.59,73.58,75.92
14.20,14.20,82.58,73.85,72.93
19.78,19.78,67.27,67.47,75.34
25.24,25.24,73.89,67.98,74.17
28.07,28.07,73.18,68.25,75.35
33.16,33.16,60.47,74.87,75.49
30.96,30.96,42.46,77.23,75.76
28.15,28.15,39.30,77.21,78.11
26.44,26.44,38.46,78.84,76.49
26.71,26.71,34.84,79.39,77.67
25.21,25.21,33.39,79.18,72.82
23.17,23.17,27.96,78.30,73.38
24.60,24.60,25.30,79.19,75.44
24.39,24.39,21.76,79.44,76.61
23.64,23.64,21.28,79.11,75.75
23.76,23.76,20.61,79.27,73.00
23.75,23.75,19.18,79.07,71.67
20.47,20.47,12.67,79.24,73.46
24.46,24.46,16.76,78.24,74.91
25.20,25.20,23.97,79.29,75.38
23.92,23.92,32.64,79.71,74.09
24.36,24.36,57.12,79.61,71.82
25.63,25.63,62.70,78.54,68.57
26.17,26.17,58.72,79.04,69.96
25.42,25.42,55.38,79.35,69.34
24.80,24.80,49.90,78.95,71.48
28.90,28.90,43.34,78.99,72.96
25.67,25.67,36.29,78.95,75.15
22.18,22.18,34.54,79.10,72.80
24.93,24.93,33.96,78.07,70.69
27.53,27.53,30.84,79.07,71.24
27.51,27.51,30.90,79.63,70.62
27.64,27.64,25.48,79.33,68.54
27.72,27.72,21.89,78.10,69.30
26.39,26.39,20.63,78.54,69.22
27.72,27.72,21.59,79.30,68.35
26.54,26.54,21.68,79.06,66.52
25.74,25.74,19.38,78.88,66.28
26.58,26.58,25.73,78.38,65.51
22.93,22.93,42.61,79.02,66.24
14.24,14.24,51.06,77.95,64.11
7.48,7.48,69.60,78.62,63.40
12.13,12.13,78.70,76.06,65.75
13.17,13.17,84.88,56.88,69.95
14.52,14.52,81.91,43.19,72.84
16.32,16.32,74.62,43.17,71.86
14.59,14.59,76.43,36.41,72.52
16.91,16.91,70.09,36.29,74.73
16.40,16.40,63.67,27.57,71.47
14.95,14.95,63.47,23.93,73.15
18.65,18.65,58.10,24.83,70.56
16.97,16.97,55.29,12.58,69.80
17.56,17.56,51.85,9.97,73.06
16.61,16.61,48.45,8.77,76.67
15.03,15.03,45.19,2.32,75.33
15.44,15.44,42.51,0.30,75.39
15.43,15.43,41.85,0.86,75.31
14.88,14.88,40.16,-0.00,73.59
15.93,15.93,38.51,1.28,70.93
17.19,17.19,38.12,0.22,73.13
17.22,17.22,37.98,0.22,73.47
14.93,14.93,39.96,0.63,73.13
14.77,14.77,40.09,0.77,73.31
19.25,19.25,50.30,6.36,73.43
18.79,18.79,65.47,9.20,75.11
17.39,17.39,62.94,3.97,74.17
20.78,20.78,59.24,-0.00,73.74
21.12,21.12,54.68,1.24,76.66
24.44,24.44,47.08,7.87,75.43
24.62,24.62,40.38,8.31,74.80
25.00,25.00,41.40,5.92,74.90
28.29,28.29,39.08,0.01,74.62
28.85,28.85,37.09,0.35,74.92
23.72,23.72,43.98,1.00,73.59
25.80,25.80,39.95,0.62,73.71
21.93,21.93,38.34,0.13,74.87
18.90,18.90,46.42,0.53,75.21
17.38,17.38,40.95,1.43,73.55
19.59,19.59,32.63,3.54,71.52
17.82,17.82,38.04,3.51,70.57
18.95,18.95,39.78,2.12,70.40
15.85,15.85,40.55,3.02,69.80
12.76,12.76,51.68,15.04,71.15
5.40,5.40,54.66,24.79,70.19
9.17,9.17,65.40,47.21,72.52
14.31,14.31,85.78,61.53,77.09
19.97,19.97,81.03,65.41,78.71
27.69,27.69,76.86,71.68,77.46
30.40,30.40,76.04,73.83,79.01
31.40,31.40,69.07,77.13,80.53
30.02,30.02,56.84,77.31,78.72
26.80,26.80,47.59,75.42,77.19
24.32,24.32,40.38,78.60,78.99
21.83,21.83,38.88,79.80,75.94
11.80,11.80,44.32,79.35,77.72
12.31,12.31,56.74,79.14,77.88
16.81,16.81,51.89,80.72,76.88
19.18,19.18,46.14,79.95,75.45
19.24,19.24,40.63,79.10,76.32
19.10,19.10,33.76,80.40,74.71
19.45,19.45,28.66,80.79,74.45
16.95,16.95,27.25,76.70,76.59
13.98,13.98,31.16,80.52,73.90
10.65,10.65,40.61,80.01,73.74
9.58,9.58,58.21,76.16,75.90
10.93,10.93,75.93,72.64,73.77
11.88,11.88,82.37,67.27,77.30
13.63,13.63,84.06,70.39,76.34
20.84,20.84,71.82,70.57,79.83
25.23,25.23,75.16,72.80,79.96
29.57,29.57,71.29,75.74,79.76
31.23,31.23,58.87,76.03,79.79
24.98,24.98,52.90,78.16,78.14
22.61,22.61,45.85,76.50,79.82
19.71,19.71,40.69,77.03,78.48
16.56,16.56,45.41,79.92,77.88
19.25,19.25,54.24,78.83,78.40
20.02,20.02,53.93,78.18,80.52
17.76,17.76,47.84,80.11,78.57
21.10,21.10,41.91,79.23,79.38
23.40,23.40,36.13,79.59,78.28
21.51,21.51,32.10,79.11,80.52
19.46,19.46,27.44,79.54,83.81
18.71,18.71,33.31,80.15,83.97
19.11,19.11,44.68,78.49,83.61
18.87,18.87,55.50,78.69,80.44
13.27,13.27,65.64,80.21,80.23
11.42,11.42,81.82,79.55,77.81
11.04,11.04,80.87,79.26,74.71
13.65,13.65,79.98,79.62,78.86
14.69,14.69,77.42,77.89,78.30
18.88,18.88,70.62,76.17,77.19
18.85,18.85,69.70,76.73,76.68
18.15,18.15,63.63,77.89,77.63
15.22,15.22,59.15,77.64,78.86
14.04,14.04,55.01,76.26,79.89
15.29,15.29,50.95,76.49,80.10
16.32,16.32,49.09,77.41,79.65
16.73,16.73,48.46,77.41,77.30
16.20,16.20,44.95,77.32,77.08
15.32,15.32,41.29,77.45,77.76
14.38,14.38,39.62,77.07,76.46
13.18,13.18,35.14,76.90,78.09
10.50,10.50,33.01,77.42,79.70
11.93,11.93,33.22,77.20,77.99
11.58,11.58,42.68,76.76,76.64
8.47,8.47,62.47,74.92,76.22
6.26,6.26,73.24,66.33,76.28
9.07,9.07,80.94,63.22,76.04
9.08,9.08,84.67,65.87,74.65
15.53,15.53,75.56,73.99,79.34
20.35,20.35,76.50,74.78,80.21
20.53,20.53,69.14,74.34,80.34
19.96,19.96,63.80,76.74,79.58
16.88,16.88,48.40,77.46,78.90
17.16,17.16,44.43,78.76,75.10
13.26,13.26,38.37,78.93,74.97
7.18,7.18,42.21,79.20,76.91
9.10,9.10,46.77,80.60,77.00
14.93,14.93,59.95,80.79,77.54
11.69,11.69,50.06,80.31,75.90
16.32,16.32,43.45,81.41,76.97
17.40,17.40,39.40,81.48,77.78
19.09,19.09,35.20,80.89,78.95
16.21,16.21,31.04,79.70,77.24
14.65,14.65,28.87,80.12,78.32
11.33,11.33,40.91,80.84,76.13
5.38,5.38,55.43,79.90,75.50
2.29,2.29,67.54,79.16,76.78
5.61,5.61,77.94,79.36,77.29
7.41,7.41,83.80,78.68,76.11
10.60,10.60,75.45,76.26,74.01
14.32,14.32,75.81,73.99,72.10
18.46,18.46,72.71,72.31,72.96
20.27,20.27,66.94,75.07,73.11
23.11,23.11,55.01,77.46,72.33
24.34,24.34,47.31,78.52,73.71
24.21,24.21,45.81,80.08,73.42
18.03,18.03,40.78,80.36,71.38
10.70,10.70,41.89,80.22,73.59
10.95,10.95,63.80,80.07,74.26
10.05,10.05,61.17,80.38,71.30
14.76,14.76,57.08,80.00,73.83
20.56,20.56,50.89,80.33,74.38
22.44,22.44,43.44,81.14,71.78
25.88,25.88,39.26,81.20,71.58
26.50,26.50,34.51,81.06,71.72
25.09,25.09,33.08,79.98,70.74
21.07,21.07,36.40,81.00,70.39
15.15,15.15,39.12,81.46,72.37
16.36,16.36,54.33,81.14,71.88
15.22,15.22,70.91,70.66,73.82
17.91,17.91,66.76,60.97,71.29
17.29,17.29,62.15,53.14,75.28
23.40,23.40,57.78,47.37,72.25
27.32,27.32,50.87,46.84,71.98
29.21,29.21,45.25,41.56,71.18
31.30,31.30,42.88,34.54,71.32
33.56,33.56,42.61,34.27,69.15
30.30,30.30,40.94,27.15,68.10
25.63,25.63,42.61,13.97,68.02
26.67,26.67,56.99,14.36,70.09
26.77,26.77,59.42,13.78,75.89
26.95,26.95,58.49,5.59,78.43
32.00,32.00,57.75,11.08,77.12
32.88,32.88,56.82,11.08,75.40
31.54,31.54,57.60,12.65,73.64
28.82,28.82,57.96,26.03,73.39
28.25,28.25,57.40,35.47,74.09
26.59,26.59,59.61,39.59,71.87
24.28,24.28,61.52,50.83,68.60
23.18,23.18,70.78,67.02,68.04
29.95,29.95,84.86,78.90,69.16
32.72,32.72,79.28,79.51,75.70
29.67,29.67,78.52,81.35,77.53
26.68,26.68,75.01,80.70,76.87
25.86,25.86,69.55,79.75,77.33
23.01,23.01,65.42,80.49,74.99
25.75,25.75,61.17,80.59,75.07
26.60,26.60,56.25,78.88,79.00
28.52,28.52,54.70,79.79,78.98
31.45,31.45,52.08,80.18,77.41
23.56,23.56,61.45,80.58,78.36
26.14,26.14,65.71,80.87,76.22
30.30,30.30,59.97,81.30,74.81
32.57,32.57,55.50,81.23,74.51
34.07,34.07,47.73,81.73,75.99
34.41,34.41,43.56,81.44,75.43
30.08,30.08,40.00,81.28,75.92
28.66,28.66,38.34,81.11,73.70
31.75,31.75,38.10,80.83,74.53
33.56,33.56,41.26,81.01,73.48
31.68,31.68,45.02,81.12,75.63
31.36,31.36,69.74,80.91,77.99
37.88,37.88,66.80,80.98,78.65
35.54,35.54,60.88,80.68,76.84
38.99,38.99,56.83,80.16,74.01
39.77,39.77,50.70,80.84,75.14
36.67,36.67,44.96,80.26,73.78
30.99,30.99,41.46,80.30,72.70
26.47,26.47,41.34,80.75,71.79
21.58,21.58,40.84,80.18,74.01
14.30,14.30,41.51,80.19,73.08
14.18,14.18,55.29,80.43,70.68
18.58,18.58,68.86,79.82,74.09
22.34,22.34,63.32,79.71,73.74
24.67,24.67,60.02,80.37,75.08
23.68,23.68,54.45,80.39,72.77
23.37,23.37,47.80,80.19,73.15
24.50,24.50,41.68,80.14,71.05
27.45,27.45,39.73,79.81,73.75
25.44,25.44,44.14,79.59,71.90
20.47,20.47,61.14,79.21,74.12
14.83,14.83,71.01,77.49,73.24
17.65,17.65,82.40,75.17,76.05
21.46,21.46,80.11,70.31,78.19
23.16,23.16,75.42,72.48,78.48
26.06,26.06,74.19,75.11,76.50
25.89,25.89,69.38,75.28,74.48
26.50,26.50,56.06,74.78,72.66
24.54,24.54,42.87,78.71,75.56
25.87,25.87,39.08,79.44,76.32
19.84,19.84,38.33,78.03,75.79
17.75,17.75,42.80,80.41,75.39
17.60,17.60,50.25,80.44,76.31
11.58,11.58,58.37,77.66,73.91
13.49,13.49,49.87,80.05,75.51
16.49,16.49,45.44,79.84,75.93
16.13,16.13,38.94,79.34,74.06
18.54,18.54,36.00,78.32,72.98
20.69,20.69,32.58,80.37,75.17
21.23,21.23,32.41,81.38,75.24
22.61,22.61,38.19,78.98,75.64
20.18,20.18,54.10,81.06,75.86
13.84,13.84,69.00,76.96,73.33
7.80,7.80,79.64,65.95,77.98
8.68,8.68,81.75,66.11,78.97
17.10,17.10,76.70,72.50,75.87
23.82,23.82,74.56,71.99,77.32
25.02,25.02,70.74,76.58,76.81
25.07,25.07,58.75,76.86,75.43
27.08,27.08,48.07,76.84,76.70
25.08,25.08,45.76,78.32,77.41
24.17,24.17,40.27,78.41,73.87
20.37,20.37,38.16,79.68,78.04
22.68,22.68,47.18,78.41,79.77
25.90,25.90,58.88,78.72,80.23
25.49,25.49,46.67,80.33,79.33
21.40,21.40,42.48,79.15,79.89
23.02,23.02,36.44,78.59,79.05
22.08,22.08,32.27,80.37,78.81
21.41,21.41,28.83,79.30,80.11
17.90,17.90,25.05,79.38,81.81
22.91,22.91,42.43,79.29,83.44
22.71,22.71,56.73,79.88,82.61
24.29,24.29,67.39,80.46,82.54
20.19,20.19,72.55,78.51,80.82
14.24,14.24,84.63,78.87,80.00
15.11,15.11,80.03,78.61,81.20
16.36,16.36,78.10,78.19,79.15
16.49,16.49,72.41,76.43,79.54
16.69,16.69,71.72,74.82,78.07
15.76,15.76,65.19,77.86,80.42
18.29,18.29,59.30,78.98,77.35
21.11,21.11,55.28,76.51,78.20
18.95,18.95,52.29,75.61,78.78
19.51,19.51,48.62,77.18,79.31
22.48,22.48,48.48,77.61,78.47
26.05,26.05,47.00,76.58,78.69
19.37,19.37,45.52,76.87,77.42
17.34,17.34,43.93,77.77,78.47
15.96,15.96,41.82,77.33,79.06
18.67,18.67,39.75,76.86,75.66
24.75,24.75,36.90,77.11,77.81
18.86,18.86,37.64,77.30,76.05
19.93,19.93,51.59,76.36,77.20
19.49,19.49,67.30,72.80,78.96
15.49,15.49,75.88,65.32,80.30
15.00,15.00,85.69,63.20,77.34
18.08,18.08,78.66,63.36,79.68
25.15,25.15,77.96,66.52,81.49
24.83,24.83,72.55,72.44,77.70
24.12,24.12,68.62,75.01,78.28
21.98,21.98,53.01,78.37,79.06
21.84,21.84,41.46,79.23,77.83
19.61,19.61,37.10,79.24,75.64
16.14,16.14,37.93,78.50,76.00
14.29,14.29,43.92,79.73,75.89
17.84,17.84,57.00,80.23,78.50
19.52,19.52,50.17,79.56,78.91
19.89,19.89,44.27,79.68,79.55
20.23,20.23,39.87,79.57,78.79
22.57,22.57,36.05,79.74,79.39
21.70,21.70,31.21,79.18,78.67
21.45,21.45,28.39,80.43,77.49
19.85,19.85,31.87,80.14,77.23
21.99,21.99,47.06,79.71,77.17
21.65,21.65,62.35,77.42,80.01
22.86,22.86,71.56,75.91,80.67
20.03,20.03,82.01,76.51,81.21
20.39,20.39,82.19,77.41,79.82
24.31,24.31,69.97,74.09,78.41
27.15,27.15,75.79,67.46,77.47
27.87,27.87,71.69,74.22,80.23
27.40,27.40,57.54,76.21,79.98
26.44,26.44,51.27,78.24,79.71
27.90,27.90,41.51,78.86,78.03
23.55,23.55,36.07,78.40,76.85
21.89,21.89,32.62,77.26,74.88
20.07,20.07,32.35,78.32,73.40
20.25,20.25,30.54,79.30,73.93
19.56,19.56,26.01,78.91,75.73
20.80,20.80,23.38,78.56,76.17
22.67,22.67,20.05,78.62,74.61
24.00,24.00,18.24,79.25,71.81
26.78,26.78,16.28,78.36,72.74
27.53,27.53,16.59,79.59,72.91
25.82,25.82,20.56,79.59,73.20
26.24,26.24,27.57,79.28,71.78
25.16,25.16,31.88,78.21,72.37
27.63,27.63,62.14,79.10,70.37
28.32,28.32,61.60,79.64,72.19
26.15,26.15,58.13,79.18,72.73
26.30,26.30,53.57,78.96,74.66
28.27,28.27,47.79,78.80,75.10
26.62,26.62,42.17,79.27,75.71
26.40,26.40,35.93,78.41,74.53
26.63,26.63,35.45,79.39,73.41
28.18,28.18,30.64,79.57,71.35
28.69,28.69,29.36,79.27,71.24
26.58,26.58,28.70,78.41,71.05
24.53,24.53,22.60,78.91,71.34
24.93,24.93,24.52,78.90,70.96
19.93,19.93,20.64,78.69,69.20
18.82,18.82,18.72,79.10,69.68
20.57,20.57,17.74,78.85,68.82
23.72,23.72,16.31,78.79,70.46
25.78,25.78,22.14,77.86,70.97
27.64,27.64,42.01,79.01,71.46
22.23,22.23,60.16,79.29,70.80
14.69,14.69,70.00,78.44,69.97
13.49,13.49,81.37,73.20,69.61
14.87,14.87,83.18,55.16,69.04
22.52,22.52,74.03,46.37,69.86
28.36,28.36,79.51,38.44,70.04
31.87,31.87,75.81,38.63,70.44
26.10,26.10,66.47,38.45,72.53
22.56,22.56,68.48,30.25,72.23
24.49,24.49,62.44,26.08,73.92
28.38,28.38,56.52,18.82,73.14
34.59,34.59,55.97,17.41,74.42
34.67,34.67,52.40,14.16,75.44
37.06,37.06,47.80,12.58,76.88
34.74,34.74,43.42,8.23,77.34
23.10,23.10,40.30,10.33,77.03
18.81,18.81,39.50,0.32,76.29
19.35,19.35,38.41,1.53,75.06
24.03,24.03,36.95,7.22,73.80
25.13,25.13,40.99,8.86,75.41
25.56,25.56,34.77,4.32,74.71
23.56,23.56,42.01,1.59,72.90
23.10,23.10,39.39,2.51,71.76
28.99,28.99,54.32,9.71,73.21
29.79,29.79,65.73,12.57,74.98
28.74,28.74,62.48,8.51,71.98
30.09,30.09,58.33,1.83,73.22
27.99,27.99,53.27,6.19,75.25
27.53,27.53,46.96,9.38,76.88
24.97,24.97,39.49,1.61,74.71
22.85,22.85,37.30,2.27,75.20
23.59,23.59,34.38,1.32,74.98
25.61,25.61,34.85,0.67,73.95
25.31,25.31,38.68,0.76,75.47
22.59,22.59,34.34,1.45,74.60
27.06,27.06,33.69,0.93,72.37
26.12,26.12,41.00,1.01,73.88
23.50,23.50,38.27,1.41,70.59
23.22,23.22,29.04,2.29,68.76
27.73,27.73,34.01,5.34,71.34
27.44,27.44,42.37,9.29,70.29
24.26,24.26,41.44,11.82,70.76
23.20,23.20,53.68,20.01,70.44
20.71,20.71,57.44,30.51,70.04
21.25,21.25,70.40,49.23,76.22
20.79,20.79,84.81,61.49,77.95
21.02,21.02,76.06,64.27,77.41
25.62,25.62,77.44,70.47,79.85
27.15,27.15,75.74,73.52,77.93
28.04,28.04,63.99,76.27,76.16
25.00,25.00,48.54,76.60,77.34
24.82,24.82,41.14,78.43,76.42
24.65,24.65,37.57,79.50,77.17
16.88,16.88,39.24,78.80,77.75
17.17,17.17,42.16,80.09,74.97
17.93,17.93,56.24,79.78,76.45
17.17,17.17,50.43,81.24,77.13
22.63,22.63,43.50,79.36,79.07
22.59,22.59,37.93,81.25,78.87
24.56,24.56,32.24,80.83,78.47
23.46,23.46,28.87,78.85,75.94
18.84,18.84,27.75,80.76,75.63
16.19,16.19,34.33,79.87,75.56
14.66,14.66,43.17,80.45,75.27
14.74,14.74,66.58,77.38,76.45
15.29,15.29,77.68,71.59,77.70
11.24,11.24,82.47,66.46,80.59
11.32,11.32,83.20,71.31,78.64
18.69,18.69,72.59,71.05,78.73
24.46,24.46,76.37,73.66,78.25
26.42,26.42,68.32,76.20,76.51
25.36,25.36,52.42,74.90,77.00
24.85,24.85,46.61,77.24,74.38
24.84,24.84,37.67,79.00,75.08
22.55,22.55,42.89,77.52,76.32
20.29,20.29,44.55,78.45,75.83
19.44,19.44,55.47,79.87,75.23
17.36,17.36,50.47,78.72,80.25
17.24,17.24,44.33,79.09,79.47
18.77,18.77,38.49,79.93,79.23
19.88,19.88,34.71,78.83,77.09
21.71,21.71,33.30,80.26,78.06
24.97,24.97,32.98,78.93,75.07
21.21,21.21,35.03,78.90,76.91
19.84,19.84,48.41,80.49,76.36
14.81,14.81,59.43,79.86,74.44
17.88,17.88,68.24,78.93,74.91
17.13,17.13,82.98,79.87,77.08
17.90,17.90,79.74,79.04,76.13
15.96,15.96,79.26,75.12,80.00
17.05,17.05,75.81,78.29,79.18
18.54,18.54,71.08,77.91,79.14
20.68,20.68,67.89,76.30,77.06
19.88,19.88,60.87,77.45,75.84
19.58,19.58,57.00,76.67,78.16
20.58,20.58,52.88,75.80,76.79
21.15,21.15,49.48,76.16,74.52
23.83,23.83,47.59,77.19,77.04
25.24,25.24,45.98,76.61,81.18
23.02,23.02,43.82,76.38,81.22
25.90,25.90,40.49,76.17,77.43
28.83,28.83,40.34,75.93,77.91
24.09,24.09,34.68,76.42,80.09
21.54,21.54,31.92,76.90,79.72
22.22,22.22,31.28,76.44,81.10
19.33,19.33,43.24,76.48,82.66
15.88,15.88,67.03,73.88,81.80
15.79,15.79,73.80,64.24,80.88
18.20,18.20,83.78,63.35,82.69
18.41,18.41,85.50,64.53,78.74
20.46,20.46,74.43,71.69,78.99
24.00,24.00,71.44,73.80,79.81
24.41,24.41,71.20,75.23,81.60
25.25,25.25,63.27,76.06,79.19
25.36,25.36,47.03,75.89,80.44
21.55,21.55,45.08,78.65,78.94
20.22,20.22,40.36,79.91,80.21
16.90,16.90,42.49,80.58,80.47
19.95,19.95,53.38,80.26,79.25
15.51,15.51,58.94,81.30,81.35
14.88,14.88,53.36,81.20,80.05
15.93,15.93,47.99,80.97,77.54
16.38,16.38,42.19,79.76,76.60
20.07,20.07,38.31,80.57,76.40
19.98,19.98,33.97,81.33,75.87
17.30,17.30,32.74,80.88,76.07
15.06,15.06,45.42,80.64,74.19
14.61,14.61,54.03,80.07,73.29
12.05,12.05,69.95,78.01,73.26
12.38,12.38,80.51,76.37,75.24
7.15,7.15,83.53,77.32,74.02
13.49,13.49,72.38,76.02,72.85
19.88,19.88,77.01,72.39,73.77
22.36,22.36,70.78,68.39,74.85
25.42,25.42,66.40,73.17,75.21
27.71,27.71,51.06,78.29,74.84
28.71,28.71,40.17,79.42,71.71
27.62,27.62,44.07,79.77,75.24
21.67,21.67,42.70,79.46,73.83
17.06,17.06,46.71,80.27,71.53
19.63,19.63,63.88,79.35,75.22
21.23,21.23,61.97,80.37,72.16
25.23,25.23,56.30,80.85,74.47
28.68,28.68,49.59,80.73,75.36
28.54,28.54,40.86,80.42,72.20
28.76,28.76,36.52,79.77,74.15
31.58,31.58,33.64,80.80,69.74
32.79,32.79,34.97,80.73,72.92
30.27,30.27,36.44,80.37,70.63
26.88,26.88,37.49,80.41,72.04
25.10,25.10,60.52,78.90,73.37
26.81,26.81,69.95,70.02,76.58
26.45,26.45,66.25,56.41,76.10
27.25,27.25,61.68,56.62,77.68
32.45,32.45,57.34,50.95,76.46
31.43,31.43,50.79,43.12,73.60
32.85,32.85,46.18,45.91,73.39
34.65,34.65,44.38,35.27,72.89
35.38,35.38,41.39,32.79,69.89
36.67,36.67,42.33,32.97,72.00
38.66,38.66,43.10,18.36,73.27
40.48,40.48,57.49,15.28,74.03
47.32,47.32,58.40,3.93,76.39
42.00,42.00,57.41,4.78,78.39
37.37,37.37,57.99,7.66,74.56
34.49,34.49,58.13,14.90,72.66
32.72,32.72,57.36,18.46,74.12
32.78,32.78,57.14,28.88,75.99
31.94,31.94,56.56,37.40,75.13
31.69,31.69,59.11,42.44,76.03
30.06,30.06,66.21,52.19,73.54
33.19,33.19,72.36,68.16,70.93
33.67,33.67,83.94,82.07,71.14
29.84,29.84,78.11,79.89,75.58
33.05,33.05,79.31,80.87,76.64
34.51,34.51,74.53,79.49,76.80
32.53,32.53,65.81,79.06,76.89
33.37,33.37,63.99,80.75,75.71
36.47,36.47,60.40,79.80,74.84
34.20,34.20,56.23,78.74,76.92
31.91,31.91,53.37,79.09,77.53
31.89,31.89,50.85,80.92,77.06
38.62,38.62,63.59,81.08,76.35
42.52,42.52,64.47,80.80,73.01
41.85,41.85,59.44,81.12,74.51
36.13,36.13,52.55,81.08,74.13
33.94,33.94,47.17,80.65,72.57
32.00,32.00,42.29,80.79,75.11
32.16,32.16,39.86,80.98,74.86
41.81,41.81,37.90,80.55,74.58
58.14,58.14,36.96,80.48,74.42
66.09,66.09,41.15,80.69,72.34
77.78,77.78,55.15,81.09,73.13
83.88,83.88,69.32,80.41,72.79
82.14,82.14,65.72,80.23,69.70
80.08,80.08,60.42,80.02,73.47
82.42,82.42,56.19,80.67,73.22
80.62,80.62,52.11,80.96,75.97
74.66,74.66,44.67,80.28,77.20
79.47,79.47,44.41,80.46,76.84
82.05,82.05,43.24,80.60,72.69
79.60,79.60,45.55,80.43,72.68
78.84,78.84,50.17,80.09,70.01
78.63,78.63,62.88,80.04,72.91
77.62,77.62,66.43,79.74,73.06
76.86,76.86,62.94,79.88,73.52
71.84,71.84,59.13,79.99,72.48
71.52,71.52,54.12,79.75,74.28
67.82,67.82,48.55,79.81,71.64
69.76,69.76,42.69,79.77,72.83
71.82,71.82,41.59,79.84,72.95
71.19,71.19,50.37,79.71,74.51
69.90,69.90,64.38,78.75,71.34
68.72,68.72,73.20,77.08,71.78
75.97,75.97,82.23,72.94,74.15
69.92,69.92,80.95,66.55,72.29
72.77,72.77,75.19,69.41,77.07
76.87,76.87,72.58,75.05,75.49
76.96,76.96,69.60,73.37,74.62
71.89,71.89,57.49,77.66,76.20
68.17,68.17,46.11,79.52,72.69
69.12,69.12,37.93,77.25,74.87
71.17,71.17,40.12,79.92,75.89
72.48,72.48,46.01,80.64,72.84
75.10,75.10,55.11,79.99,71.43
75.43,75.43,54.43,80.34,69.50
77.11,77.11,47.67,80.96,73.00
73.89,73.89,40.42,81.91,74.93
69.34,69.34,33.12,79.72,74.52
71.70,71.70,29.47,81.87,73.97
73.80,73.80,26.82,81.09,74.19
73.03,73.03,30.16,79.60,72.70
69.30,69.30,44.55,81.29,72.01
72.36,72.36,59.19,80.08,72.24
71.92,71.92,72.34,74.04,72.33
75.83,75.83,81.56,62.20,74.69
71.57,71.57,79.62,66.12,75.61
74.27,74.27,76.09,69.99,79.40
75.67,75.67,74.61,73.12,79.00
69.20,69.20,71.02,75.69,79.66
67.54,67.54,57.96,77.55,76.61
69.84,69.84,47.19,77.14,74.78
72.56,72.56,42.70,78.01,73.67
71.51,71.51,39.30,77.67,73.03
71.90,71.90,41.99,78.54,73.33
72.46,72.46,41.22,79.88,71.44
72.52,72.52,44.07,78.49,74.70
70.44,70.44,41.01,78.53,75.64
64.44,64.44,35.11,80.00,72.94
62.10,62.10,28.53,78.77,75.28
62.54,62.54,26.09,79.24,78.60
64.57,64.57,21.26,79.63,81.96
65.74,65.74,28.93,78.76,82.23
68.71,68.71,42.47,80.58,80.00
73.89,73.89,57.73,78.79,76.95
66.47,66.47,64.47,79.41,72.18
65.68,65.68,77.04,79.91,72.63
72.10,72.10,82.68,78.13,72.24
76.64,76.64,79.61,78.68,71.33
74.91,74.91,78.58,77.59,74.77
70.54,70.54,72.69,75.95,79.63
73.51,73.51,69.58,76.28,81.44
75.81,75.81,65.86,78.37,83.24
74.00,74.00,57.62,77.48,84.74
75.08,75.08,56.15,75.25,85.63
75.06,75.06,52.44,76.51,85.32
78.16,78.16,50.02,77.58,83.12
78.72,78.72,48.57,76.69,78.81
79.88,79.88,45.25,77.00,73.53
79.32,79.32,42.58,77.51,75.64
78.81,78.81,41.11,76.83,73.47
80.04,80.04,38.03,76.22,71.76
79.83,79.83,38.45,76.70,75.38
80.49,80.49,36.81,77.09,76.82
80.02,80.02,39.48,76.78,77.18
80.03,80.03,52.62,76.31,73.51
79.48,79.48,70.72,69.93,75.03
78.58,78.58,77.49,60.98,73.17
76.57,76.57,84.88,58.02,72.20
79.33,79.33,76.61,61.30,76.14
79.89,79.89,79.35,70.65,76.81
78.05,78.05,67.04,70.41,78.89
75.33,75.33,65.64,75.65,77.11
74.79,74.79,53.87,77.23,77.12
74.00,74.00,41.19,78.70,76.78
72.96,72.96,39.40,79.42,76.47
70.58,70.58,39.77,79.28,76.74
68.56,68.56,46.00,79.45,77.58
69.49,69.49,57.62,79.59,76.14
66.51,66.51,48.80,79.73,74.32
67.04,67.04,44.01,79.29,76.60
67.73,67.73,37.45,79.26,76.32
70.55,70.55,33.35,80.46,74.27
73.05,73.05,28.79,80.54,71.41
73.11,73.11,28.20,79.79,71.59
70.96,70.96,39.29,78.68,73.17
66.02,66.02,54.74,79.29,72.07
67.40,67.40,65.67,77.12,70.57
73.55,73.55,71.88,71.45,73.52
78.28,78.28,84.96,74.57,74.03
81.15,81.15,79.67,71.80,70.28
81.53,81.53,71.05,62.19,71.74
80.83,80.83,73.37,62.28,69.72
79.44,79.44,70.90,72.99,74.43
77.93,77.93,55.68,77.16,72.90
77.56,77.56,45.89,77.85,72.84
77.34,77.34,42.38,77.29,70.96
77.07,77.07,38.57,78.15,73.00
76.27,76.27,34.91,78.45,73.52
76.07,76.07,34.48,78.50,75.82
77.41,77.41,33.16,79.30,75.67
74.11,74.11,26.66,78.80,73.88
66.11,66.11,20.53,78.56,73.93
64.52,64.52,19.18,78.03,73.09
67.98,67.98,17.76,79.58,72.02
65.01,65.01,17.19,79.71,71.13
66.42,66.42,13.09,79.12,71.52
70.77,70.77,20.91,78.10,73.47
77.14,77.14,28.89,79.22,73.82
77.48,77.48,37.70,79.18,73.84
77.99,77.99,63.56,79.10,74.13
77.74,77.74,59.77,79.05,72.34
77.27,77.27,56.30,78.90,71.18
76.46,76.46,51.51,79.07,71.73
76.85,76.85,44.90,78.22,73.96
78.03,78.03,40.90,79.61,71.26
76.99,76.99,35.27,79.58,69.74
75.90,75.90,33.65,79.31,70.83
73.51,73.51,29.42,78.03,69.74
69.16,69.16,29.33,79.23,71.13
73.93,73.93,37.61,79.33,70.61
76.29,76.29,37.46,79.03,69.42
73.60,73.60,42.65,78.48,68.23
71.97,71.97,38.10,78.75,69.26
70.73,70.73,35.33,79.08,67.54
71.98,71.98,35.86,78.03,69.55
73.11,73.11,35.42,79.24,68.29
73.21,73.21,42.24,79.45,70.72
71.97,71.97,46.99,79.18,71.10
64.30,64.30,59.00,77.94,67.58
61.80,61.80,70.21,77.48,67.37
76.00,76.00,84.24,70.66,67.46
77.84,77.84,81.69,50.44,67.13
80.21,80.21,78.16,44.02,67.53
81.60,81.60,77.40,38.29,68.03
81.10,81.10,74.31,33.94,69.20
81.43,81.43,69.60,38.50,70.62
81.35,81.35,65.81,35.06,70.71
82.14,82.14,61.34,28.57,71.23
82.56,82.56,56.92,25.10,70.83
83.39,83.39,56.88,24.48,70.09
83.49,83.49,53.15,22.19,69.51
82.84,82.84,48.66,21.99,69.02
81.42,81.42,46.95,20.79,69.02
79.56,79.56,44.63,18.51,67.16
74.82,74.82,47.87,14.18,68.96
76.41,76.41,40.83,3.89,68.82
76.63,76.63,40.29,0.24,67.37
74.32,74.32,43.15,0.74,67.60
76.36,76.36,41.88,0.00,67.09
77.79,77.79,42.48,0.24,67.38
76.86,76.86,46.03,4.36,66.42
77.61,77.61,62.39,16.92,66.54
74.21,74.21,64.78,8.36,66.57
72.24,72.24,61.23,2.51,65.38
76.82,76.82,57.17,3.00,69.71
78.49,78.49,51.68,0.93,70.98
76.74,76.74,47.39,1.02,71.40
76.15,76.15,44.15,0.92,68.81
76.74,76.74,42.59,1.92,67.08
72.53,72.53,42.86,1.82,66.58
72.71,72.71,40.93,1.36,67.46
70.33,70.33,38.88,1.24,65.92
67.50,67.50,39.39,0.64,69.02
69.91,69.91,46.98,1.41,66.26
72.01,72.01,51.45,1.13,67.34
69.56,69.56,52.11,3.36,67.16
72.81,72.81,47.42,5.44,67.65
69.65,69.65,44.65,5.57,64.87
63.61,63.61,39.81,9.74,67.62
70.71,70.71,48.46,10.92,65.20
77.10,77.10,54.67,17.67,66.60
69.63,69.63,57.34,34.69,64.46
76.05,76.05,76.42,52.34,72.01
82.33,82.33,84.53,63.15,67.77
80.91,80.91,77.50,67.78,72.94
80.46,80.46,77.56,73.30,74.40
80.51,80.51,72.47,76.17,74.21
79.01,79.01,61.31,74.64,76.45
77.88,77.88,47.16,76.66,73.79
76.64,76.64,38.81,78.88,75.28
77.68,77.68,38.02,78.24,74.43
77.75,77.75,41.05,78.96,72.77
77.61,77.61,46.66,80.78,72.57
77.44,77.44,58.38,81.36,74.55
76.92,76.92,46.86,79.45,71.99
71.22,71.22,41.12,81.42,75.05
72.00,72.00,34.92,81.06,73.60
71.47,71.47,32.48,80.12,73.47
71.29,71.29,29.26,81.03,71.56
72.15,72.15,31.43,81.14,73.81
71.18,71.18,36.44,82.04,72.47
66.51,66.51,49.09,79.60,70.89
68.65,68.65,69.56,78.64,72.84
69.62,69.62,77.17,70.67,73.70
66.91,66.91,81.79,67.50,73.84
71.50,71.50,79.33,69.80,73.98
73.30,73.30,74.25,70.19,75.48
77.01,77.01,76.96,74.31,77.63
79.32,79.32,63.58,75.83,77.45
78.27,78.27,49.58,77.18,76.10
79.16,79.16,49.47,76.65,76.56
79.84,79.84,39.69,77.46,74.14
78.88,78.88,40.41,78.82,73.94
76.24,76.24,46.85,78.63,71.76
74.37,74.37,56.89,78.77,76.97
77.25,77.25,49.51,79.14,77.86
79.37,79.37,44.50,79.18,78.42
80.50,80.50,38.34,80.43,74.74
81.47,81.47,35.76,78.30,72.11
80.73,80.73,30.70,79.22,74.56
78.65,78.65,28.95,80.64,74.56
77.10,77.10,35.20,78.55,73.77
75.70,75.70,56.36,78.74,73.15
72.26,72.26,62.80,80.31,75.11
71.67,71.67,73.02,79.39,76.09
75.77,75.77,84.03,79.53,74.10
74.69,74.69,79.21,80.20,72.48
74.99,74.99,79.00,78.47,76.40
72.33,72.33,75.58,78.96,75.69
69.73,69.73,71.81,74.39,76.54
68.84,68.84,69.03,75.69,76.10
70.54,70.54,62.56,78.27,76.76
66.77,66.77,57.63,77.36,73.87
68.71,68.71,56.20,75.36,74.60
70.17,70.17,54.69,76.13,76.81
70.02,70.02,51.64,77.14,77.46
67.09,67.09,48.64,76.31,78.29
68.95,68.95,43.80,75.84,77.86
68.62,68.62,40.86,76.41,78.11
66.89,66.89,37.62,76.32,75.62
70.33,70.33,35.99,76.28,71.12
68.74,68.74,33.27,77.48,72.28
69.63,69.63,34.76,77.02,70.97
70.42,70.42,50.66,76.14,71.69
66.84,66.84,67.55,72.75,74.05
69.73,69.73,73.24,63.66,72.23
80.88,80.88,84.69,61.37,72.35
79.82,79.82,85.15,68.75,73.64
77.41,77.41,72.47,74.44,75.81
81.73,81.73,72.54,73.72,74.50
82.70,82.70,70.83,75.78,74.72
78.35,78.35,57.27,75.62,77.06
80.53,80.53,44.72,78.62,75.76
65.12,65.12,42.67,78.97,76.55
66.45,66.45,36.08,79.42,74.05
68.78,68.78,38.27,80.91,72.91
74.76,74.76,48.39,80.87,74.62
74.01,74.01,46.85,80.65,75.07
75.86,75.86,43.18,79.68,70.49
78.50,78.50,39.65,80.85,75.69
74.57,74.57,36.54,80.96,74.80
72.88,72.88,34.24,80.82,67.92
66.96,66.96,24.91,81.01,73.13
65.07,65.07,31.70,81.31,73.67
63.05,63.05,43.03,80.85,73.24
62.53,62.53,57.02,79.56,72.33
66.64,66.64,70.53,78.85,72.90
72.63,72.63,82.65,78.48,73.90
77.23,77.23,82.70,77.46,71.22
76.87,76.87,72.24,75.15,71.05
77.79,77.79,74.58,71.91,68.93
77.78,77.78,72.21,74.32,72.30
77.10,77.10,62.81,77.44,70.21
76.65,76.65,50.40,79.03,69.33
77.43,77.43,42.76,79.91,68.19
79.16,79.16,41.99,79.99,68.19
80.41,80.41,44.66,79.37,68.57
78.66,78.66,51.18,80.69,70.91
75.96,75.96,63.51,80.94,72.44
76.53,76.53,59.34,80.48,70.66
78.63,78.63,53.75,80.16,68.61
76.20,76.20,47.87,79.86,68.96
73.98,73.98,40.56,81.07,70.88
74.60,74.60,36.45,81.29,68.25
77.28,77.28,30.75,80.68,69.17
80.19,80.19,32.44,80.52,67.46
76.86,76.86,37.61,80.43,69.92
76.35,76.35,43.34,79.76,68.37
78.36,78.36,65.52,76.31,70.23
79.57,79.57,67.67,65.14,70.34
78.33,78.33,64.14,55.87,67.31
76.20,76.20,60.57,49.03,66.88
76.91,76.91,56.66,36.78,67.68
75.77,75.77,51.89,39.45,68.66
76.85,76.85,47.60,42.99,67.02
78.04,78.04,43.27,36.05,66.14
74.51,74.51,43.67,33.50,65.63
73.12,73.12,41.82,27.47,67.43
73.56,73.56,45.42,17.22,66.77
72.99,72.99,55.82,11.26,68.91
73.22,73.22,54.49,4.33,67.68
71.68,71.68,51.31,5.56,66.88
69.68,69.68,49.71,11.62,67.69
71.47,71.47,44.88,13.75,65.72
71.34,71.34,42.22,9.06,66.96
72.06,72.06,46.22,19.66,68.20
70.25,70.25,44.56,34.34,65.21
73.39,73.39,56.00,45.46,63.81
69.02,69.02,60.12,52.49,62.35
70.99,70.99,78.66,71.15,66.59
72.60,72.60,84.35,80.90,67.11
73.67,73.67,78.14,80.50,72.68
79.95,79.95,77.43,80.84,72.56
79.72,79.72,73.27,80.68,74.59
75.97,75.97,67.97,79.65,74.17
78.36,78.36,63.91,80.52,74.67
79.28,79.28,58.99,80.48,76.83
76.97,76.97,54.63,78.97,75.75
77.68,77.68,53.61,80.20,75.78
77.15,77.15,53.88,80.65,72.45
77.40,77.40,66.17,80.77,71.38
74.70,74.70,63.47,80.91,70.14
76.69,76.69,57.39,81.41,73.44
76.34,76.34,51.93,81.39,74.91
75.76,75.76,46.41,81.79,72.97
79.36,79.36,42.19,81.55,70.35
77.11,77.11,39.88,81.16,74.39
72.07,72.07,36.42,80.96,71.57
71.06,71.06,34.32,80.82,69.77
75.14,75.14,38.84,80.72,72.03
71.88,71.88,49.07,80.81,73.79
69.45,69.45,57.22,80.68,75.14
68.68,68.68,56.97,80.09,71.36
69.95,69.95,52.61,80.20,71.52
69.38,69.38,49.60,80.71,72.63
65.32,65.32,44.34,80.68,73.58
62.99,62.99,37.23,80.72,72.52
58.96,58.96,35.34,80.45,71.10
68.01,68.01,37.59,80.40,70.47
62.94,62.94,43.54,80.22,69.80
64.76,64.76,47.98,80.33,68.57
63.98,63.98,64.97,80.35,68.11
66.11,66.11,66.29,80.36,69.94
70.12,70.12,60.52,80.65,72.88
64.74,64.74,56.42,80.53,72.40
65.93,65.93,50.62,80.27,71.20
61.34,61.34,44.93,79.94,69.82
60.48,60.48,42.01,79.95,72.03
65.43,65.43,41.34,80.06,71.39
65.06,65.06,53.19,79.53,74.55
64.42,64.42,66.82,77.74,75.21
70.63,70.63,72.88,73.95,75.14
77.07,77.07,83.09,74.05,73.62
77.11,77.11,78.43,66.56,72.68
76.70,76.70,74.28,70.53,73.22
78.15,78.15,75.65,74.67,71.31
76.87,76.87,65.74,74.59,74.13
77.41,77.41,54.37,77.95,73.64
78.91,78.91,40.57,78.65,75.85
79.97,79.97,35.93,79.91,76.52
79.99,79.99,39.58,79.31,77.07
80.33,80.33,47.93,81.39,77.49
73.34,73.34,57.39,80.10,76.88
67.68,67.68,52.90,80.29,75.76
70.04,70.04,47.18,81.31,76.70
70.30,70.30,38.61,80.29,75.60
76.09,76.09,31.78,81.68,72.85
75.50,75.50,27.86,80.37,71.41
71.23,71.23,25.91,80.90,72.54
66.01,66.01,32.78,81.48,75.94
67.29,67.29,46.92,80.38,74.50
69.20,69.20,60.46,80.88,74.18
68.57,68.57,74.75,71.62,70.30
65.22,65.22,81.99,62.45,77.23
70.92,70.92,82.98,69.56,76.86
75.57,75.57,75.65,70.06,75.09
79.04,79.04,71.87,75.23,75.15
79.11,79.11,67.11,75.67,73.62
78.16,78.16,54.49,77.25,72.50
77.99,77.99,44.80,77.52,72.80
77.85,77.85,41.43,77.42,73.14
77.49,77.49,38.72,79.60,72.78
78.85,78.85,44.79,78.02,72.59
77.57,77.57,54.70,78.17,72.62
75.44,75.44,53.53,79.87,76.52
73.73,73.73,47.55,78.73,73.16
73.14,73.14,41.95,77.99,72.45
73.20,73.20,36.49,79.60,69.68
70.69,70.69,35.47,79.35,66.70
71.88,71.88,34.84,79.97,71.76
73.77,73.77,33.13,78.82,67.88
73.95,73.95,43.62,79.63,70.11
74.93,74.93,56.78,80.45,67.80
73.93,73.93,67.30,79.39,69.50
76.09,76.09,80.29,78.08,71.99
76.28,76.28,82.29,79.04,72.59
74.25,74.25,80.78,77.39,75.84
69.14,69.14,74.93,77.67,77.70
65.46,65.46,71.81,74.48,74.95
64.88,64.88,71.26,75.84,77.10
65.25,65.25,62.19,78.71,76.61
67.53,67.53,56.84,77.76,75.38
67.08,67.08,55.80,76.06,75.04
65.40,65.40,55.30,77.43,73.89
68.65,68.65,53.36,77.69,75.12
68.35,68.35,51.32,77.15,72.39
65.48,65.48,50.73,77.00,72.43
63.77,63.77,47.51,77.07,72.10
61.83,61.83,43.87,76.52,70.80
62.13,62.13,38.04,76.59,70.61
62.94,62.94,37.70,76.98,71.75
62.54,62.54,35.88,77.25,72.73
59.17,59.17,37.67,76.81,73.49
60.28,60.28,62.53,75.21,73.17
61.81,61.81,71.81,68.01,72.56
66.68,66.68,80.62,60.94,75.90
69.88,69.88,84.50,55.17,73.81
71.67,71.67,77.37,67.55,74.40
73.06,73.06,78.04,73.41,78.21
72.83,72.83,67.60,72.81,77.49
72.41,72.41,62.74,76.26,78.34
74.53,74.53,47.00,78.12,78.24
73.17,73.17,42.54,78.86,77.29
72.86,72.86,40.24,79.60,75.80
67.08,67.08,42.72,79.07,77.15
64.71,64.71,47.64,79.40,75.61
71.37,71.37,59.42,78.99,77.66
67.60,67.60,49.71,79.04,79.50
59.26,59.26,42.57,80.34,80.10
59.56,59.56,36.32,80.59,80.12
63.67,63.67,26.06,79.67,77.22
63.23,63.23,24.56,79.76,75.31
69.23,69.23,34.12,80.14,74.10
72.27,72.27,41.02,79.97,76.75
72.42,72.42,55.92,79.32,76.31
64.98,64.98,65.53,77.89,73.51
64.51,64.51,75.06,75.45,75.44
64.43,64.43,84.33,75.18,69.39
72.60,72.60,73.01,71.32,74.50
74.76,74.76,73.91,64.09,72.28
75.40,75.40,74.44,67.66,72.28
76.14,76.14,65.66,74.41,73.38
77.06,77.06,52.42,76.96,74.13
75.41,75.41,40.19,78.68,72.85
73.61,73.61,36.99,78.62,70.82
75.61,75.61,36.95,78.05,73.02
78.34,78.34,31.95,78.95,71.78
79.51,79.51,30.97,79.08,73.66
77.41,77.41,31.81,78.96,72.78
76.62,76.62,31.92,78.44,70.31
77.59,77.59,33.90,79.76,73.46
76.21,76.21,32.18,79.94,73.15
71.57,71.57,31.84,79.51,70.64
73.94,73.94,31.72,78.39,71.30
75.46,75.46,32.29,79.28,73.14
75.60,75.60,34.58,79.54,73.88
72.13,72.13,39.11,79.13,74.60
73.32,73.32,48.44,79.33,72.14
72.49,72.49,62.34,79.16,73.24
71.82,71.82,59.96,78.95,71.88
74.53,74.53,56.99,78.43,72.16
74.94,74.94,50.59,79.63,75.45
73.81,73.81,46.14,79.73,78.52
71.54,71.54,41.13,79.46,77.92
74.16,74.16,38.14,78.18,75.67
72.88,72.88,37.86,79.13,71.80
71.33,71.33,39.00,79.07,70.54
70.81,70.81,37.46,79.12,72.99
74.83,74.83,35.92,79.09,77.03
72.28,72.28,31.96,78.92,77.66
69.49,69.49,29.31,78.77,74.76
67.34,67.34,24.16,78.12,70.56
65.75,65.75,21.15,79.54,69.72
65.23,65.23,24.48,79.52,67.95
60.45,60.45,19.91,78.97,67.73
63.60,63.60,34.17,77.91,71.18
66.50,66.50,45.87,78.94,73.12
75.38,75.38,61.54,78.67,71.46
77.35,77.35,71.68,77.55,71.68
76.40,76.40,84.73,67.93,71.26
75.83,75.83,80.72,49.58,72.88
76.20,76.20,77.19,41.11,68.50
76.93,76.93,77.23,35.58,69.03
77.95,77.95,71.73,37.52,65.60
76.19,76.19,70.10,39.65,68.81
77.54,77.54,65.01,36.65,69.84
76.07,76.07,61.69,32.50,68.40
78.25,78.25,59.54,33.27,69.18
79.72,79.72,57.91,25.81,69.88
79.91,79.91,49.75,19.98,67.57
79.13,79.13,49.91,15.01,68.98
78.08,78.08,41.91,10.63,67.74
78.61,78.61,42.09,3.98,70.39
77.43,77.43,44.97,1.69,68.74
80.93,80.93,37.52,0.03,68.46
80.53,80.53,35.98,9.07,67.14
80.80,80.80,42.06,5.98,66.58
76.11,76.11,35.68,6.17,68.71
70.34,70.34,38.54,5.87,69.79
70.33,70.33,44.70,6.22,72.78
71.52,71.52,64.71,24.12,71.83
72.67,72.67,63.64,17.11,72.56
77.07,77.07,60.42,3.41,72.37
76.96,76.96,56.72,2.33,72.46
73.32,73.32,51.50,0.55,71.56
70.31,70.31,47.07,0.01,71.76
69.89,69.89,44.01,0.94,68.03
70.60,70.60,38.57,-0.00,65.82
73.66,73.66,36.82,0.53,68.98
74.25,74.25,30.95,3.06,69.35
67.44,67.44,39.14,0.45,70.51
63.41,63.41,35.88,1.08,71.12
67.38,67.38,42.64,2.36,72.68
70.97,70.97,44.25,2.50,70.52
72.68,72.68,41.83,3.04,66.10
73.76,73.76,45.39,3.61,66.36
70.77,70.77,43.85,5.51,67.38
65.06,65.06,38.03,6.65,69.09
63.22,63.22,40.56,7.71,69.62
62.90,62.90,53.48,23.41,67.10
68.70,68.70,58.24,44.74,65.13
73.94,73.94,82.36,59.16,69.88
76.29,76.29,81.53,62.95,64.31
76.00,76.00,74.44,67.31,73.06
74.74,74.74,77.06,73.16,69.13
72.88,72.88,72.16,72.53,70.35
71.50,71.50,61.69,75.30,70.43
72.45,72.45,53.97,77.27,70.09
73.07,73.07,40.79,79.04,70.83
74.85,74.85,42.34,77.20,72.25
74.65,74.65,46.02,80.07,71.40
73.71,73.71,51.49,79.70,75.59
74.43,74.43,56.96,78.43,75.14
74.37,74.37,49.04,80.50,75.41
75.39,75.39,41.42,79.56,74.16
73.93,73.93,36.12,80.58,76.24
75.85,75.85,29.52,79.74,71.32
75.57,75.57,28.96,80.62,65.91
77.89,77.89,30.69,81.35,68.83
74.40,74.40,37.45,78.76,68.47
72.42,72.42,54.04,80.61,71.71
72.22,72.22,69.67,76.43,71.21
72.04,72.04,80.25,70.59,73.38
71.99,71.99,83.85,66.57,74.48
73.44,73.44,76.11,71.80,75.77
72.99,72.99,75.39,70.25,74.61
73.67,73.67,72.91,75.10,74.48
74.93,74.93,60.82,75.14,73.59
74.71,74.71,53.43,76.63,70.70
77.46,77.46,43.09,78.71,70.52
75.10,75.10,39.12,77.60,70.95
72.86,72.86,44.42,77.45,72.15
70.51,70.51,49.07,79.79,71.56
74.04,74.04,60.02,78.99,74.08
75.30,75.30,50.54,79.11,75.36
76.17,76.17,43.59,78.79,74.72
72.23,72.23,37.29,79.19,72.93
67.82,67.82,34.41,80.00,74.00
66.18,66.18,30.36,79.45,73.74
60.43,60.43,29.96,78.96,73.46
64.67,64.67,41.82,79.95,71.41
61.66,61.66,54.78,79.53,68.40
59.56,59.56,64.30,79.37,68.43
58.72,58.72,75.85,79.65,68.23
57.26,57.26,84.04,80.05,66.54
58.78,58.78,82.53,77.86,70.60
60.04,60.04,79.40,78.74,74.70
60.18,60.18,72.69,77.51,71.68
63.31,63.31,72.41,75.77,73.56
60.54,60.54,67.92,78.32,72.04
62.50,62.50,62.29,77.90,73.93
63.46,63.46,61.92,75.30,75.48
62.78,62.78,59.34,76.19,74.62
63.13,63.13,56.51,77.58,77.17
61.20,61.20,54.37,76.87,75.75
61.87,61.87,50.59,77.05,75.46
55.79,55.79,45.51,78.24,73.17
54.56,54.56,44.23,77.28,71.75
55.46,55.46,44.67,76.97,73.93
55.24,55.24,40.28,77.56,73.80
55.89,55.89,39.58,77.57,74.61
55.29,55.29,40.78,76.90,74.87
59.07,59.07,54.47,76.06,76.05
58.71,58.71,68.62,72.77,76.37
68.80,68.80,75.66,63.80,79.24
75.25,75.25,86.61,63.75,76.93
75.07,75.07,81.66,70.20,73.88
76.40,76.40,74.15,75.63,74.21
76.95,76.95,72.34,75.75,72.65
76.03,76.03,69.79,77.23,70.72
74.09,74.09,55.80,76.38,72.56
72.43,72.43,43.95,77.32,69.46
73.35,73.35,42.47,80.37,72.51
70.72,70.72,42.22,80.36,72.76
67.44,67.44,45.52,80.41,73.98
69.30,69.30,56.71,80.28,75.06
71.12,71.12,53.20,81.18,74.75
62.14,62.14,47.09,81.65,76.00
63.29,63.29,40.44,81.13,77.07
67.15,67.15,37.83,81.59,76.61
72.84,72.84,37.49,81.71,76.12
72.82,72.82,37.79,81.36,74.65
74.94,74.94,39.67,81.09,76.33
68.60,68.60,46.88,82.01,74.22
60.23,60.23,62.14,80.56,73.70
61.15,61.15,73.48,77.94,74.97
62.88,62.88,82.09,76.52,73.18
69.31,69.31,83.76,75.47,69.00
75.60,75.60,70.61,74.37,70.99
77.06,77.06,74.02,70.78,72.41
77.10,77.10,72.95,73.95,71.64
75.21,75.21,59.71,78.32,70.03
74.74,74.74,47.80,79.66,72.79
75.14,75.14,45.58,79.63,70.27
74.90,74.90,47.10,80.71,70.09
74.00,74.00,49.04,81.02,67.81
72.88,72.88,56.60,80.85,69.60
74.30,74.30,63.25,79.98,70.86
73.68,73.68,59.28,80.63,69.77
74.82,74.82,53.79,81.06,72.67
75.49,75.49,47.66,80.85,73.55
73.90,73.90,41.98,80.93,72.62
68.45,68.45,41.03,81.10,74.24
67.97,67.97,40.29,80.98,74.59
70.24,70.24,40.70,79.91,73.77
74.11,74.11,45.46,81.07,74.11
73.51,73.51,49.82,81.42,72.64
72.01,72.01,70.35,76.74,72.45
72.96,72.96,68.13,57.28,68.56
72.71,72.71,63.09,52.10,70.27
72.04,72.04,59.83,57.89,69.08
74.82,74.82,54.95,43.95,71.41
74.95,74.95,50.98,43.55,68.62
76.24,76.24,46.70,43.58,70.83
72.70,72.70,46.31,42.56,69.86
69.86,69.86,45.70,36.12,70.22
70.42,70.42,45.37,26.70,70.17
68.89,68.89,50.48,9.63,72.80
67.14,67.14,58.74,17.44,72.15
66.54,66.54,59.28,1.57,70.56
64.66,64.66,57.22,14.69,71.75
64.78,64.78,56.17,18.23,69.74
59.49,59.49,55.51,21.91,72.53
60.51,60.51,53.85,19.77,69.46
61.92,61.92,54.21,32.94,69.91
59.29,59.29,55.31,39.23,68.44
54.99,54.99,57.98,46.85,67.74
59.93,59.93,63.45,56.88,68.22
71.78,71.78,80.74,74.39,73.24
77.02,77.02,81.70,78.93,73.46
77.34,77.34,78.31,80.52,74.00
76.06,76.06,79.02,80.29,74.30
72.07,72.07,72.44,79.47,72.39
74.15,74.15,69.39,80.27,73.99
76.26,76.26,66.36,80.33,75.57
74.14,74.14,60.27,79.37,73.49
73.21,73.21,59.53,80.69,72.48
75.60,75.60,56.78,79.61,70.95
77.23,77.23,55.54,80.45,75.62
77.89,77.89,65.28,80.84,74.21
78.47,78.47,63.15,81.06,78.35
78.94,78.94,57.75,81.12,77.14
77.05,77.05,51.56,80.86,76.62
77.01,77.01,45.56,80.88,74.90
76.36,76.36,41.66,80.91,74.82
77.90,77.90,37.85,80.92,72.71
76.96,76.96,36.62,81.01,73.29
72.71,72.71,40.44,81.11,72.73
69.73,69.73,43.74,81.18,71.02
70.66,70.66,59.66,81.13,72.99
70.74,70.74,68.28,80.40,72.29
71.64,71.64,64.81,80.39,74.21
72.44,72.44,58.71,80.42,74.92
67.59,67.59,54.26,80.12,72.64
69.67,69.67,48.51,80.28,70.75
71.86,71.86,43.96,80.02,70.07
68.96,68.96,39.32,80.01,68.78
69.18,69.18,39.26,79.90,68.77
64.16,64.16,40.40,79.91,69.55
63.37,63.37,43.37,79.98,67.23
71.23,71.23,68.91,80.31,68.99
66.88,66.88,66.81,80.68,68.19
63.39,63.39,59.41,79.63,66.86
62.62,62.62,52.71,80.23,69.49
66.65,66.65,41.74,80.20,68.98
70.96,70.96,41.13,80.09,69.81
75.28,75.28,36.07,80.10,67.16
63.00,63.00,38.21,80.34,71.39
59.69,59.69,54.06,80.16,69.81
62.36,62.36,68.40,78.09,72.42
67.08,67.08,75.73,73.82,73.99
73.82,73.82,84.06,73.97,71.67
75.26,75.26,76.47,66.58,74.57
77.98,77.98,74.13,69.53,75.93
77.28,77.28,74.81,75.16,76.85
73.97,73.97,63.30,75.32,76.73
73.69,73.69,49.58,76.90,75.15
72.96,72.96,42.47,78.55,75.88
73.74,73.74,39.22,78.27,74.21
73.08,73.08,45.85,80.11,74.79
74.47,74.47,49.96,78.69,72.98
72.08,72.08,59.39,80.35,73.95
71.07,71.07,51.35,79.74,74.80
73.28,73.28,47.39,79.50,74.75
74.74,74.74,42.55,80.71,77.56
75.80,75.80,39.94,79.43,76.06
77.07,77.07,34.43,81.01,76.89
76.63,76.63,32.42,79.44,77.39
74.99,74.99,37.05,80.41,75.84
72.91,72.91,46.51,81.02,74.91
71.45,71.45,64.75,78.29,72.39
71.16,71.16,77.42,70.14,73.67
74.02,74.02,80.79,63.45,78.63
73.82,73.82,83.53,68.44,73.66
73.86,73.86,74.31,70.04,77.97
75.25,75.25,74.01,74.59,78.09
77.56,77.56,67.78,76.76,77.86
76.58,76.58,51.91,76.72,77.68
77.81,77.81,49.88,78.43,78.26
78.89,78.89,42.02,76.40,78.80
78.46,78.46,39.06,77.58,77.06
76.04,76.04,43.38,79.67,73.26
69.99,69.99,54.79,78.25,76.45
66.36,66.36,52.90,78.49,76.26
66.69,66.69,45.31,79.70,74.96
63.84,63.84,38.46,78.79,76.76
66.67,66.67,33.28,80.01,77.29
67.13,67.13,29.04,78.82,75.27
68.36,68.36,28.76,79.48,76.02
65.15,65.15,28.35,80.41,77.14
64.46,64.46,42.38,79.25,75.63
59.41,59.41,59.68,79.05,72.20
58.92,58.92,68.39,80.16,73.20
56.79,56.79,83.22,79.12,69.75
53.56,53.56,83.08,77.07,72.65
53.45,53.45,80.67,78.82,74.54
52.00,52.00,73.88,77.78,76.66
51.80,51.80,72.04,74.62,74.60
51.91,51.91,70.28,76.04,75.42
55.07,55.07,65.34,78.94,77.73
54.34,54.34,60.64,77.73,77.72
52.58,52.58,57.62,75.74,76.69
51.49,51.49,54.33,77.30,75.03
49.94,49.94,52.25,77.82,76.60
52.19,52.19,50.03,76.46,75.62
50.18,50.18,48.76,76.85,73.67
49.36,49.36,44.42,77.78,74.57
48.67,48.67,41.64,77.30,74.82
45.23,45.23,39.32,77.49,71.46
43.88,43.88,37.75,77.91,73.94
48.24,48.24,34.24,77.33,73.73
51.03,51.03,42.50,76.57,70.85
59.38,59.38,65.16,74.47,73.83
69.13,69.13,72.46,64.25,71.12
80.00,80.00,82.07,60.42,76.08
79.71,79.71,83.45,61.44,73.47
81.01,81.01,74.93,68.92,75.14
79.59,79.59,74.18,71.53,77.39
76.93,76.93,71.66,74.57,77.19
78.96,78.96,59.70,77.19,76.88
77.27,77.27,46.22,78.26,75.82
76.65,76.65,42.68,79.58,73.18
76.53,76.53,41.36,79.83,72.93
75.26,75.26,43.77,79.10,74.92
72.05,72.05,43.73,79.87,73.06
74.09,74.09,39.22,80.42,73.48
72.70,72.70,35.17,80.29,76.04
73.99,73.99,38.58,79.41,76.89
73.51,73.51,40.17,79.26,76.60
71.95,71.95,33.39,80.18,77.40
71.66,71.66,34.10,80.24,75.09
68.67,68.67,33.49,79.68,75.13
69.00,69.00,43.46,79.64,72.84
67.73,67.73,57.20,79.29,73.45
66.10,66.10,65.62,77.36,75.24
68.78,68.78,79.72,73.74,75.87
71.13,71.13,84.22,73.51,70.26
79.36,79.36,70.67,70.91,68.15
78.10,78.10,74.58,66.93,73.73
76.67,76.67,72.72,70.43,76.86
75.00,75.00,62.46,76.20,76.32
76.90,76.90,46.64,77.94,73.57
77.96,77.96,37.50,78.17,73.50
76.84,76.84,38.85,78.98,73.85
76.45,76.45,35.06,78.96,74.35
76.03,76.03,33.79,78.80,72.18
75.58,75.58,33.42,78.70,73.40
77.01,77.01,33.83,80.02,73.16
77.23,77.23,30.46,79.90,75.86
76.37,76.37,33.77,79.29,74.00
65.65,65.65,33.26,78.89,73.98
65.34,65.34,34.02,79.38,72.99
64.81,64.81,35.63,79.53,72.43
63.18,63.18,38.01,79.20,71.98
65.06,65.06,38.84,79.12,70.97
64.67,64.67,42.04,79.15,73.07
77.50,77.50,51.72,79.36,75.14
81.41,81.41,62.20,78.78,73.96
81.61,81.61,58.97,79.74,72.70
80.54,80.54,54.23,79.60,73.95
79.81,79.81,49.68,79.36,72.64
75.09,75.09,42.95,78.35,72.21
73.89,73.89,39.76,79.54,73.02
77.68,77.68,36.18,79.55,72.92
76.43,76.43,33.22,78.83,71.47
78.05,78.05,31.18,78.94,73.82
75.15,75.15,37.19,79.01,72.01
75.82,75.82,45.60,79.22,74.30
71.76,71.76,44.02,78.52,74.21
71.11,71.11,45.58,79.58,72.80
71.49,71.49,44.94,79.42,73.03
71.75,71.75,36.65,79.20,69.10
73.70,73.70,37.08,78.14,70.88
73.56,73.56,39.48,79.09,73.75
72.36,72.36,40.90,78.83,74.48
66.51,66.51,49.69,79.00,72.09
62.67,62.67,67.26,78.62,69.99
73.89,73.89,74.46,76.47,72.79
77.23,77.23,84.71,64.89,72.51
76.59,76.59,78.85,47.55,72.83
78.74,78.74,77.15,46.78,73.45
80.59,80.59,75.88,35.76,74.56
81.24,81.24,69.66,37.02,73.79
80.18,80.18,66.56,35.62,74.87
79.93,79.93,61.72,29.56,72.57
82.47,82.47,56.61,21.64,71.31
83.97,83.97,54.75,16.92,73.02
82.83,82.83,54.37,17.32,71.77
82.23,82.23,50.62,18.74,69.26
82.09,82.09,47.77,12.77,69.45
82.24,82.24,45.18,13.46,70.55
83.08,83.08,43.97,1.30,70.61
82.76,82.76,42.70,3.80,72.25
83.80,83.80,39.58,0.03,72.31
83.36,83.36,40.46,1.67,71.24
79.91,79.91,42.34,1.08,72.20
80.80,80.80,41.03,7.79,70.35
81.66,81.66,44.15,9.25,72.79
78.05,78.05,50.39,16.59,72.67
77.23,77.23,66.80,24.87,73.02
75.67,75.67,63.42,19.95,70.70
75.24,75.24,60.69,8.54,71.09
73.94,73.94,55.34,5.67,71.16
75.12,75.12,49.15,3.96,69.04
75.00,75.00,43.62,1.41,71.57
74.67,74.67,39.34,1.28,68.48
74.52,74.52,37.02,0.23,67.72
68.72,68.72,36.89,0.74,72.49
69.65,69.65,33.71,5.55,72.28
71.39,71.39,34.59,8.49,71.82
71.79,71.79,35.02,15.80,70.32
70.44,70.44,35.70,15.02,69.66
73.66,73.66,31.71,19.24,66.04
75.59,75.59,33.63,11.14,65.29
72.66,72.66,39.38,18.88,64.54
70.21,70.21,40.83,15.58,65.58
70.26,70.26,36.81,13.47,68.64
66.34,66.34,40.83,11.07,66.58
65.17,65.17,53.93,19.78,66.20
64.61,64.61,56.50,39.10,69.70
73.51,73.51,84.58,58.52,76.90
71.30,71.30,83.78,60.62,72.48
77.96,77.96,74.33,70.49,78.34
78.62,78.62,75.91,74.67,76.21
77.35,77.35,71.29,73.45,75.29
76.77,76.77,56.92,76.58,76.08
77.52,77.52,38.82,78.72,74.91
80.31,80.31,37.79,75.25,73.93
78.84,78.84,39.07,79.05,72.17
80.12,80.12,43.28,80.22,72.62
78.91,78.91,54.10,78.34,71.50
77.66,77.66,53.37,79.65,72.66
77.20,77.20,45.39,81.11,73.76
74.84,74.84,39.39,81.43,74.49
75.13,75.13,35.89,79.17,72.38
75.76,75.76,32.09,81.80,70.26
75.80,75.80,29.43,81.13,70.90
76.49,76.49,32.07,79.34,72.90
78.52,78.52,39.87,81.19,71.27
78.90,78.90,54.34,80.42,72.20
76.08,76.08,72.46,75.91,73.20
78.12,78.12,81.14,67.17,74.37
79.69,79.69,81.11,68.09,75.87
79.17,79.17,73.99,70.45,73.72
79.01,79.01,76.12,71.11,79.08
78.74,78.74,71.77,74.68,79.88
76.73,76.73,56.98,77.03,77.36
76.69,76.69,47.85,76.91,75.20
76.38,76.38,43.63,76.39,77.06
76.96,76.96,38.40,78.18,78.36
78.90,78.90,45.73,78.24,78.57
80.52,80.52,52.37,78.86,79.40
81.25,81.25,58.80,78.66,80.72
80.12,80.12,50.69,78.86,80.95
77.45,77.45,48.82,80.11,78.78
78.04,78.04,42.84,78.83,72.02
78.48,78.48,38.25,78.46,72.21
77.33,77.33,33.73,80.24,75.75
72.72,72.72,32.89,79.09,76.80
71.58,71.58,38.76,78.70,77.58
69.62,69.62,57.49,79.76,76.99
61.84,61.84,64.67,79.53,76.14
62.48,62.48,78.68,80.35,75.78
61.44,61.44,83.35,78.64,72.42
61.76,61.76,79.84,78.59,76.89
64.70,64.70,77.22,77.08,76.80
64.08,64.08,73.24,78.04,79.91
64.94,64.94,70.50,76.97,79.26
63.95,63.95,67.33,78.15,77.67
65.14,65.14,59.36,78.73,78.61
66.19,66.19,57.38,76.81,78.62
65.44,65.44,55.91,76.19,78.91
64.57,64.57,53.83,77.31,77.36
63.54,63.54,50.45,77.59,78.31
60.76,60.76,45.90,77.61,77.94
60.60,60.60,43.49,77.26,75.68
60.65,60.65,41.98,76.70,75.42
54.92,54.92,39.81,76.64,75.01
52.65,52.65,38.37,77.23,74.41
52.66,52.66,37.22,77.08,74.90
55.31,55.31,43.29,76.43,75.05
58.09,58.09,55.51,76.31,74.93
62.66,62.66,71.77,70.21,74.09
80.42,80.42,77.56,61.74,72.66
79.91,79.91,86.27,59.96,70.36
82.82,82.82,78.02,73.24,71.71
82.60,82.60,77.54,76.02,71.66
77.17,77.17,71.92,74.65,74.87
83.83,83.83,65.19,76.02,71.81
81.18,81.18,52.22,78.31,72.68
79.03,79.03,44.66,79.71,71.57
82.54,82.54,44.84,79.10,72.20
84.70,84.70,46.45,79.85,70.71
83.77,83.77,52.59,80.36,71.23
83.69,83.69,60.02,80.78,72.00
82.34,82.34,53.77,80.64,74.74
79.39,79.39,50.89,81.45,73.75
74.47,74.47,44.72,81.46,77.09
78.63,78.63,42.38,80.37,74.61
74.68,74.68,36.59,81.40,73.98
68.30,68.30,35.11,81.63,71.14
73.77,73.77,38.70,81.52,69.09
75.35,75.35,50.42,80.64,72.36
72.24,72.24,62.48,78.25,73.35
73.69,73.69,74.23,78.21,75.11
72.67,72.67,83.27,78.21,72.99
74.61,74.61,80.84,76.55,71.33
76.04,76.04,73.78,72.65,69.60
77.69,77.69,74.10,71.08,73.57
75.75,75.75,71.27,74.46,70.74
74.48,74.48,56.42,77.46,71.83
68.20,68.20,32.82,79.60,73.09
69.66,69.66,36.05,80.09,72.82
67.41,67.41,35.06,79.53,70.28
72.84,72.84,39.69,78.82,70.13
70.16,70.16,39.59,79.72,70.11
71.31,71.31,40.48,80.20,71.42
70.97,70.97,41.31,80.04,69.16
70.37,70.37,40.72,80.20,66.98
70.55,70.55,37.95,80.11,69.32
68.77,68.77,34.13,80.35,65.86
66.79,66.79,27.47,79.66,65.45
62.57,62.57,24.79,80.42,65.26
63.44,63.44,37.42,81.00,67.75
65.75,65.75,49.47,80.92,66.80
68.84,68.84,53.55,80.04,68.34
68.74,68.74,70.24,73.55,66.85
80.93,80.93,66.62,57.50,69.09
77.36,77.36,60.66,48.10,70.00
78.78,78.78,56.31,50.11,70.76
80.16,80.16,50.57,40.22,69.74
76.82,76.82,42.79,44.04,66.73
78.80,78.80,36.74,37.06,64.88
80.31,80.31,37.10,34.60,64.87
78.86,78.86,40.39,35.90,64.09
78.34,78.34,46.02,36.11,63.52
78.12,78.12,52.71,22.93,64.83
76.87,76.87,57.84,22.52,63.05
73.49,73.49,58.89,16.70,61.69
65.88,65.88,58.14,16.79,63.85
68.20,68.20,56.10,17.48,63.01
67.56,67.56,56.51,9.39,63.69
69.30,69.30,53.27,13.17,65.24
71.42,71.42,49.12,20.81,64.82
74.21,74.21,51.08,32.64,65.22
73.72,73.72,58.44,39.05,65.73
70.56,70.56,62.54,56.62,62.68
71.79,71.79,84.68,76.85,71.98
78.36,78.36,82.34,78.61,68.24
78.00,78.00,77.39,80.53,72.51
78.67,78.67,75.62,80.19,74.14
80.15,80.15,71.91,78.99,72.40
79.80,79.80,66.35,80.58,72.32
78.89,78.89,60.51,80.39,71.08
79.27,79.27,57.13,78.80,73.15
80.05,80.05,52.71,80.40,70.63
80.03,80.03,51.53,80.44,69.73
79.47,79.47,57.85,80.52,73.90
79.68,79.68,65.37,81.39,71.64
80.38,80.38,60.71,81.49,74.20
81.23,81.23,56.22,81.80,72.19
81.47,81.47,49.16,81.49,72.35
81.50,81.50,42.19,81.25,72.98
80.99,80.99,37.80,81.24,71.07
79.84,79.84,34.34,80.99,72.41
76.42,76.42,34.14,81.04,70.51
77.50,77.50,38.08,81.10,70.01
78.10,78.10,44.25,80.73,71.33
75.96,75.96,63.92,80.83,71.22
74.88,74.88,66.55,80.62,71.22
71.49,71.49,60.17,80.30,67.70
68.43,68.43,55.71,80.86,69.67
71.16,71.16,49.58,80.78,70.07
70.02,70.02,42.89,80.90,71.60
73.29,73.29,38.71,80.88,72.21
72.58,72.58,37.75,80.67,73.03
71.48,71.48,42.36,80.37,71.37
71.78,71.78,36.97,80.25,70.65
71.13,71.13,43.35,80.01,68.57
72.70,72.70,50.70,79.74,71.39
72.01,72.01,47.37,80.05,74.56
70.50,70.50,43.35,79.62,74.38
66.91,66.91,38.30,79.91,72.61
64.77,64.77,36.21,79.90,70.25
62.38,62.38,34.45,80.17,68.82
61.97,61.97,36.48,80.68,68.21
63.29,63.29,43.06,80.07,67.83
62.49,62.49,55.93,79.89,66.94
60.75,60.75,69.82,78.25,65.65
71.70,71.70,78.84,74.35,74.23
77.05,77.05,83.37,71.47,69.08
77.65,77.65,74.38,62.75,73.91
76.99,76.99,75.68,71.02,74.02
77.19,77.19,72.68,74.45,72.80
76.55,76.55,60.16,77.01,73.19
77.04,77.04,44.54,77.60,76.12
77.87,77.87,40.97,78.73,75.33
77.46,77.46,41.81,79.38,76.13
77.11,77.11,44.68,79.76,75.57
76.06,76.06,50.86,81.09,76.73
76.81,76.81,59.79,79.43,75.70
76.13,76.13,51.32,80.90,72.35
76.29,76.29,46.23,81.25,75.20
77.14,77.14,42.18,79.96,73.41
77.66,77.66,39.47,81.65,73.55
77.86,77.86,35.91,80.42,71.94
78.07,78.07,34.72,81.31,73.50
77.95,77.95,38.45,80.20,73.75
74.06,74.06,49.11,80.24,68.77
72.93,72.93,68.74,78.74,70.94
71.37,71.37,77.04,68.69,74.08
75.67,75.67,81.83,63.80,77.10
75.27,75.27,81.57,71.22,76.97
75.87,75.87,73.15,70.83,76.22
77.15,77.15,75.26,74.33,74.72
76.93,76.93,62.51,76.61,75.38
74.57,74.57,46.45,76.73,74.82
74.27,74.27,44.94,77.07,72.33
75.36,75.36,40.31,78.73,75.29
74.69,74.69,41.57,78.45,75.57
75.03,75.03,47.80,77.66,76.79
77.09,77.09,58.63,79.39,75.82
76.32,76.32,52.29,79.19,75.62
76.38,76.38,48.32,79.23,76.16
72.04,72.04,43.35,78.86,75.92
69.22,69.22,38.89,79.37,75.01
63.35,63.35,34.48,80.38,72.43
61.35,61.35,32.56,78.53,70.98
59.86,59.86,33.20,79.29,71.69
62.16,62.16,48.91,80.49,69.56
59.23,59.23,61.99,79.42,69.80
56.53,56.53,67.59,78.80,72.69
58.28,58.28,83.90,78.58,74.47
57.17,57.17,83.15,78.46,76.48
56.12,56.12,79.28,76.95,74.77
60.01,60.01,74.24,77.39,75.17
60.61,60.61,72.23,75.93,75.15
62.40,62.40,68.62,77.51,77.02
61.92,61.92,61.59,78.77,77.63
63.23,63.23,59.35,77.03,72.84
63.23,63.23,55.28,76.07,74.82
63.39,63.39,52.36,77.40,76.22
62.12,62.12,48.55,77.94,72.10
63.74,63.74,45.19,77.31,71.41
61.61,61.61,44.32,77.46,74.27
60.02,60.02,42.79,78.20,73.67
58.33,58.33,40.25,77.19,73.21
54.97,54.97,38.29,76.77,70.69
53.11,53.11,38.61,77.26,72.72
52.95,52.95,37.04,77.32,70.20
53.71,53.71,45.59,76.48,71.15
52.52,52.52,65.16,74.18,70.63
63.83,63.83,74.59,65.17,72.45
75.04,75.04,83.58,61.56,72.47
73.67,73.67,82.73,61.86,75.46
76.18,76.18,75.91,69.07,74.08
76.25,76.25,68.54,69.14,74.14
74.77,74.77,72.54,71.12,75.81
74.29,74.29,61.26,75.85,75.19
75.36,75.36,45.52,78.38,74.15
74.68,74.68,42.07,78.69,74.70
74.82,74.82,43.15,79.47,75.16
75.36,75.36,46.78,80.20,75.38
75.72,75.72,55.39,79.77,75.73
76.91,76.91,53.65,78.53,77.89
73.93,73.93,47.61,79.23,78.73
72.13,72.13,43.82,79.38,75.45
73.94,73.94,39.35,79.90,76.21
73.80,73.80,37.22,79.40,77.00
73.54,73.54,37.15,79.53,77.07
75.05,75.05,36.03,79.89,79.42
75.83,75.83,44.82,79.05,78.59
76.07,76.07,58.32,78.98,75.78
74.15,74.15,70.91,77.57,76.92
72.32,72.32,83.43,75.95,76.97
73.49,73.49,82.02,75.64,74.17
73.49,73.49,67.42,71.69,75.15
73.34,73.34,75.79,65.38,76.85
76.19,76.19,72.18,70.55,78.53
77.04,77.04,62.01,73.37,78.54
77.46,77.46,50.79,77.02,76.21
77.00,77.00,43.28,78.05,73.35
75.76,75.76,39.83,77.97,73.17
75.59,75.59,33.13,78.60,75.87
76.58,76.58,31.85,79.37,76.88
76.49,76.49,32.07,79.48,75.20
76.22,76.22,37.54,78.73,70.08
76.36,76.36,39.10,78.29,71.44
76.35,76.35,40.69,79.13,70.35
75.58,75.58,37.63,79.66,67.52
72.81,72.81,31.39,79.04,70.73
66.24,66.24,19.86,78.86,70.41
69.60,69.60,23.85,79.01,71.08
72.43,72.43,32.21,78.97,70.44
70.97,70.97,41.63,78.79,71.08
70.52,70.52,56.99,79.87,70.72
73.22,73.22,62.32,79.82,69.80
73.32,73.32,59.87,79.02,71.73
65.03,65.03,55.98,78.91,72.39
62.56,62.56,50.54,79.53,69.74
66.75,66.75,45.02,79.67,68.96
65.89,65.89,39.08,78.97,70.50
64.56,64.56,41.01,79.29,71.97
63.40,63.40,41.30,78.98,72.04
61.96,61.96,38.92,78.74,73.86
61.39,61.39,37.83,78.78,71.93
58.38,58.38,38.06,79.43,68.58
58.72,58.72,37.17,79.70,69.24
59.95,59.95,33.50,78.32,68.17
61.58,61.58,30.34,78.55,72.22
58.23,58.23,24.05,79.09,70.80
56.51,56.51,19.38,79.01,68.93
56.39,56.39,24.22,78.41,69.81
55.44,55.44,38.47,78.37,70.47
62.57,62.57,52.09,78.64,67.98
62.21,62.21,70.01,77.54,66.00
63.53,63.53,76.72,76.16,68.37
72.58,72.58,83.69,61.23,69.97
76.86,76.86,78.04,43.86,70.46
75.96,75.96,78.47,41.49,67.00
72.81,72.81,75.26,38.82,66.86
75.52,75.52,71.60,38.28,66.17
77.95,77.95,66.59,37.08,67.70
77.44,77.44,62.84,33.27,67.59
78.16,78.16,57.81,29.40,71.79
78.48,78.48,57.40,19.01,71.60
81.43,81.43,54.66,18.15,72.25
80.68,80.68,49.12,15.27,74.03
79.82,79.82,46.15,14.29,72.11
77.90,77.90,44.01,17.31,72.63
79.02,79.02,41.25,16.89,72.30
76.07,76.07,38.69,12.80,72.91
73.78,73.78,38.47,8.67,72.01
74.85,74.85,36.95,7.87,68.57
72.20,72.20,37.24,3.64,69.15
69.41,69.41,38.64,1.57,70.25
67.11,67.11,41.34,3.97,68.75
70.87,70.87,50.52,7.02,70.88
71.80,71.80,65.41,18.31,69.72
68.63,68.63,62.85,17.74,75.40
72.38,72.38,59.76,3.18,77.75
71.75,71.75,54.55,6.19,77.46
74.01,74.01,48.94,3.47,72.91
69.81,69.81,43.19,6.94,68.86
67.91,67.91,40.95,6.59,70.66
66.13,66.13,38.85,8.83,74.80
68.65,68.65,37.14,8.07,74.22
69.93,69.93,35.54,8.98,72.04
68.41,68.41,33.74,3.38,72.51
65.54,65.54,23.42,8.39,69.35
67.65,67.65,36.47,9.48,68.81
72.44,72.44,37.37,8.84,67.63
73.31,73.31,35.86,4.40,65.98
73.81,73.81,35.49,6.81,70.32
70.40,70.40,41.20,9.50,71.86
63.49,63.49,36.56,11.50,69.53
59.46,59.46,44.42,18.09,65.68
57.38,57.38,55.24,29.26,61.69
61.66,61.66,63.37,50.22,65.91
72.73,72.73,84.11,61.66,68.08
73.92,73.92,80.86,64.73,67.74
74.28,74.28,75.18,71.75,70.97
73.61,73.61,76.94,71.53,69.69
73.72,73.72,70.86,74.30,71.33
75.01,75.01,56.82,76.33,69.81
75.85,75.85,47.31,75.36,68.98
75.94,75.94,39.44,78.27,70.71
76.63,76.63,42.69,78.50,67.85
77.43,77.43,47.14,79.96,72.57
77.77,77.77,56.53,78.85,74.40
78.80,78.80,53.53,79.95,75.58
77.20,77.20,47.96,80.91,76.87
72.04,72.04,41.74,79.40,76.10
73.17,73.17,35.40,81.50,76.37
74.69,74.69,30.73,79.93,73.13
76.75,76.75,29.30,80.61,73.57
76.05,76.05,33.43,80.54,72.44
76.96,76.96,41.06,79.63,74.21
76.15,76.15,56.72,80.27,73.57
75.68,75.68,73.23,73.73,69.69
73.61,73.61,84.49,67.73,72.14
75.51,75.51,83.45,69.54,72.90
73.45,73.45,74.68,69.42,76.11
70.75,70.75,73.43,73.25,76.73
69.78,69.78,72.35,74.33,76.21
71.39,71.39,54.01,75.17,75.70
70.96,70.96,45.76,78.18,74.72
72.11,72.11,42.51,77.59,73.18
69.42,69.42,39.40,78.03,72.25
70.12,70.12,46.75,78.43,73.18
68.11,68.11,53.83,79.12,73.22
68.14,68.14,56.09,79.95,77.51
66.31,66.31,48.16,78.59,76.67
66.84,66.84,42.28,79.30,73.20
61.08,61.08,35.82,80.16,71.68
60.15,60.15,31.60,79.26,73.44
59.49,59.49,28.28,79.04,72.32
59.70,59.70,32.65,79.88,74.57
60.01,60.01,42.91,79.52,71.28
60.40,60.40,55.58,80.51,70.51
55.73,55.73,65.48,79.00,67.22
57.32,57.32,81.08,79.73,69.41
57.64,57.64,83.66,80.39,69.39
58.47,58.47,80.83,77.45,75.31
56.73,56.73,75.41,79.20,75.63
59.11,59.11,74.33,76.44,73.27
59.11,59.11,71.84,74.73,75.14
61.57,61.57,65.44,77.49,75.90
59.87,59.87,61.81,77.60,75.25
57.33,57.33,60.76,76.41,73.88
56.86,56.86,56.96,76.80,72.78
58.42,58.42,55.35,77.78,75.54
54.96,54.96,50.99,77.37,74.66
54.39,54.39,46.17,76.89,74.93
59.12,59.12,44.59,76.89,72.99
57.04,57.04,42.22,76.86,72.77
53.61,53.61,40.40,76.84,73.51
51.95,51.95,38.88,77.26,69.19
52.03,52.03,37.23,77.89,70.25
53.03,53.03,41.04,77.06,74.63
52.47,52.47,60.32,75.15,72.65
53.00,53.00,71.82,66.65,72.00
59.87,59.87,81.14,60.23,70.49
58.10,58.10,86.30,61.39,72.28
65.47,65.47,76.01,73.67,71.91
72.62,72.62,77.21,75.36,73.39
74.95,74.95,70.26,77.23,71.11
72.78,72.78,63.30,76.77,72.37
71.85,71.85,46.09,76.30,71.33
72.41,72.41,43.13,77.92,69.93
72.04,72.04,41.62,78.52,68.94
72.19,72.19,44.26,79.50,73.01
72.64,72.64,49.36,79.70,69.88
77.40,77.40,58.79,80.91,74.69
73.53,73.53,48.99,81.73,74.52
74.73,74.73,43.52,81.03,75.34
75.08,75.08,38.81,81.62,74.20
75.95,75.95,35.17,82.02,74.12
73.63,73.63,34.71,82.06,73.67
74.14,74.14,34.90,81.40,73.20
72.48,72.48,39.08,80.87,72.37
71.58,71.58,53.69,81.09,72.62
74.43,74.43,65.67,79.62,73.38
74.10,74.10,76.33,78.85,72.66
73.54,73.54,84.92,79.23,69.49
72.55,72.55,76.53,77.45,70.12
71.79,71.79,74.58,74.57,68.20
72.61,72.61,74.41,73.12,69.35
70.39,70.39,67.34,77.46,73.18
69.24,69.24,52.45,79.83,71.35
68.80,68.80,42.48,80.18,71.27
70.59,70.59,40.28,79.48,68.69
72.16,72.16,41.76,80.43,68.53
72.35,72.35,45.87,80.74,72.44
72.11,72.11,62.30,80.82,70.75
69.19,69.19,62.80,80.84,71.74
69.82,69.82,56.47,80.87,74.04
72.88,72.88,50.58,80.47,71.03
72.97,72.97,44.41,80.15,72.00
71.71,71.71,39.18,81.35,73.51
71.81,71.81,34.76,81.42,70.07
68.81,68.81,34.97,81.06,71.79
69.68,69.68,40.67,79.97,73.96
66.13,66.13,45.13,80.81,72.19
64.24,64.24,55.11,81.16,71.27
65.03,65.03,70.91,71.47,71.96
70.30,70.30,68.54,43.92,71.75
69.20,69.20,63.59,48.93,74.30
69.89,69.89,58.45,47.37,73.55
69.31,69.31,52.91,44.29,74.44
65.87,65.87,47.87,42.80,70.88
61.50,61.50,43.82,37.40,70.11
58.86,58.86,42.31,39.89,73.34
61.45,61.45,42.51,38.40,72.90
63.47,63.47,45.04,32.62,71.83
64.39,64.39,55.37,28.77,71.99
62.13,62.13,59.33,25.91,71.68
59.86,59.86,57.86,13.63,70.03
56.18,56.18,57.44,10.74,68.95
56.54,56.54,56.28,12.79,67.88
54.88,54.88,56.13,14.93,66.65
56.60,56.60,55.00,24.04,69.71
56.64,56.64,55.44,31.47,66.40
55.50,55.50,56.28,42.41,66.04
54.42,54.42,63.72,49.00,66.30
62.11,62.11,66.27,65.88,66.08
71.50,71.50,84.08,77.59,73.46
74.40,74.40,78.61,79.16,73.36
72.92,72.92,80.06,80.95,72.32
73.18,73.18,76.87,80.02,74.95
73.07,73.07,73.10,78.71,71.81
76.90,76.90,70.09,79.90,74.82
75.16,75.16,65.77,80.55,74.84
75.63,75.63,57.62,78.50,74.07
76.93,76.93,54.57,79.19,74.98
77.08,77.08,52.90,78.59,71.64
77.88,77.88,59.74,80.62,73.13
79.60,79.60,65.53,81.12,74.50
79.42,79.42,59.75,80.92,73.11
77.94,77.94,55.03,80.84,73.65
77.09,77.09,48.75,81.01,74.80
76.63,76.63,45.32,80.94,72.10
76.34,76.34,42.09,81.12,74.99
77.15,77.15,40.07,81.05,72.54
77.12,77.12,41.13,81.18,72.87
78.92,78.92,46.04,81.17,76.47
78.18,78.18,50.55,80.61,76.31
78.25,78.25,67.88,80.31,71.64
78.43,78.43,66.08,80.77,74.02
77.16,77.16,61.93,80.00,72.37
71.55,71.55,56.59,80.24,73.94
69.78,69.78,51.20,80.50,71.95
69.82,69.82,44.72,80.12,70.51
69.88,69.88,42.03,79.94,70.60
70.21,70.21,38.42,80.21,69.94
71.28,71.28,39.30,80.00,72.30
72.04,72.04,45.73,79.95,73.33
69.84,69.84,54.62,80.41,74.39
71.17,71.17,68.29,80.50,77.36
72.07,72.07,63.41,79.87,78.00
69.48,69.48,58.87,79.75,76.40
67.78,67.78,49.10,79.93,74.43
69.18,69.18,38.43,79.87,72.14
69.79,69.79,34.06,79.35,68.77
72.85,72.85,39.68,79.52,69.95
72.52,72.52,42.48,79.53,70.61
65.32,65.32,58.63,79.31,70.32
61.76,61.76,70.59,77.76,69.01
72.28,72.28,80.88,75.88,69.21
75.95,75.95,80.60,72.69,74.89
76.33,76.33,73.69,68.20,70.59
75.87,75.87,75.93,72.13,68.55
75.43,75.43,69.04,75.09,68.23
76.36,76.36,59.35,74.23,71.77
76.92,76.92,42.95,78.52,71.79
76.39,76.39,36.88,78.00,73.60
76.72,76.72,33.48,77.36,75.90
73.97,73.97,30.46,79.78,76.12
73.22,73.22,27.40,79.00,75.22
76.14,76.14,32.42,80.23,75.64
76.57,76.57,31.00,79.28,78.22
79.61,79.61,28.69,80.90,78.15
78.75,78.75,29.52,80.02,78.83
78.12,78.12,30.21,79.59,78.00
79.82,79.82,30.40,81.06,77.38
79.06,79.06,29.65,79.12,77.29
79.38,79.38,34.54,80.46,74.20
78.91,78.91,58.25,80.44,73.89
76.98,76.98,68.55,76.71,73.56
82.79,82.79,80.20,63.62,75.05
88.22,88.22,83.07,65.30,73.59
90.29,90.29,79.14,70.43,71.50
87.21,87.21,74.12,71.97,74.74
83.54,83.54,73.89,75.67,74.19
84.62,84.62,60.02,75.77,76.92
78.27,78.27,44.29,79.00,73.62
77.37,77.37,41.56,77.61,75.93
81.84,81.84,37.42,77.35,76.88
86.95,86.95,42.09,80.01,72.59
87.66,87.66,46.75,79.11,73.52
88.38,88.38,51.16,78.49,73.36
85.54,85.54,46.98,79.53,73.34
81.90,81.90,44.39,79.37,73.51
82.80,82.80,40.16,80.33,74.08
82.90,82.90,35.27,78.57,73.50
85.21,85.21,32.13,78.96,72.37
87.28,87.28,34.25,80.19,72.38
80.35,80.35,39.63,79.51,73.47
84.14,84.14,50.31,78.93,73.57
82.97,82.97,63.97,79.84,68.55
84.47,84.47,67.96,79.41,76.92
82.98,82.98,84.37,78.24,74.48
81.64,81.64,81.28,78.64,76.12
78.56,78.56,76.06,77.99,74.04
80.82,80.82,73.65,76.40,74.65
80.53,80.53,71.83,73.40,76.88
78.72,78.72,66.56,77.08,74.83
79.67,79.67,59.90,77.98,76.88
81.75,81.75,56.26,75.63,75.61
76.25,76.25,51.09,75.04,73.74
75.30,75.30,47.63,77.48,75.75
72.38,72.38,45.29,78.42,75.22
74.21,74.21,41.76,77.86,78.80
73.31,73.31,38.48,77.75,78.46
69.66,69.66,36.27,77.74,76.70
73.00,73.00,35.86,77.68,80.95
75.14,75.14,33.70,77.54,79.92
75.23,75.23,33.27,78.01,79.91
76.36,76.36,32.12,77.95,78.05
75.11,75.11,47.82,77.50,77.76
73.11,73.11,66.39,74.00,77.66
73.95,73.95,74.14,63.60,78.20
74.66,74.66,84.68,57.35,78.08
74.53,74.53,81.72,60.04,79.92
79.60,79.60,77.11,66.40,81.53
79.85,79.85,71.63,71.73,79.52
79.27,79.27,70.64,75.62,78.73
75.84,75.84,55.30,77.34,75.25
74.89,74.89,49.15,79.21,75.61
77.82,77.82,44.01,79.90,75.24
78.39,78.39,46.01,79.65,71.96
78.71,78.71,48.73,78.29,75.54
74.54,74.54,53.71,79.35,76.29
74.05,74.05,50.40,79.83,74.47
77.01,77.01,44.61,79.88,71.38
77.74,77.74,41.95,79.37,74.74
75.24,75.24,41.65,79.67,76.40
73.56,73.56,38.22,79.68,74.19
74.51,74.51,35.57,78.67,75.61
73.52,73.52,38.96,79.54,72.71
71.40,71.40,46.31,80.03,73.73
68.36,68.36,60.21,78.67,72.77
69.26,69.26,70.36,76.11,73.29
72.49,72.49,83.80,72.42,76.26
70.92,70.92,84.23,71.34,75.83
77.97,77.97,64.87,65.65,76.41
76.10,76.10,73.72,68.90,75.65
74.40,74.40,73.67,72.54,74.29
81.34,81.34,53.83,76.31,75.57
77.09,77.09,45.53,76.82,73.03
86.01,86.01,36.50,77.99,71.27
88.03,88.03,33.01,79.06,69.06
88.56,88.56,35.19,79.11,71.26
87.44,87.44,31.89,77.85,72.92
87.20,87.20,31.78,78.60,72.72
85.92,85.92,28.43,79.41,73.13
81.55,81.55,28.74,79.00,73.58
77.31,77.31,29.87,78.62,71.48
79.66,79.66,28.76,79.18,74.17
79.39,79.39,27.53,79.23,73.20
76.04,76.04,22.91,78.21,74.43
72.48,72.48,22.32,78.80,74.31
71.81,71.81,28.28,79.59,72.81
72.60,72.60,36.47,79.58,73.24
76.22,76.22,57.97,78.47,71.97
78.87,78.87,60.82,78.48,73.08
76.84,76.84,57.40,79.38,72.56
81.32,81.32,53.45,79.19,71.10
81.79,81.79,49.40,78.62,71.75
78.41,78.41,45.66,78.97,72.12
83.52,83.52,43.80,78.97,74.71
85.40,85.40,41.18,78.69,73.82
83.58,83.58,43.67,78.45,70.76
83.30,83.30,41.91,79.61,73.49
84.71,84.71,40.22,79.42,69.77
84.28,84.28,41.83,78.81,72.10
83.04,83.04,39.77,78.13,69.33
83.86,83.86,38.44,79.29,71.57
82.02,82.02,38.49,79.35,70.07
83.11,83.11,34.95,78.87,70.00
79.57,79.57,35.30,78.96,70.34
78.84,78.84,35.04,78.68,69.07
81.04,81.04,40.56,78.53,69.11
79.12,79.12,58.97,78.42,67.18
80.37,80.37,67.13,79.02,67.44
80.85,80.85,78.81,75.06,68.57
80.87,80.87,82.66,57.31,67.84
80.51,80.51,77.58,43.92,71.11
80.11,80.11,76.92,41.35,70.76
76.67,76.67,74.20,38.71,67.65
73.81,73.81,69.45,39.05,71.17
78.25,78.25,63.59,39.92,72.15
82.02,82.02,60.81,32.83,74.08
82.26,82.26,57.93,32.49,74.05
78.80,78.80,56.14,29.68,73.80
77.17,77.17,56.60,22.30,74.56
75.28,75.28,51.37,17.11,73.61
77.24,77.24,43.54,12.82,72.70
78.12,78.12,41.95,13.82,73.29
75.68,75.68,38.73,14.60,72.81
74.68,74.68,40.22,11.64,73.94
76.24,76.24,33.93,11.43,67.27
76.64,76.64,43.82,11.81,72.89
77.21,77.21,37.48,8.55,71.87
75.64,75.64,36.62,0.18,71.27
75.96,75.96,39.58,0.54,69.62
76.73,76.73,38.92,4.42,67.16
75.70,75.70,43.13,8.33,71.15
70.80,70.80,44.14,2.85,69.44
77.68,77.68,47.70,1.42,71.07
86.37,86.37,48.60,2.16,71.45
85.20,85.20,48.56,3.56,68.99
82.27,82.27,46.79,4.85,68.84
77.67,77.67,47.15,4.70,70.61
81.53,81.53,47.80,5.94,71.03
86.10,86.10,47.00,8.89,68.49
81.05,81.05,48.30,8.67,66.06
84.87,84.87,49.20,7.66,68.37
83.58,83.58,49.69,8.95,67.94
79.26,79.26,49.80,7.83,66.50
79.60,79.60,51.05,4.63,62.22
79.40,79.40,50.02,3.82,63.44
70.22,70.22,48.00,4.35,63.91
75.87,75.87,43.22,6.16,61.10
73.14,73.14,44.02,6.21,64.19
72.96,72.96,46.84,18.18,65.30
72.43,72.43,55.84,28.21,63.88
75.00,75.00,66.96,48.01,70.73
74.43,74.43,86.00,62.16,71.79
73.21,73.21,77.63,64.22,74.32
77.47,77.47,76.87,68.33,71.41
80.08,80.08,77.20,72.88,73.75
76.76,76.76,65.95,74.67,72.39
79.42,79.42,49.59,74.93,70.48
80.50,80.50,40.69,76.62,73.72
82.18,82.18,40.74,77.77,72.91
82.78,82.78,40.83,79.82,74.62
81.93,81.93,46.60,78.54,73.27
84.53,84.53,56.56,80.73,72.85
82.49,82.49,50.91,79.83,75.59
82.09,82.09,46.22,79.29,75.28
81.48,81.48,40.71,80.96,75.01
80.33,80.33,35.92,79.91,75.93
79.74,79.74,30.74,81.26,76.01
79.25,79.25,27.00,80.28,74.24
76.62,76.62,35.78,80.34,77.19
74.08,74.08,41.40,80.71,77.95
70.79,70.79,65.12,77.90,77.91
73.62,73.62,76.80,71.65,78.79
72.14,72.14,82.16,66.29,78.11
74.36,74.36,85.06,66.77,77.36
67.26,67.26,72.97,70.32,80.71
73.72,73.72,75.92,71.79,81.23
75.44,75.44,70.15,75.95,78.85
78.39,78.39,47.33,75.93,78.65
80.95,80.95,43.98,76.82,79.88
79.66,79.66,46.10,78.16,77.08
76.28,76.28,39.74,77.83,78.13
78.69,78.69,46.75,79.70,78.03
73.75,73.75,54.97,77.98,75.79
74.29,74.29,54.04,78.65,76.73
78.11,78.11,48.40,80.36,76.31
78.28,78.28,40.89,79.53,74.07
76.86,76.86,35.55,78.47,70.54
77.33,77.33,32.35,79.98,72.13
78.07,78.07,30.27,79.67,70.84
77.97,77.97,31.38,79.69,74.39
72.87,72.87,42.37,78.60,75.24
64.87,64.87,55.33,79.90,76.96
72.25,72.25,62.95,80.47,77.06
78.21,78.21,81.74,78.56,76.26
77.96,77.96,81.53,79.08,73.70
77.83,77.83,79.65,77.45,73.37
79.62,79.62,75.92,76.88,74.90
79.62,79.62,71.21,75.92,75.50
81.50,81.50,70.26,77.39,75.14
81.54,81.54,62.81,79.27,73.58
81.55,81.55,57.94,78.97,76.41
81.07,81.07,54.71,77.76,75.99
83.78,83.78,50.02,78.12,76.31
84.46,84.46,47.40,78.18,77.19
83.09,83.09,44.87,77.13,77.21
85.08,85.08,42.60,76.97,77.61
85.73,85.73,42.14,77.66,78.59
87.68,87.68,40.67,75.34,78.08
86.93,86.93,37.04,76.11,78.86
83.43,83.43,36.74,76.69,77.47
74.13,74.13,36.23,75.59,79.06
77.76,77.76,44.41,75.89,77.70
78.14,78.14,61.61,73.69,78.64
77.29,77.29,71.85,67.60,78.67
76.02,76.02,82.57,63.60,77.74
76.62,76.62,85.61,63.82,78.58
78.57,78.57,75.13,73.72,78.04
82.44,82.44,74.34,75.03,77.51
74.68,74.68,69.31,75.26,77.77
76.91,76.91,63.24,76.50,76.93
77.30,77.30,49.21,76.32,76.95
77.11,77.11,47.94,78.79,74.88
78.82,78.82,40.44,79.00,75.38
80.63,80.63,38.63,80.45,72.99
81.04,81.04,44.78,80.63,72.93
79.11,79.11,51.33,79.75,78.69
72.18,72.18,41.59,81.28,73.45
69.82,69.82,35.58,81.60,72.15
71.52,71.52,32.99,81.35,71.67
75.39,75.39,31.01,80.24,76.11
74.16,74.16,30.14,80.90,74.14
75.12,75.12,27.80,81.28,73.01
73.94,73.94,46.83,81.53,74.47
72.67,72.67,51.86,80.73,75.04
72.96,72.96,68.90,79.28,75.15
72.15,72.15,77.47,77.91,75.22
75.01,75.01,84.97,75.96,77.28
79.12,79.12,73.29,73.95,78.62
81.70,81.70,75.96,71.55,77.46
77.04,77.04,71.11,69.71,76.52
78.86,78.86,66.36,75.13,77.03
80.45,80.45,52.83,77.58,76.04
78.27,78.27,42.36,79.60,75.98
78.83,78.83,42.70,80.28,73.96
80.87,80.87,43.25,79.96,72.61
78.49,78.49,50.03,80.26,75.58
78.13,78.13,62.82,80.07,73.90
79.01,79.01,59.97,79.94,74.36
78.23,78.23,54.17,79.59,71.05
78.47,78.47,47.74,80.70,70.34
75.69,75.69,41.39,81.13,73.57
74.11,74.11,38.76,80.93,75.78
75.54,75.54,36.69,79.69,75.26
77.94,77.94,37.42,80.29,76.24
78.70,78.70,41.98,80.93,76.23
77.09,77.09,49.85,80.90,77.33
76.44,76.44,60.28,79.95,76.61
78.89,78.89,70.56,67.13,75.49
80.98,80.98,65.60,57.27,74.02
77.94,77.94,61.39,46.65,70.99
75.53,75.53,56.94,45.56,68.05
78.76,78.76,50.93,40.07,73.66
80.17,80.17,45.10,41.52,75.97
74.91,74.91,40.89,36.62,78.91
79.33,79.33,37.74,35.54,79.58
77.72,77.72,41.10,36.13,79.83
68.82,68.82,46.56,34.96,78.47
67.50,67.50,53.50,27.99,77.53
72.09,72.09,54.11,25.05,75.33
68.42,68.42,53.55,19.08,71.79
70.19,70.19,53.08,11.41,70.67
68.94,68.94,50.21,9.40,70.52
74.41,74.41,50.77,11.84,70.28
65.90,65.90,49.19,19.52,67.31
66.54,66.54,50.88,34.73,68.15
65.64,65.64,55.03,39.75,69.34
67.95,67.95,63.04,46.38,69.36
66.47,66.47,70.34,65.69,70.93
76.09,76.09,85.61,80.44,71.33
77.28,77.28,79.01,78.73,73.92
76.88,76.88,79.67,80.40,72.91
79.73,79.73,74.21,79.84,73.73
79.29,79.29,67.50,79.03,76.55
79.18,79.18,62.96,80.57,79.59
78.64,78.64,58.78,80.73,78.56
81.14,81.14,56.91,78.65,74.34
79.16,79.16,54.89,79.85,70.89
82.00,82.00,55.19,80.36,71.24
79.09,79.09,62.49,80.31,71.43
76.33,76.33,64.86,80.38,67.61
80.54,80.54,58.79,80.79,69.86
78.34,78.34,53.50,81.06,70.38
78.25,78.25,45.93,80.53,71.65
78.19,78.19,41.11,80.98,73.04
76.70,76.70,39.29,81.65,70.50
75.92,75.92,36.50,81.14,70.65
79.11,79.11,38.97,80.98,73.21
78.47,78.47,46.58,80.82,72.11
78.89,78.89,53.19,80.77,72.27
75.92,75.92,69.56,80.51,74.65
74.80,74.80,65.84,80.29,72.02
78.32,78.32,61.07,80.27,75.73
81.68,81.68,55.97,80.61,78.30
81.87,81.87,49.88,80.55,79.49
78.38,78.38,45.49,80.29,78.47
76.75,76.75,42.00,80.26,75.34
75.73,75.73,40.45,80.04,72.17
73.26,73.26,41.08,79.95,75.55
71.06,71.06,45.14,80.07,79.99
72.10,72.10,58.24,80.09,80.41
70.94,70.94,68.82,79.56,77.85
67.13,67.13,64.13,80.45,74.87
68.42,68.42,60.55,80.17,70.49
67.85,67.85,54.46,80.17,71.21
67.39,67.39,48.03,80.10,71.34
64.56,64.56,44.00,80.52,75.60
63.03,63.03,44.52,80.55,74.87
64.91,64.91,49.39,79.99,76.82
61.54,61.54,62.21,79.09,76.52
61.29,61.29,72.29,77.69,74.26
63.24,63.24,82.10,75.02,76.62
59.87,59.87,81.08,70.80,71.56
59.50,59.50,72.78,64.01,76.13
62.94,62.94,73.21,75.67,74.91
63.26,63.26,70.06,74.11,73.55
61.48,61.48,57.56,77.05,73.88
60.54,60.54,47.13,77.53,75.03
61.65,61.65,42.74,79.20,74.89
58.22,58.22,43.34,79.36,75.38
56.96,56.96,49.20,79.36,76.34
57.33,57.33,55.81,81.01,75.62
56.22,56.22,56.55,79.33,75.26
55.10,55.10,49.02,81.03,77.00
54.91,54.91,43.49,79.54,77.74
52.41,52.41,39.23,80.27,76.21
50.28,50.28,33.72,81.26,74.92
50.36,50.36,29.82,79.78,76.61
51.60,51.60,31.74,81.71,76.18
53.88,53.88,36.89,80.06,75.31
60.36,60.36,57.94,79.96,75.98
77.06,77.06,72.02,76.07,77.31
81.17,81.17,80.30,63.90,73.64
83.93,83.93,81.45,64.30,73.13
82.62,82.62,77.49,72.17,74.17
82.65,82.65,74.20,72.25,73.09
79.84,79.84,70.72,76.34,75.98
75.78,75.78,58.73,75.97,75.73
78.59,78.59,46.80,77.07,74.96
82.67,82.67,42.19,78.40,75.08
83.19,83.19,39.74,77.97,74.82
83.79,83.79,45.43,78.19,72.95
80.51,80.51,50.52,79.61,73.69
78.96,78.96,60.01,79.70,75.64
78.43,78.43,51.79,79.90,75.96
74.09,74.09,49.72,79.07,75.37
68.19,68.19,47.12,79.70,74.46
71.13,71.13,39.44,80.09,74.71
69.57,69.57,31.93,80.00,74.20
68.17,68.17,28.91,78.64,73.93
73.02,73.02,38.41,80.09,73.06
71.79,71.79,47.96,80.18,72.87
78.22,78.22,62.29,79.57,71.67
80.71,80.71,73.54,78.68,71.47
81.96,81.96,82.71,79.12,73.06
81.59,81.59,81.25,77.63,75.65
75.71,75.71,78.48,79.12,75.91
78.01,78.01,71.71,75.78,74.86
78.56,78.56,71.33,74.64,74.85
80.23,80.23,66.28,78.58,75.41
78.06,78.06,57.81,78.39,75.77
76.30,76.30,54.33,76.65,73.98
77.05,77.05,49.80,76.80,76.07
73.19,73.19,48.04,77.40,74.57
71.96,71.96,49.79,76.94,76.46
71.67,71.67,48.77,76.84,77.92
71.33,71.33,45.79,77.26,75.06
73.94,73.94,44.51,76.95,74.43
76.16,76.16,41.75,76.53,70.76
79.13,79.13,38.61,77.07,74.52
78.73,78.73,35.00,77.50,73.58
78.73,78.73,41.29,76.91,72.75
79.47,79.47,49.35,76.19,71.21
78.22,78.22,67.73,70.90,71.74
78.37,78.37,76.84,59.72,74.88
85.96,85.96,86.00,57.01,74.86
84.81,84.81,77.16,63.07,78.41
80.33,80.33,78.26,71.98,79.59
77.12,77.12,70.25,69.27,78.20
79.02,79.02,66.01,76.22,77.79
78.51,78.51,49.46,78.71,76.63
79.97,79.97,40.83,79.28,74.78
73.28,73.28,35.55,78.57,75.57
69.42,69.42,39.41,79.52,78.98
70.37,70.37,45.78,79.81,78.25
71.73,71.73,55.51,79.87,77.14
73.47,73.47,50.56,79.87,75.52
80.85,80.85,45.77,80.14,76.77
79.65,79.65,39.91,79.52,76.38
78.40,78.40,37.93,78.98,70.67
76.31,76.31,37.07,80.02,72.85
80.34,80.34,36.11,80.53,75.60
82.51,82.51,39.51,79.90,76.59
82.13,82.13,50.14,78.65,72.76
81.32,81.32,60.94,78.48,72.28
81.75,81.75,70.87,76.42,71.94
82.34,82.34,83.95,73.80,71.09
80.32,80.32,80.78,72.02,73.77
76.99,76.99,67.06,64.79,72.95
74.03,74.03,73.85,64.51,69.92
71.53,71.53,72.45,72.22,72.22
68.98,68.98,51.49,76.47,75.38
70.71,70.71,42.56,78.29,74.79
73.67,73.67,41.80,78.65,72.64
72.13,72.13,39.36,77.65,70.63
74.39,74.39,34.23,78.52,73.26
72.22,72.22,32.46,78.74,72.83
71.14,71.14,29.80,78.97,72.72
70.52,70.52,26.41,78.92,71.63
78.74,78.74,30.05,78.66,73.69
83.48,83.48,34.22,79.08,74.32
83.78,83.78,35.79,78.54,76.55
75.11,75.11,34.42,78.97,76.95
77.97,77.97,28.53,79.71,75.48
73.87,73.87,26.65,79.26,72.60
69.33,69.33,30.96,78.29,75.26
70.16,70.16,40.21,78.87,76.59
71.57,71.57,50.00,79.20,76.61
71.46,71.46,50.49,79.27,77.57
70.48,70.48,49.57,78.86,77.09
63.21,63.21,42.56,78.91,72.19
60.13,60.13,39.50,79.39,72.72
67.69,67.69,31.49,78.49,72.80
64.36,64.36,28.35,79.06,72.76
62.17,62.17,28.45,79.45,73.37
67.28,67.28,29.96,79.16,73.03
71.32,71.32,35.03,78.44,71.01
79.46,79.46,37.87,78.65,72.81
80.67,80.67,42.05,79.02,72.72
78.95,78.95,46.26,78.71,71.41
77.52,77.52,43.30,78.30,72.60
74.49,74.49,41.18,78.90,72.99
76.97,76.97,38.19,78.98,71.73
78.12,78.12,35.81,78.13,72.52
80.53,80.53,37.94,78.43,71.25
75.95,75.95,47.85,79.34,69.78
75.67,75.67,60.51,79.05,67.81
78.11,78.11,68.41,77.97,70.49
80.51,80.51,81.84,72.74,69.85
81.68,81.68,80.97,54.75,70.77
85.09,85.09,78.02,39.99,74.94
84.10,84.10,76.53,42.91,72.72
83.58,83.58,73.50,39.92,73.88
84.06,84.06,69.52,40.84,74.53
82.48,82.48,65.80,39.99,71.24
82.33,82.33,60.26,32.41,70.63
80.66,80.66,53.44,27.18,70.22
78.78,78.78,53.56,23.50,70.12
76.98,76.98,50.93,23.66,69.17
73.72,73.72,44.49,19.56,69.75
76.26,76.26,43.04,18.86,71.59
73.52,73.52,41.87,18.33,72.40
74.40,74.40,42.78,15.16,71.91
76.17,76.17,39.12,3.82,71.49
75.09,75.09,36.03,3.51,71.70
72.98,72.98,40.02,4.95,74.48
68.14,68.14,38.05,3.42,75.96
70.44,70.44,39.35,0.08,74.69
70.89,70.89,43.54,0.06,72.44
72.09,72.09,47.04,18.01,69.65
70.98,70.98,46.43,15.19,70.55
70.00,70.00,43.67,14.20,69.31
71.77,71.77,40.95,0.88,68.10
69.84,69.84,38.13,1.86,71.31
69.25,69.25,44.30,6.66,72.84
69.57,69.57,40.78,5.43,71.74
70.05,70.05,32.30,1.18,71.36
71.64,71.64,41.41,2.41,70.01
65.97,65.97,41.42,6.62,67.95
73.65,73.65,41.38,7.35,71.41
77.45,77.45,39.69,6.09,70.30
76.91,76.91,45.93,4.33,68.95
71.94,71.94,47.19,4.66,72.06
71.72,71.72,43.56,8.76,70.19
73.00,73.00,45.97,15.28,69.69
77.91,77.91,47.33,12.55,67.83
79.07,79.07,46.30,12.49,66.55
75.55,75.55,45.62,11.90,65.15
75.26,75.26,54.46,19.45,65.67
71.28,71.28,57.64,30.05,65.80
71.33,71.33,74.42,46.22,73.39
72.24,72.24,84.70,61.68,74.77
75.73,75.73,76.99,66.49,75.06
74.54,74.54,77.70,70.12,78.67
70.55,70.55,75.22,74.88,77.81
70.63,70.63,62.16,75.90,77.87
67.77,67.77,47.36,76.62,76.43
67.81,67.81,41.46,78.59,76.27
70.42,70.42,36.66,79.57,74.51
67.20,67.20,36.09,77.96,75.58
73.97,73.97,41.91,80.14,75.46
78.12,78.12,45.55,79.85,77.68
76.46,76.46,41.55,79.68,76.50
78.96,78.96,37.74,79.50,78.49
78.38,78.38,35.84,79.97,78.93
76.08,76.08,34.68,81.03,79.24
71.14,71.14,34.76,77.24,77.24
77.24,77.24,33.97,80.89,77.37
77.48,77.48,36.92,80.24,76.37
79.51,79.51,49.27,78.72,75.73
73.85,73.85,66.70,77.83,76.21
71.23,71.23,76.91,71.24,79.03
82.25,82.25,82.68,65.99,78.49
83.35,83.35,80.55,71.64,78.69
82.66,82.66,73.30,69.84,82.20
81.69,81.69,77.09,72.76,79.69
77.45,77.45,66.37,75.02,76.74
76.46,76.46,48.34,77.07,78.19
79.46,79.46,47.03,77.02,73.44
80.33,80.33,41.98,78.03,73.94
77.92,77.92,41.06,77.44,75.68
80.45,80.45,46.18,78.96,74.01
76.60,76.60,56.74,79.99,76.46
73.05,73.05,52.20,78.47,77.25
78.49,78.49,46.38,78.24,76.89
67.22,67.22,41.95,79.90,76.11
74.62,74.62,36.17,78.77,80.22
68.72,68.72,36.07,79.09,77.44
76.48,76.48,31.51,79.44,80.43
73.21,73.21,35.78,78.84,78.51
71.25,71.25,52.38,80.27,79.72
75.89,75.89,57.83,78.95,77.83
68.33,68.33,71.16,79.21,75.74
68.02,68.02,84.04,80.20,77.27
64.93,64.93,80.97,78.74,78.34
64.87,64.87,77.69,78.43,79.25
63.40,63.40,76.62,77.87,77.69
68.81,68.81,71.02,76.98,78.44
56.35,56.35,68.38,77.01,77.77
59.17,59.17,60.64,78.19,77.72
58.63,58.63,56.15,77.51,78.36
55.75,55.75,52.13,76.32,76.92
50.49,50.49,49.45,76.39,76.17
53.12,53.12,47.61,77.15,76.54
55.84,55.84,46.02,77.26,77.11
49.43,49.43,43.71,77.52,75.80
42.81,42.81,41.52,76.88,76.48
51.70,51.70,39.16,76.50,76.22
47.44,47.44,37.06,76.68,76.81
48.56,48.56,34.85,76.85,76.50
51.62,51.62,36.08,76.81,76.36
50.47,50.47,48.45,76.36,74.40
49.70,49.70,66.40,74.53,76.14
48.86,48.86,74.22,65.26,76.52
49.96,49.96,84.74,61.12,78.11
45.53,45.53,85.46,66.22,74.66
43.91,43.91,73.99,73.80,76.20
41.74,41.74,72.46,76.20,76.21
39.58,39.58,71.77,76.41,76.37
39.46,39.46,61.65,76.61,77.47
38.87,38.87,47.14,76.12,76.50
36.07,36.07,44.91,79.04,77.73
35.48,35.48,38.59,80.01,76.15
38.48,38.48,44.77,79.89,76.07
38.45,38.45,52.76,81.23,77.25
40.45,40.45,54.54,81.53,79.98
40.59,40.59,46.26,81.45,78.64
43.37,43.37,41.01,80.20,80.99
38.92,38.92,35.97,81.20,79.96
36.06,36.06,32.93,81.44,76.04
38.93,38.93,29.13,81.74,75.26
42.15,42.15,29.62,81.21,76.33
39.91,39.91,41.27,81.49,76.86
42.85,42.85,53.29,80.98,74.74
43.93,43.93,70.13,78.71,74.50
41.16,41.16,80.06,78.99,76.16
39.60,39.60,82.48,79.16,74.60
38.64,38.64,70.97,77.41,74.09
36.62,36.62,76.06,73.83,74.50
32.38,32.38,71.50,73.06,72.64
35.27,35.27,65.51,77.50,72.21
33.72,33.72,50.12,79.45,72.41
32.08,32.08,44.27,79.91,73.59
32.70,32.70,42.33,80.20,71.33
31.32,31.32,43.17,80.44,73.22
31.25,31.25,47.88,79.80,74.06
26.68,26.68,63.71,80.48,74.98
30.58,30.58,61.88,81.13,73.38
26.42,26.42,56.34,81.31,72.80
25.38,25.38,48.93,80.91,71.32
25.55,25.55,41.72,80.03,72.39
25.83,25.83,36.74,81.33,72.28
27.14,27.14,35.63,81.20,73.66
24.98,24.98,34.90,80.67,73.07
25.20,25.20,38.34,80.75,70.67
20.05,20.05,41.96,81.07,69.59
20.38,20.38,61.91,77.57,71.12
18.19,18.19,69.02,66.34,71.33
18.45,18.45,64.89,49.08,69.83
21.96,21.96,62.24,48.74,71.10
22.76,22.76,56.51,35.93,70.97
26.95,26.95,49.76,38.27,71.73
32.74,32.74,44.98,41.84,71.06
32.48,32.48,42.56,32.96,71.56
32.45,32.45,41.09,29.20,68.72
29.06,29.06,42.12,28.99,70.31
23.28,23.28,45.46,20.41,68.21
23.11,23.11,57.99,12.22,67.30
15.97,15.97,58.74,10.43,67.89
16.60,16.60,56.80,12.51,66.35
18.75,18.75,57.57,15.21,68.93
20.18,20.18,56.79,15.12,67.52
22.36,22.36,58.00,16.27,69.21
28.15,28.15,56.63,17.51,66.76
29.00,29.00,56.86,33.66,66.53
27.50,27.50,57.60,47.94,68.13
20.64,20.64,61.15,58.12,65.36
16.27,16.27,75.70,66.91,66.84
20.74,20.74,84.79,81.58,72.94
16.90,16.90,78.49,80.70,79.21
18.33,18.33,78.04,80.61,79.84
16.00,16.00,75.97,79.21,79.06
14.54,14.54,70.52,78.47,79.95
14.56,14.56,65.59,79.54,76.92
15.61,15.61,61.88,79.57,78.58
17.43,17.43,55.00,79.43,75.72
16.53,16.53,51.25,80.09,78.14
12.17,12.17,50.29,80.02,77.70
11.74,11.74,63.64,80.71,77.25
7.80,7.80,63.77,81.35,79.67
11.76,11.76,58.93,80.98,77.13
17.02,17.02,51.80,81.13,79.00
20.11,20.11,47.51,81.01,75.94
22.96,22.96,42.80,80.73,76.38
23.83,23.83,41.06,80.64,77.54
22.72,22.72,38.34,80.67,76.49
21.06,21.06,39.64,80.74,77.76
13.62,13.62,43.33,80.75,75.03
10.05,10.05,51.77,80.32,76.81
5.70,5.70,69.02,80.32,75.93
5.06,5.06,64.31,80.98,79.61
11.51,11.51,59.95,80.58,75.70
19.07,19.07,55.39,80.56,76.61
22.21,22.21,48.75,80.26,75.37
23.10,23.10,43.15,80.27,74.78
25.60,25.60,39.32,80.42,73.39
25.97,25.97,37.17,80.27,75.88
23.49,23.49,38.74,80.21,74.36
14.51,14.51,41.84,80.36,78.69
13.79,13.79,60.48,80.47,76.12
9.59,9.59,66.82,80.26,79.95
8.77,8.77,60.13,80.04,77.57
15.44,15.44,55.96,80.12,77.48
20.83,20.83,52.20,80.09,77.24
22.89,22.89,45.18,79.98,77.19
24.66,24.66,41.17,79.61,76.67
26.02,26.02,41.57,80.15,76.05
24.87,24.87,51.47,79.66,76.13
20.75,20.75,63.27,78.63,78.33
13.11,13.11,70.89,76.08,75.29
17.81,17.81,83.08,73.87,75.02
16.03,16.03,80.25,69.65,76.34
22.45,22.45,74.15,67.02,79.81
25.76,25.76,74.48,74.89,79.22
27.97,27.97,68.08,76.04,81.16
32.02,32.02,53.86,77.64,81.95
35.92,35.92,46.06,79.91,83.08
37.54,37.54,40.54,78.66,82.38
39.24,39.24,37.16,80.23,82.43
42.75,42.75,37.29,80.26,80.75
53.78,53.78,39.63,79.73,78.35
62.47,62.47,36.86,81.22,75.24
66.32,66.32,32.38,79.92,77.25
69.83,69.83,30.50,81.13,77.81
73.27,73.27,30.26,80.65,78.33
74.66,74.66,30.22,80.19,78.05
74.80,74.80,26.06,81.56,76.55
76.63,76.63,33.02,80.21,75.40
75.51,75.51,38.62,81.18,79.80
74.31,74.31,60.85,79.44,77.71
71.87,71.87,73.44,73.54,75.87
82.40,82.40,82.24,62.46,76.25
83.48,83.48,81.85,67.42,71.78
84.35,84.35,76.71,69.38,74.87
77.75,77.75,72.23,74.14,76.41
76.74,76.74,69.87,76.25,76.96
83.31,83.31,53.66,77.99,76.92
84.79,84.79,45.79,78.06,75.97
80.08,80.08,38.99,76.88,78.09
84.34,84.34,39.22,79.09,77.37
88.46,88.46,42.85,79.10,72.83
87.92,87.92,50.03,79.31,77.34
86.13,86.13,49.86,78.59,75.44
88.36,88.36,43.90,79.50,75.51
87.24,87.24,39.09,80.25,72.61
80.74,80.74,35.08,79.29,72.77
78.80,78.80,32.07,79.08,74.55
78.75,78.75,33.57,80.22,75.11
73.69,73.69,35.30,79.55,76.74
71.55,71.55,39.87,79.56,74.51
73.57,73.57,52.97,79.52,73.18
74.63,74.63,65.93,79.62,73.61
73.02,73.02,79.52,79.52,72.10
78.92,78.92,83.36,78.03,76.67
76.76,76.76,79.30,79.23,80.28
78.85,78.85,76.27,77.38,80.11
78.80,78.80,72.13,75.07,76.82
78.44,78.44,70.93,76.16,77.10
74.63,74.63,62.32,78.39,76.32
76.00,76.00,57.23,77.67,77.54
80.03,80.03,54.83,76.03,75.69
80.83,80.83,50.45,76.77,75.84
81.08,81.08,47.83,77.70,76.99
80.14,80.14,45.03,76.86,75.56
79.60,79.60,44.41,76.81,76.78
76.27,76.27,41.76,77.77,77.54
74.43,74.43,35.09,77.46,74.13
72.23,72.23,33.87,76.49,73.11
72.15,72.15,32.11,77.05,75.45
72.89,72.89,31.43,76.85,74.73
71.83,71.83,36.72,76.66,75.20
70.39,70.39,56.57,75.26,74.27
66.58,66.58,71.38,67.25,73.63
66.82,66.82,79.21,60.06,76.84
70.78,70.78,86.18,57.83,76.23
78.67,78.67,76.41,62.03,77.82
82.22,82.22,78.92,70.85,78.34
80.03,80.03,69.29,72.52,78.28
76.84,76.84,64.58,75.70,76.23
76.94,76.94,51.07,76.91,75.01
77.12,77.12,42.06,78.56,75.82
79.71,79.71,40.04,79.47,76.34
82.67,82.67,44.48,79.64,74.49
82.68,82.68,46.22,79.79,76.46
82.15,82.15,54.09,79.61,74.91
79.48,79.48,48.19,79.34,78.40
76.42,76.42,43.54,78.74,76.39
73.66,73.66,44.56,80.24,78.32
70.53,70.53,42.99,80.58,76.54
68.95,68.95,39.95,80.29,77.26
68.06,68.06,39.57,79.13,75.45
69.68,69.68,42.07,79.82,75.23
66.55,66.55,55.00,79.37,73.74
65.72,65.72,65.88,77.17,74.21
72.85,72.85,71.57,74.83,77.20
71.76,71.76,85.42,73.88,73.50
80.02,80.02,76.87,71.71,75.81
73.28,73.28,72.80,64.15,78.04
74.14,74.14,74.19,63.87,77.76
80.81,80.81,69.27,74.57,75.02
79.27,79.27,55.30,77.45,73.76
76.37,76.37,42.24,77.45,70.68
82.48,82.48,40.76,78.53,76.83
84.26,84.26,39.42,78.09,76.63
84.36,84.36,35.33,78.58,75.75
84.72,84.72,34.04,78.71,75.84
86.78,86.78,34.70,79.50,74.98
86.74,86.74,31.91,78.81,74.65
85.21,85.21,31.42,77.73,72.10
81.67,81.67,31.49,79.26,70.31
76.76,76.76,32.30,79.88,70.86
76.62,76.62,32.32,79.76,72.53
79.28,79.28,35.25,78.35,70.07
79.37,79.37,36.93,79.20,71.63
76.15,76.15,42.69,79.53,73.05
78.34,78.34,49.89,79.53,73.20
82.82,82.82,63.00,79.30,73.21
82.21,82.21,59.85,79.22,73.93
74.26,74.26,55.27,78.98,73.51
70.73,70.73,49.56,78.32,73.13
77.83,77.83,43.47,79.38,71.72
84.98,84.98,38.32,80.03,69.29
86.34,86.34,33.92,79.45,73.52
82.95,82.95,33.67,78.39,73.11
82.50,82.50,39.20,78.94,73.41
81.75,81.75,38.67,79.45,71.44
80.78,80.78,39.85,79.19,70.53
77.34,77.34,42.10,78.70,70.41
74.85,74.85,37.77,79.17,70.49
75.25,75.25,35.49,78.95,70.68
78.54,78.54,19.65,78.19,71.04
76.95,76.95,16.83,79.04,65.86
77.08,77.08,18.04,79.56,70.52
71.89,71.89,34.42,79.50,70.40
69.89,69.89,50.97,78.53,71.73
66.23,66.23,61.22,78.32,72.26
67.82,67.82,68.53,77.66,74.99
72.52,72.52,84.12,69.87,76.40
76.59,76.59,81.72,52.66,74.31
79.44,79.44,78.91,43.12,72.89
77.52,77.52,76.44,41.40,73.49
77.52,77.52,72.94,35.53,71.06
80.76,80.76,67.82,41.80,71.94
80.87,80.87,63.26,33.77,70.99
77.91,77.91,61.44,31.04,73.68
71.72,71.72,57.32,23.34,74.70
73.58,73.58,55.21,18.60,73.19
78.99,78.99,51.05,9.38,72.16
81.14,81.14,49.61,15.96,75.02
79.33,79.33,53.52,12.54,73.20
75.84,75.84,44.91,7.36,72.39
72.49,72.49,42.16,12.13,73.77
70.64,70.64,44.95,9.13,75.11
73.50,73.50,38.52,9.24,71.63
75.43,75.43,40.92,6.75,74.64
73.93,73.93,35.06,7.57,70.99
74.17,74.17,38.11,5.04,72.91
74.36,74.36,41.12,3.15,73.99
70.47,70.47,47.58,15.03,75.27
78.46,78.46,52.62,11.17,74.16
87.81,87.81,52.10,2.51,71.16
85.95,85.95,50.57,0.12,71.41
78.68,78.68,46.02,0.44,72.49
77.76,77.76,40.64,0.49,71.74
80.81,80.81,36.52,0.01,70.82
77.68,77.68,36.93,-0.00,71.08
80.26,80.26,39.49,1.22,68.45
81.30,81.30,39.91,3.49,71.70
80.11,80.11,40.80,1.97,63.94
83.51,83.51,38.20,1.32,71.55
78.40,78.40,40.20,2.50,65.68
74.13,74.13,37.71,4.42,68.47
68.49,68.49,39.82,3.09,68.84
74.85,74.85,47.73,5.99,67.76
76.44,76.44,44.36,4.26,67.50
72.45,72.45,40.68,5.82,67.95
76.01,76.01,47.21,9.91,66.54
75.41,75.41,51.70,15.84,67.26
73.59,73.59,56.92,26.80,68.11
71.61,71.61,78.12,49.76,75.83
76.08,76.08,83.40,60.03,78.12
82.44,82.44,75.78,63.53,77.46
80.68,80.68,78.71,70.72,78.24
80.31,80.31,71.58,72.79,75.84
79.35,79.35,65.71,73.17,75.19
78.18,78.18,55.32,77.60,72.73
79.55,79.55,45.16,77.03,70.06
81.14,81.14,40.16,76.82,72.89
83.65,83.65,40.54,79.14,72.06
83.87,83.87,45.34,78.65,73.70
82.88,82.88,51.78,80.35,78.18
81.82,81.82,45.78,78.73,77.44
79.91,79.91,40.14,80.52,79.36
80.49,80.49,32.18,80.58,78.85
82.78,82.78,27.89,78.76,77.31
75.76,75.76,23.43,81.06,77.63
75.00,75.00,24.61,80.13,78.32
75.68,75.68,33.40,80.34,77.89
74.84,74.84,49.76,79.37,78.07
74.11,74.11,68.46,76.86,77.32
73.87,73.87,79.46,70.70,78.71
71.41,71.41,82.70,67.09,82.57
72.26,72.26,78.58,70.18,80.92
74.97,74.97,75.62,69.58,80.07
71.60,71.60,75.93,75.06,79.27
75.88,75.88,64.47,75.52,77.71
76.63,76.63,53.95,76.87,76.90
78.14,78.14,39.41,77.25,77.71
78.19,78.19,35.17,77.31,76.96
75.18,75.18,42.36,79.13,75.47
74.07,74.07,47.75,78.61,75.42
73.49,73.49,55.60,78.44,78.09
74.30,74.30,47.98,79.76,77.59
73.53,73.53,44.60,79.53,74.30
71.49,71.49,41.54,79.23,75.43
71.05,71.05,40.44,79.44,75.74
74.63,74.63,42.36,79.47,76.63
76.14,76.14,40.03,80.36,77.42
72.96,72.96,40.37,78.17,76.46
69.48,69.48,52.58,79.33,72.57
70.99,70.99,61.84,80.70,75.50
72.67,72.67,74.41,79.25,73.58
77.83,77.83,82.84,78.39,75.77
78.76,78.76,81.88,80.16,74.78
79.89,79.89,79.02,77.38,76.31
76.00,76.00,73.35,78.34,77.67
78.68,78.68,72.52,75.54,76.28
77.73,77.73,68.42,77.07,77.36
78.09,78.09,60.27,77.76,76.01
81.12,81.12,55.51,76.09,75.89
83.39,83.39,51.20,77.10,76.66
83.67,83.67,49.35,78.03,71.61
78.64,78.64,48.63,77.68,74.46
77.78,77.78,45.15,77.11,75.85
81.80,81.80,43.75,77.21,76.14
83.85,83.85,43.41,76.49,74.58
84.70,84.70,40.81,74.67,74.15
83.37,83.37,40.47,75.32,74.91
77.02,77.02,39.39,75.49,73.76
78.57,78.57,37.95,76.25,75.71
76.90,76.90,53.24,76.55,75.25
73.08,73.08,68.34,73.76,74.39
73.58,73.58,72.36,64.28,75.22
69.71,69.71,85.30,61.60,77.57
74.10,74.10,84.30,71.49,75.94
75.97,75.97,71.01,74.59,78.30
75.27,75.27,71.71,73.27,77.22
76.36,76.36,73.63,74.40,78.30
78.13,78.13,58.97,75.57,75.26
79.37,79.37,45.71,78.47,76.63
72.79,72.79,42.58,78.98,78.80
72.10,72.10,38.94,80.51,76.27
72.62,72.62,44.36,80.94,78.10
68.57,68.57,54.22,80.81,77.83
67.63,67.63,55.84,79.63,79.13
66.81,66.81,53.04,80.70,77.48
68.60,68.60,52.84,80.82,78.91
69.30,69.30,49.98,80.92,80.32
67.83,67.83,46.91,80.46,78.38
68.68,68.68,46.68,81.11,78.41
68.68,68.68,46.36,81.09,77.45
64.36,64.36,48.65,80.00,78.98
65.72,65.72,59.09,79.59,78.74
70.50,70.50,74.40,77.63,77.88
71.08,71.08,82.76,77.16,78.02
79.18,79.18,83.83,76.08,78.96
81.72,81.72,70.83,74.25,77.48
80.45,80.45,73.18,71.38,78.30
79.32,79.32,73.35,72.31,73.32
80.37,80.37,61.23,75.87,76.83
75.88,75.88,49.94,78.43,76.40
79.93,79.93,43.87,79.19,76.94
79.31,79.31,45.13,78.62,76.01
78.34,78.34,45.60,79.57,74.02
77.35,77.35,54.65,80.38,72.61
78.06,78.06,64.19,80.23,74.01
76.63,76.63,60.24,80.00,71.55
75.98,75.98,55.23,79.34,71.88
76.92,76.92,47.54,80.29,72.20
79.77,79.77,41.67,80.95,73.55
74.84,74.84,39.52,80.64,72.80
71.64,71.64,36.26,80.29,71.34
70.04,70.04,32.83,80.24,72.73
72.80,72.80,39.23,80.01,73.44
72.37,72.37,43.37,79.92,72.63
72.94,72.94,63.50,75.85,73.18
69.14,69.14,63.73,64.87,74.30
66.68,66.68,57.59,53.80,72.51
71.58,71.58,53.43,41.65,70.95
72.51,72.51,46.68,35.85,73.43
72.09,72.09,42.01,43.14,73.76
72.16,72.16,40.03,42.82,72.97
70.53,70.53,40.41,36.46,74.50
74.45,74.45,43.64,36.40,74.05
77.18,77.18,44.83,32.56,72.56
75.14,75.14,47.54,18.90,69.48
74.74,74.74,52.63,7.24,71.55
72.62,72.62,55.13,4.90,70.91
75.12,75.12,54.97,11.31,72.75
75.94,75.94,56.65,13.08,72.07
74.35,74.35,57.28,16.80,66.86
77.92,77.92,58.04,12.36,67.53
64.92,64.92,56.64,28.00,68.73
66.77,66.77,55.39,42.07,66.98
73.20,73.20,58.55,46.63,68.68
67.95,67.95,60.51,54.87,71.63
73.16,73.16,77.42,72.14,73.52
71.64,71.64,83.59,78.95,69.58
74.57,74.57,78.11,80.76,76.73
79.22,79.22,77.73,80.12,76.39
78.49,78.49,73.63,79.94,76.13
77.64,77.64,67.68,80.18,75.77
78.16,78.16,65.43,80.87,76.81
77.36,77.36,59.13,80.31,74.90
78.40,78.40,56.54,78.62,74.66
75.69,75.69,55.16,79.75,74.91
78.78,78.78,55.78,80.55,74.57
76.88,76.88,65.55,80.75,75.35
74.21,74.21,63.75,80.53,75.72
79.56,79.56,59.50,80.83,72.92
77.14,77.14,51.49,80.97,75.27
79.67,79.67,48.47,81.08,72.00
80.22,80.22,44.05,81.32,73.45
79.96,79.96,41.04,81.63,76.72
79.28,79.28,40.65,80.94,77.97
76.43,76.43,47.43,80.33,77.81
77.41,77.41,51.37,80.59,76.08
76.89,76.89,59.19,80.58,72.12
77.46,77.46,69.13,80.34,73.23
74.58,74.58,64.80,80.00,72.94
75.37,75.37,59.00,80.00,74.80
77.17,77.17,55.36,80.26,74.50
74.65,74.65,50.49,80.23,72.28
80.02,80.02,47.73,79.88,74.87
73.41,73.41,43.25,80.19,71.74
70.78,70.78,39.26,80.75,70.88
73.36,73.36,41.57,79.97,72.24
67.58,67.58,45.63,79.87,72.05
69.79,69.79,66.38,79.48,71.61
69.92,69.92,66.45,80.28,73.78
69.95,69.95,60.87,80.06,72.47
69.99,69.99,56.55,80.20,73.58
64.33,64.33,50.87,80.18,74.31
65.33,65.33,45.49,80.28,76.67
63.22,63.22,42.35,80.17,78.02
62.90,62.90,43.67,80.05,78.23
64.38,64.38,54.80,79.29,74.28
61.00,61.00,68.55,77.58,73.08
59.48,59.48,74.08,74.08,75.84
55.38,55.38,83.50,74.75,77.43
52.85,52.85,77.59,66.58,78.11
51.99,51.99,73.59,67.87,78.68
54.79,54.79,75.41,74.91,77.45
53.11,53.11,65.52,75.28,77.68
55.19,55.19,55.21,78.22,76.23
53.63,53.63,52.26,76.90,75.16
56.63,56.63,48.76,79.38,73.16
54.07,54.07,47.35,78.41,73.58
54.73,54.73,45.99,79.20,74.34
55.61,55.61,55.45,80.10,77.63
53.26,53.26,49.79,79.16,78.33
51.09,51.09,44.52,81.00,79.46
47.69,47.69,38.90,79.15,80.50
51.80,51.80,33.33,80.70,79.79
51.37,51.37,30.00,80.33,77.07
50.81,50.81,31.25,79.36,77.94
54.28,54.28,33.31,81.34,77.45
58.63,58.63,42.94,79.66,73.61
66.66,66.66,61.92,79.07,73.75
70.02,70.02,75.08,70.63,74.93
76.37,76.37,82.15,61.28,76.86
81.13,81.13,84.11,67.23,75.73
80.21,80.21,72.84,71.14,77.09
82.35,82.35,72.81,75.28,78.18
82.92,82.92,68.12,75.87,79.03
79.33,79.33,48.58,76.26,75.90
75.29,75.29,47.14,78.38,75.88
72.86,72.86,44.00,77.55,71.36
71.64,71.64,42.40,78.84,73.24
78.90,78.90,46.11,78.40,73.78
77.99,77.99,56.48,79.04,73.64
70.49,70.49,56.49,79.72,76.48
72.39,72.39,49.25,78.76,74.11
67.47,67.47,43.45,79.18,75.09
67.05,67.05,38.54,79.56,75.12
72.16,72.16,34.94,80.39,73.76
73.12,73.12,28.10,78.81,74.88
71.48,71.48,29.19,79.97,74.11
69.78,69.78,42.60,79.92,74.39
65.96,65.96,59.85,79.98,74.79
61.31,61.31,67.79,78.96,72.69
62.81,62.81,80.71,79.15,71.90
75.73,75.73,81.87,79.30,72.09
79.57,79.57,80.26,77.62,76.22
80.43,80.43,75.38,77.76,75.76
80.19,80.19,72.34,75.94,73.19
78.84,78.84,72.09,76.51,75.75
75.08,75.08,64.83,78.39,74.59
75.99,75.99,59.57,77.66,75.76
73.28,73.28,52.89,76.38,75.69
67.48,67.48,48.76,77.01,74.55
68.60,68.60,43.62,78.10,77.20
70.45,70.45,40.55,77.37,76.75
73.32,73.32,46.24,77.05,77.39
74.97,74.97,44.14,76.85,76.63
72.59,72.59,38.58,76.62,74.25
74.10,74.10,37.80,76.50,72.42
74.90,74.90,40.40,76.28,73.40
71.30,71.30,37.57,75.99,75.34
66.90,66.90,44.66,75.65,71.49
69.83,69.83,61.64,73.70,73.33
70.50,70.50,71.65,67.94,74.06
73.81,73.81,81.27,62.00,76.94
79.00,79.00,82.81,61.34,74.42
81.25,81.25,75.28,67.53,79.79
79.63,79.63,77.67,73.72,77.64
79.91,79.91,68.92,72.77,76.35
71.44,71.44,62.73,76.90,77.42
71.87,71.87,48.44,78.66,76.86
74.57,74.57,43.36,79.09,77.60
73.04,73.04,38.12,79.45,77.05
69.98,69.98,41.05,79.47,77.19
67.29,67.29,46.52,79.10,77.90
74.56,74.56,56.47,78.88,75.64
71.39,71.39,46.09,79.55,77.96
74.28,74.28,40.99,79.95,76.94
71.35,71.35,36.41,79.82,75.17
75.51,75.51,35.56,78.86,74.13
76.92,76.92,36.27,79.95,75.67
78.10,78.10,36.47,79.52,74.84
77.01,77.01,40.56,79.74,77.19
77.37,77.37,54.69,79.07,76.21
75.67,75.67,66.15,77.78,75.35
73.64,73.64,77.10,73.69,78.08
75.19,75.19,84.13,71.54,74.32
73.26,73.26,71.58,69.30,73.04
77.45,77.45,73.36,63.35,74.23
69.88,69.88,74.23,69.04,72.30
73.83,73.83,64.55,74.27,75.37
70.74,70.74,53.46,77.52,73.76
75.00,75.00,42.84,78.23,73.78
76.33,76.33,37.86,78.38,76.33
73.63,73.63,37.24,78.05,75.47
69.98,69.98,33.35,78.86,74.64
73.31,73.31,30.53,78.73,74.53
66.84,66.84,31.35,77.93,74.11
75.14,75.14,35.25,79.16,76.63
80.12,80.12,29.96,79.56,78.03
76.19,76.19,29.74,79.44,77.33
79.30,79.30,32.74,78.19,74.39
79.39,79.39,28.28,78.95,76.35
79.53,79.53,29.30,78.77,75.75
80.69,80.69,34.89,78.96,75.45
80.21,80.21,44.83,78.89,73.52
80.35,80.35,51.34,79.02,71.62
82.29,82.29,63.56,79.12,73.17
80.91,80.91,60.79,78.11,71.94
80.05,80.05,57.62,79.20,70.95
76.71,76.71,51.83,79.61,67.61
75.82,75.82,45.66,79.39,68.58
72.38,72.38,42.46,78.47,69.67
70.01,70.01,40.16,79.07,69.14
64.68,64.68,38.64,79.16,70.17
61.32,61.32,35.24,78.74,69.63
61.71,61.71,30.26,78.73,69.96
66.59,66.59,26.95,79.25,72.84
70.66,70.66,26.86,78.89,72.30
74.23,74.23,31.10,77.93,75.27
75.57,75.57,34.59,79.10,73.66
73.12,73.12,32.80,79.68,71.96
76.40,76.40,34.54,79.45,67.91
77.65,77.65,36.23,78.05,65.46
74.83,74.83,41.70,78.72,66.13
76.09,76.09,50.34,79.11,67.05
77.87,77.87,64.95,78.67,65.80
75.40,75.40,72.65,77.42,64.64
73.23,73.23,84.34,66.76,67.95
70.63,70.63,79.88,48.03,69.50
76.65,76.65,76.11,39.36,70.14
76.23,76.23,76.49,37.38,73.59
78.50,78.50,70.57,41.12,74.90
78.82,78.82,69.80,47.14,72.34
74.74,74.74,63.35,37.39,73.88
76.72,76.72,57.89,31.88,73.40
74.40,74.40,53.88,27.53,72.43
72.99,72.99,54.53,19.74,71.40
69.82,69.82,51.78,15.39,67.96
68.52,68.52,48.61,10.59,73.21
74.05,74.05,43.98,12.28,69.13
80.98,80.98,43.16,18.15,70.81
81.44,81.44,46.22,24.65,70.43
82.90,82.90,40.39,17.51,68.31
81.75,81.75,40.21,18.58,69.26
79.69,79.69,48.42,25.07,70.11
76.50,76.50,43.29,17.89,69.66
77.37,77.37,45.73,16.17,66.41
77.98,77.98,49.72,22.50,70.29
75.26,75.26,64.55,29.39,69.10
77.36,77.36,62.25,19.69,71.05
77.06,77.06,60.92,13.48,69.20
76.69,76.69,56.23,5.92,67.06
73.97,73.97,48.66,1.75,68.90
69.12,69.12,41.62,2.16,70.59
73.47,73.47,36.46,1.42,70.56
69.86,69.86,41.10,4.63,69.39
69.92,69.92,43.46,1.40,69.27
68.80,68.80,41.25,1.11,67.97
68.15,68.15,38.37,0.21,68.64
69.38,69.38,37.49,0.20,68.96
74.08,74.08,42.49,1.01,67.90
77.94,77.94,40.40,4.90,67.85
72.59,72.59,37.63,5.38,67.99
75.29,75.29,42.01,10.69,64.40
74.20,74.20,44.31,12.74,65.49
74.35,74.35,40.54,13.48,63.24
77.46,77.46,46.35,18.75,65.07
80.55,80.55,54.40,19.81,66.11
75.06,75.06,60.12,37.97,69.27
79.47,79.47,83.79,59.41,72.68
81.07,81.07,82.81,61.65,71.23
78.42,78.42,74.70,70.04,79.06
77.76,77.76,76.67,74.85,76.81
73.46,73.46,71.65,75.06,75.12
74.21,74.21,58.19,73.93,73.65
75.88,75.88,48.24,78.87,71.95
70.82,70.82,42.48,77.28,70.59
72.27,72.27,39.13,76.83,69.61
68.99,68.99,38.45,79.98,70.93
70.00,70.00,33.42,80.50,70.52
68.81,68.81,38.15,77.61,72.11
70.87,70.87,34.67,80.68,73.53
73.42,73.42,34.36,80.28,74.85
74.61,74.61,32.22,79.55,74.71
73.65,73.65,33.20,79.47,74.85
73.02,73.02,33.60,80.35,74.20
74.98,74.98,34.39,80.96,73.22
68.21,68.21,38.88,79.07,74.46
70.22,70.22,53.81,80.77,73.59
69.10,69.10,70.61,77.38,72.42
70.23,70.23,79.24,68.64,75.60
70.44,70.44,82.30,64.85,71.53
71.69,71.69,75.54,71.55,78.27
72.86,72.86,76.13,71.04,82.67
75.18,75.18,71.75,74.28,83.91
75.35,75.35,57.49,76.84,81.77
71.06,71.06,48.01,76.94,79.15
73.39,73.39,42.37,78.64,79.81
75.28,75.28,39.78,77.36,81.36
76.01,76.01,42.15,78.13,79.13
76.25,76.25,48.22,80.31,77.78
78.86,78.86,60.18,78.97,80.05
78.76,78.76,51.94,77.96,79.51
75.08,75.08,47.37,79.86,77.71
77.09,77.09,41.84,79.09,77.84
76.94,76.94,39.17,79.82,79.96
76.91,76.91,37.03,78.90,81.97
77.73,77.73,36.64,79.07,81.17
77.13,77.13,42.54,80.37,78.46
74.77,74.77,56.90,79.53,76.09
64.09,64.09,66.18,78.77,77.54
63.49,63.49,76.65,80.25,77.25
66.54,66.54,82.46,79.79,77.18
69.67,69.67,78.37,77.51,77.67
63.29,63.29,79.63,78.44,77.54
64.12,64.12,73.83,77.50,76.42
65.35,65.35,68.78,75.07,76.92
61.31,61.31,66.44,77.02,78.43
61.46,61.46,60.21,78.08,77.63
57.34,57.34,54.58,76.40,77.76
57.58,57.58,53.23,76.03,78.12
60.30,60.30,50.84,76.29,78.06
55.92,55.92,50.18,76.52,77.74
54.94,54.94,47.72,76.83,77.83
53.80,53.80,45.46,76.93,77.50
53.61,53.61,40.97,76.17,81.35
50.31,50.31,35.78,76.38,79.79
49.81,49.81,33.23,77.46,77.79
49.98,49.98,33.88,76.95,76.62
50.71,50.71,34.91,76.24,76.84
53.22,53.22,54.26,75.60,76.93
55.98,55.98,69.39,72.03,75.70
54.57,54.57,75.50,61.96,77.29
45.87,45.87,86.64,63.50,79.38
40.81,40.81,79.30,71.89,82.54
41.28,41.28,76.35,73.62,81.73
40.87,40.87,71.11,75.33,79.51
46.03,46.03,69.09,75.99,77.60
41.35,41.35,54.59,75.92,76.98
39.95,39.95,46.01,79.44,79.74
36.95,36.95,41.26,80.22,82.43
39.57,39.57,45.13,79.73,82.87
44.50,44.50,46.41,79.58,81.29
47.08,47.08,59.24,81.11,77.57
50.18,50.18,55.02,80.78,76.82
52.70,52.70,49.51,81.13,77.62
47.11,47.11,43.65,81.04,78.17
45.26,45.26,39.86,81.44,79.31
48.94,48.94,37.07,81.32,78.00
50.42,50.42,32.66,80.53,78.33
49.71,49.71,35.34,81.49,76.81
45.27,45.27,48.40,81.41,76.64
39.31,39.31,57.44,80.13,75.92
42.71,42.71,73.12,78.78,76.48
43.58,43.58,82.32,77.92,77.77
41.52,41.52,82.57,77.68,78.95
41.90,41.90,71.54,74.78,76.42
43.21,43.21,74.74,71.25,77.65
42.31,42.31,72.34,73.69,77.07
41.51,41.51,62.82,76.02,73.28
36.67,36.67,47.24,77.34,74.37
36.87,36.87,43.54,79.42,75.83
38.65,38.65,45.28,79.72,74.35
39.45,39.45,43.02,80.04,75.55
38.40,38.40,55.57,79.76,72.21
34.59,34.59,64.38,79.72,73.53
34.54,34.54,58.04,80.41,73.95
34.03,34.03,53.17,80.46,73.78
31.30,31.30,46.70,80.37,73.18
30.02,30.02,39.79,80.65,72.79
32.67,32.67,37.77,80.53,73.43
31.21,31.21,34.22,79.66,72.82
28.15,28.15,32.96,80.34,73.18
29.70,29.70,36.35,81.14,71.13
30.89,30.89,41.92,81.16,70.35
28.01,28.01,71.04,74.61,74.12
27.79,27.79,67.96,63.00,71.92
27.01,27.01,64.40,58.37,68.91
31.54,31.54,59.76,45.30,70.60
28.16,28.16,54.04,48.94,70.32
30.69,30.69,48.38,48.28,69.54
31.32,31.32,45.06,43.07,70.72
35.05,35.05,43.42,34.75,70.57
33.03,33.03,41.88,36.62,68.09
27.02,27.02,42.76,31.38,70.94
25.23,25.23,51.19,20.75,68.60
23.13,23.13,59.86,8.42,70.32
22.19,22.19,59.79,11.67,68.21
24.65,24.65,58.09,14.10,70.41
21.93,21.93,58.59,13.43,68.69
20.73,20.73,58.36,15.82,66.88
22.08,22.08,57.25,18.55,68.54
23.90,23.90,57.80,25.90,65.30
22.47,22.47,56.90,36.24,66.95
17.71,17.71,57.66,41.39,67.68
11.01,11.01,61.71,56.40,64.58
12.75,12.75,82.23,75.67,73.11
10.64,10.64,82.85,80.24,73.07
10.89,10.89,78.56,80.96,76.97
12.11,12.11,76.78,80.39,75.67
10.98,10.98,71.47,78.99,78.23
10.41,10.41,65.89,79.61,75.85
10.66,10.66,61.04,80.06,77.49
12.00,12.00,58.11,79.15,76.40
12.33,12.33,53.88,79.02,77.52
9.21,9.21,52.17,79.99,76.52
7.69,7.69,54.51,80.57,78.07
11.77,11.77,65.02,80.68,78.27
9.82,9.82,62.63,80.15,78.59
13.19,13.19,56.05,80.72,75.36
17.13,17.13,50.04,80.49,78.60
18.12,18.12,43.07,80.41,78.59
19.74,19.74,39.98,80.18,79.37
21.51,21.51,38.02,80.45,80.84
19.78,19.78,36.81,80.43,78.11
16.25,16.25,38.59,80.44,78.72
10.67,10.67,42.38,80.59,78.08
12.60,12.60,60.60,80.61,78.21
7.99,7.99,67.78,80.86,76.84
7.83,7.83,62.49,80.62,78.87
14.40,14.40,59.03,80.52,79.82
20.86,20.86,53.96,80.50,80.11
22.71,22.71,46.69,79.96,78.22
25.24,25.24,43.29,79.48,79.09
26.52,26.52,40.36,80.00,78.39
23.18,23.18,37.79,79.83,77.36
18.48,18.48,41.29,79.62,78.56
12.03,12.03,45.22,79.74,77.39
13.53,13.53,67.83,79.68,77.09
11.54,11.54,64.60,79.82,76.75
15.85,15.85,60.12,80.35,78.42
21.51,21.51,54.91,80.02,76.19
23.69,23.69,49.56,79.93,77.67
24.40,24.40,43.23,79.81,77.27
25.38,25.38,37.52,79.99,77.63
26.45,26.45,38.67,79.89,75.33
23.05,23.05,53.93,79.93,78.41
14.91,14.91,68.94,78.11,76.27
11.67,11.67,76.47,74.56,77.56
12.11,12.11,83.25,73.56,78.72
16.46,16.46,74.87,65.34,77.53
23.55,23.55,75.87,69.50,75.18
26.06,26.06,73.88,74.49,80.26
27.23,27.23,63.95,75.14,78.63
28.54,28.54,54.28,76.28,79.39
27.25,27.25,44.72,79.29,81.07
27.72,27.72,38.17,78.46,81.07
22.87,22.87,38.53,80.27,81.63
16.36,16.36,42.25,79.69,79.88
21.37,21.37,58.13,79.81,81.08
16.43,16.43,50.14,80.97,81.10
18.71,18.71,44.34,79.76,80.26
22.60,22.60,37.83,81.34,80.54
24.31,24.31,32.13,80.01,77.42
26.84,26.84,30.23,80.51,80.29
26.97,26.97,27.94,81.03,81.14
22.15,22.15,30.65,80.14,80.39
18.76,18.76,49.29,81.63,80.81
12.34,12.34,65.55,77.83,79.89
8.39,8.39,76.79,69.82,76.73
12.60,12.60,80.28,61.79,81.89
18.69,18.69,82.50,69.52,78.08
25.13,25.13,73.56,70.42,76.79
30.95,30.95,74.33,74.10,80.06
31.25,31.25,66.23,77.41,81.00
28.30,28.30,48.10,77.50,80.99
27.25,27.25,43.53,77.16,79.66
22.43,22.43,35.81,78.07,79.34
19.43,19.43,41.38,78.62,79.63
13.86,13.86,42.81,79.58,77.46
13.37,13.37,55.86,77.95,79.19
14.03,14.03,52.02,78.72,74.70
21.06,21.06,46.48,80.42,77.96
21.29,21.29,38.06,79.08,76.42
24.74,24.74,32.14,78.93,76.51
23.78,23.78,28.76,80.45,75.63
24.30,24.30,25.54,79.20,76.85
23.40,23.40,29.49,80.24,76.73
18.28,18.28,46.44,79.11,76.22
10.29,10.29,61.54,79.43,74.76
4.38,4.38,67.83,80.40,75.45
5.03,5.03,84.19,78.37,77.83
3.21,3.21,82.68,78.44,78.05
9.55,9.55,78.74,78.50,80.80
12.41,12.41,74.01,77.92,78.35
9.33,9.33,73.14,74.62,78.17
8.92,8.92,67.37,77.41,77.20
11.61,11.61,60.30,79.10,78.01
15.65,15.65,58.59,77.04,77.24
18.82,18.82,54.24,76.20,77.94
15.96,15.96,52.25,78.36,77.02
18.44,18.44,49.93,77.81,78.84
18.38,18.38,46.81,76.73,78.49
18.47,18.47,44.67,77.42,76.84
19.68,19.68,43.36,77.72,76.25
20.92,20.92,41.50,76.59,76.02
20.34,20.34,38.43,77.04,75.37
22.57,22.57,35.17,78.57,76.23
22.76,22.76,33.72,77.47,76.09
20.51,20.51,41.68,76.83,74.57
13.34,13.34,65.47,74.96,76.36
5.58,5.58,73.60,66.14,74.78
11.99,11.99,83.12,60.08,77.84
11.74,11.74,83.70,61.43,74.94
19.69,19.69,75.12,64.23,77.06
23.09,23.09,70.96,70.40,78.80
24.29,24.29,71.96,70.76,79.03
22.34,22.34,62.47,75.11,77.47
17.29,17.29,47.44,78.07,79.65
18.91,18.91,43.07,79.61,77.56
16.15,16.15,38.37,79.08,76.87
10.18,10.18,42.89,78.92,73.08
9.47,9.47,53.68,80.30,75.23
13.89,13.89,56.38,80.34,76.73
12.88,12.88,48.59,79.84,76.38
16.96,16.96,45.20,79.04,77.71
17.81,17.81,38.83,80.04,78.32
20.85,20.85,35.47,80.14,77.88
19.99,19.99,30.81,79.85,78.96
18.42,18.42,31.60,79.69,78.33
14.61,14.61,42.89,79.78,77.37
10.54,10.54,58.05,78.83,75.60
5.53,5.53,66.92,76.31,74.96
10.82,10.82,81.38,73.63,77.13
8.90,8.90,82.69,75.38,76.69
12.95,12.95,71.24,72.79,75.13
21.29,21.29,75.05,67.50,76.54
23.48,23.48,73.23,67.20,75.67
21.86,21.86,61.56,74.21,75.80
20.43,20.43,52.59,77.32,76.75
19.47,19.47,44.53,77.81,79.12
20.22,20.22,45.69,78.80,78.16
20.61,20.61,38.96,77.85,75.96
19.42,19.42,32.53,77.79,73.90
21.29,21.29,30.91,79.05,71.95
21.14,21.14,28.28,79.65,72.81
20.29,20.29,24.22,79.11,74.79
22.84,22.84,23.80,78.28,74.80
20.44,20.44,21.30,79.53,75.79
16.65,16.65,16.38,79.15,75.17
18.27,18.27,12.81,78.97,74.19
18.61,18.61,18.88,78.68,73.56
16.46,16.46,21.84,79.22,74.20
12.63,12.63,29.81,79.21,73.83
20.69,20.69,49.32,78.24,76.28
24.66,24.66,63.41,79.84,75.19
28.86,28.86,60.16,79.84,72.29
29.68,29.68,55.37,79.49,72.28
25.11,25.11,50.74,78.35,72.28
24.61,24.61,44.69,79.25,72.54
23.08,23.08,36.42,79.25,72.02
24.48,24.48,34.51,79.09,71.62
25.07,25.07,31.31,78.75,68.99
24.14,24.14,27.24,79.18,71.11
23.48,23.48,26.39,78.89,72.11
22.31,22.31,22.95,78.02,70.85
21.83,21.83,21.91,79.10,71.53
19.96,19.96,16.72,79.60,71.56
22.47,22.47,17.90,79.34,71.85
20.67,20.67,14.31,78.32,74.32
19.24,19.24,14.65,78.94,72.31
20.95,20.95,19.61,79.07,71.55
19.21,19.21,37.83,78.66,68.31
12.65,12.65,48.29,78.83,68.86
8.56,8.56,67.47,78.73,68.30
11.40,11.40,74.31,75.04,71.37
16.23,16.23,82.81,64.01,71.64
16.09,16.09,77.24,44.20,69.79
15.05,15.05,79.15,42.70,75.48
16.07,16.07,78.22,34.02,74.28
12.43,12.43,70.61,39.44,73.98
12.09,12.09,64.34,28.57,75.54
12.03,12.03,63.36,22.83,74.10
15.94,15.94,62.49,20.21,73.16
19.58,19.58,60.58,19.00,72.75
18.98,18.98,53.35,13.00,74.21
19.56,19.56,47.54,13.15,77.35
21.13,21.13,45.78,8.02,77.24
19.82,19.82,40.90,6.65,78.38
19.52,19.52,37.10,4.67,74.85
22.08,22.08,38.46,1.44,73.81
23.36,23.36,34.36,2.66,73.79
26.03,26.03,36.53,6.34,75.03
27.17,27.17,39.91,5.02,71.93
25.64,25.64,35.57,2.88,71.78
18.77,18.77,38.04,0.38,71.05
17.01,17.01,44.61,5.81,71.40
17.59,17.59,66.83,17.57,74.91
16.83,16.83,62.60,8.74,72.60
20.29,20.29,59.39,0.00,71.38
23.44,23.44,54.36,-0.00,71.18
24.30,24.30,48.64,1.91,68.79
25.11,25.11,42.29,4.71,73.51
25.86,25.86,37.02,6.78,72.48
25.02,25.02,34.73,3.25,71.77
26.01,26.01,34.54,2.98,73.69
28.28,28.28,38.12,3.04,71.89
26.90,26.90,33.20,4.75,72.69
25.48,25.48,33.98,2.76,71.81
22.85,22.85,35.47,4.50,69.55
21.46,21.46,41.24,3.14,73.39
23.18,23.18,39.35,2.86,72.47
22.73,22.73,38.44,2.68,71.29
23.26,23.26,43.14,5.42,69.59
24.08,24.08,42.67,9.53,67.76
16.04,16.04,44.68,9.46,69.60
10.03,10.03,47.99,20.22,67.97
5.67,5.67,56.32,42.13,70.14
13.27,13.27,84.22,57.21,77.98
14.07,14.07,82.81,65.40,78.06
23.15,23.15,76.16,71.68,81.13
27.48,27.48,76.02,74.69,79.70
27.82,27.82,70.69,74.77,76.45
26.59,26.59,57.55,77.47,80.80
25.37,25.37,48.89,78.25,80.41
23.30,23.30,39.46,76.91,78.18
20.18,20.18,35.83,79.29,80.12
12.95,12.95,42.63,80.41,80.35
9.77,9.77,52.43,77.21,78.03
10.28,10.28,52.94,79.55,78.10
15.16,15.16,44.25,80.53,79.41
19.79,19.79,39.08,79.15,77.55
19.59,19.59,34.39,78.73,77.11
20.94,20.94,34.52,80.77,78.19
19.83,19.83,33.92,81.12,76.03
19.88,19.88,35.22,77.82,76.09
16.07,16.07,41.55,80.96,77.74
9.68,9.68,56.10,79.94,78.61
5.09,5.09,72.08,74.47,79.00
10.21,10.21,82.99,66.01,78.50
15.78,15.78,81.51,69.36,81.17
23.51,23.51,74.33,68.89,81.05
28.68,28.68,75.63,71.63,80.18
30.52,30.52,72.72,75.09,81.11
28.23,28.23,57.10,76.65,76.59
28.90,28.90,48.70,76.13,78.98
27.44,27.44,38.22,77.62,80.29
22.84,22.84,37.24,79.09,81.13
17.74,17.74,41.54,78.37,80.20
11.59,11.59,49.70,78.28,81.37
13.93,13.93,55.99,79.70,81.12
13.95,13.95,48.16,78.69,82.01
17.07,17.07,41.36,79.75,81.52
18.64,18.64,34.60,78.76,78.74
19.17,19.17,33.04,78.96,77.77
19.02,19.02,27.86,80.54,80.19
16.91,16.91,31.25,79.43,78.60
14.13,14.13,40.54,78.47,78.48
9.32,9.32,54.91,80.46,77.60
4.83,4.83,63.33,79.60,79.60
5.65,5.65,79.14,78.96,79.40
5.11,5.11,81.68,79.83,79.91
8.90,8.90,79.38,77.73,80.29
9.18,9.18,77.98,77.89,81.51
6.93,6.93,73.18,78.06,79.67
5.10,5.10,70.91,77.09,79.27
6.60,6.60,66.22,77.68,77.50
9.14,9.14,59.47,77.41,76.30
11.31,11.31,55.73,74.98,76.49
13.44,13.44,51.80,75.61,77.00
12.29,12.29,46.86,76.88,75.68
12.07,12.07,47.74,76.28,75.00
13.90,13.90,43.67,76.44,77.54
16.15,16.15,40.78,77.83,77.36
16.34,16.34,37.36,77.02,79.50
18.43,18.43,34.74,76.34,79.03
19.14,19.14,33.70,76.43,74.79
18.96,18.96,33.96,76.27,74.59
18.32,18.32,37.58,76.15,76.44
15.50,15.50,56.67,75.17,75.81
7.28,7.28,72.76,69.08,79.38
6.91,6.91,78.56,61.54,78.18
9.22,9.22,85.83,59.78,77.71
15.22,15.22,77.71,72.51,78.62
22.29,22.29,76.77,75.09,78.18
24.34,24.34,71.42,75.09,77.26
24.52,24.52,64.32,76.64,74.55
24.84,24.84,50.17,77.72,75.34
24.03,24.03,47.25,78.56,75.21
24.31,24.31,39.08,79.60,76.64
18.56,18.56,40.05,79.97,78.24
13.92,13.92,45.12,80.31,77.30
9.93,9.93,59.63,80.70,77.80
10.70,10.70,51.88,80.50,76.81
17.35,17.35,45.53,81.37,78.45
20.45,20.45,39.56,80.90,79.44
19.16,19.16,34.94,80.11,78.04
17.30,17.30,32.23,80.92,78.85
15.64,15.64,30.17,81.10,77.38
14.16,14.16,37.39,80.60,77.09
11.57,11.57,50.51,79.04,78.57
6.36,6.36,61.47,78.70,75.92
8.32,8.32,73.13,79.28,76.63
11.30,11.30,83.85,79.90,74.67
4.93,4.93,79.34,78.88,76.16
14.52,14.52,72.72,75.98,73.35
21.46,21.46,74.80,73.74,75.16
24.47,24.47,70.67,74.66,76.29
26.55,26.55,52.10,78.70,74.12
27.81,27.81,45.97,79.96,73.90
24.00,24.00,41.79,80.04,75.06
23.50,23.50,41.20,79.30,71.39
16.80,16.80,41.23,79.25,71.35
13.88,13.88,59.64,80.13,74.28
10.55,10.55,63.90,80.51,76.76
16.72,16.72,59.76,80.13,72.04
21.09,21.09,52.61,80.14,73.93
23.93,23.93,45.37,80.21,71.32
26.44,26.44,39.75,79.84,72.60
26.45,26.45,35.20,80.65,70.76
26.47,26.47,32.98,80.81,69.62
22.70,22.70,34.24,80.99,72.84
18.58,18.58,38.39,80.54,70.22
17.97,17.97,47.01,79.61,70.77
20.46,20.46,70.75,73.44,74.39
16.30,16.30,66.92,67.54,72.80
24.93,24.93,62.85,64.02,72.75
25.53,25.53,59.73,46.21,74.98
31.25,31.25,53.86,55.05,72.86
33.04,33.04,46.66,48.82,70.13
36.70,36.70,44.54,47.06,69.31
37.04,37.04,43.11,33.33,69.32
36.13,36.13,40.35,36.51,70.42
29.20,29.20,41.88,36.79,68.57
26.75,26.75,52.69,21.95,68.79
19.56,19.56,57.56,30.85,72.81
17.95,17.95,58.06,20.96,78.69
23.62,23.62,57.79,27.41,78.87
23.27,23.27,57.52,30.59,75.39
21.71,21.71,57.50,23.35,76.26
23.52,23.52,57.73,24.32,72.88
26.36,26.36,57.34,28.70,73.24
25.12,25.12,58.19,40.49,72.29
20.82,20.82,60.87,37.09,71.60
14.17,14.17,64.59,58.77,68.86
15.38,15.38,85.03,77.15,69.99
12.49,12.49,81.78,78.64,73.98
11.05,11.05,77.77,80.59,78.31
11.41,11.41,75.70,79.93,78.21
10.06,10.06,71.62,78.15,76.63
7.99,7.99,67.29,80.02,75.88
10.93,10.93,61.49,80.87,76.73
13.94,13.94,59.04,79.46,78.10
12.90,12.90,54.25,79.95,74.66
8.09,8.09,52.49,79.60,77.11
10.47,10.47,57.86,80.51,76.67
9.72,9.72,66.08,80.92,73.76
12.14,12.14,61.68,81.18,75.24
17.83,17.83,56.34,81.40,76.56
19.86,19.86,49.23,81.37,75.81
21.61,21.61,43.77,81.34,78.26
22.24,22.24,40.86,81.33,79.13
21.83,21.83,37.92,80.77,76.71
19.15,19.15,38.39,81.13,76.50
14.42,14.42,39.99,80.91,72.95
7.92,7.92,42.75,80.75,75.29
12.02,12.02,65.01,80.50,76.67
9.99,9.99,67.53,80.55,77.78
9.72,9.72,61.05,80.68,77.58
16.08,16.08,58.06,80.63,77.88
23.40,23.40,52.88,80.37,76.89
26.06,26.06,46.85,80.18,76.99
27.37,27.37,42.80,80.32,73.68
26.23,26.23,41.21,80.81,74.72
21.76,21.76,40.33,80.48,73.84
13.80,13.80,40.62,80.13,75.20
11.14,11.14,48.75,79.83,73.58
11.03,11.03,69.36,79.20,73.27
10.23,10.23,65.53,79.74,71.73
11.61,11.61,60.17,79.35,72.58
18.06,18.06,55.85,79.53,72.06
21.90,21.90,49.40,79.23,75.69
25.79,25.79,43.64,79.64,75.86
28.37,28.37,41.11,80.07,75.26
23.86,23.86,39.78,79.98,73.95
19.52,19.52,57.05,79.72,70.45
10.94,10.94,71.20,77.42,71.29
10.17,10.17,78.31,73.90,77.25
11.59,11.59,82.95,71.03,79.94
19.39,19.39,75.39,67.60,81.68
25.56,25.56,75.45,71.48,83.76
27.17,27.17,71.28,74.74,82.58
25.50,25.50,61.41,76.12,80.73
23.85,23.85,46.50,78.84,78.78
25.07,25.07,41.92,78.31,77.80
23.79,23.79,37.13,80.46,79.48
17.29,17.29,40.74,79.84,78.87
9.81,9.81,45.17,80.92,79.67
13.02,13.02,59.55,79.69,80.68
18.04,18.04,50.36,80.43,79.85
23.58,23.58,45.27,81.40,78.89
24.82,24.82,40.83,79.56,79.20
26.81,26.81,37.13,81.98,79.65
24.60,24.60,34.21,80.86,75.87
24.76,24.76,31.43,80.84,75.98
26.11,26.11,38.80,81.35,76.05
22.30,22.30,53.05,80.22,74.36
12.66,12.66,68.17,78.47,75.83
11.36,11.36,77.49,66.69,76.92
10.36,10.36,82.26,63.51,76.01
18.37,18.37,80.89,70.39,79.56
27.24,27.24,73.49,72.52,81.00
29.98,29.98,75.17,74.97,80.59
30.28,30.28,62.51,75.72,79.72
28.89,28.89,46.64,77.46,79.62
30.00,30.00,42.84,76.97,77.55
26.36,26.36,34.96,78.64,78.87
23.51,23.51,36.27,77.93,76.20
14.65,14.65,43.90,78.83,78.75
14.80,14.80,59.25,79.68,79.92
15.12,15.12,55.47,79.00,79.51
21.66,21.66,50.24,78.70,80.44
24.41,24.41,41.73,80.01,76.27
28.51,28.51,36.51,79.44,77.74
32.08,32.08,29.79,79.56,79.03
32.77,32.77,26.34,79.12,80.17
33.17,33.17,34.08,79.47,79.75
28.95,28.95,51.18,80.71,76.54
21.38,21.38,61.89,79.03,78.42
11.78,11.78,68.84,79.03,78.07
10.00,10.00,84.18,79.56,73.60
11.95,11.95,81.28,77.77,74.13
11.28,11.28,79.65,78.34,77.71
9.76,9.76,72.68,74.96,77.60
5.97,5.97,71.95,74.13,77.50
5.76,5.76,67.88,77.85,77.89
7.80,7.80,60.54,78.89,81.37
13.98,13.98,55.83,77.19,76.89
19.25,19.25,53.45,76.50,76.96
20.13,20.13,51.26,77.58,73.94
23.70,23.70,49.31,78.18,78.97
23.04,23.04,46.84,77.33,79.78
24.01,24.01,45.76,77.11,79.67
22.27,22.27,43.13,77.76,79.98
21.44,21.44,40.41,77.16,80.17
22.99,22.99,37.81,77.49,79.25
24.26,24.26,33.88,77.70,78.81
24.83,24.83,37.67,77.14,79.40
22.92,22.92,46.70,76.57,77.40
16.24,16.24,66.30,73.80,76.84
8.67,8.67,73.15,65.86,78.35
14.38,14.38,83.26,60.49,73.94
14.38,14.38,83.29,60.18,78.51
23.79,23.79,76.42,65.91,79.94
25.90,25.90,73.68,69.60,80.91
26.56,26.56,70.84,75.40,80.76
22.52,22.52,57.52,78.21,80.74
23.70,23.70,45.94,78.12,77.87
23.22,23.22,39.66,79.44,77.94
19.83,19.83,39.44,80.01,76.75
13.39,13.39,46.18,80.21,77.07
9.23,9.23,56.23,79.82,78.55
11.49,11.49,55.23,78.89,75.24
15.02,15.02,50.18,80.20,75.03
19.23,19.23,44.62,80.14,77.54
20.22,20.22,38.40,79.80,75.56
18.16,18.16,33.57,79.70,75.94
18.48,18.48,28.98,80.16,77.16
16.66,16.66,31.05,79.42,76.34
13.27,13.27,42.43,79.28,76.03
9.41,9.41,60.21,79.36,76.86
5.68,5.68,67.65,77.47,78.58
12.15,12.15,83.75,74.33,78.47
9.80,9.80,83.16,73.42,78.71
17.57,17.57,67.04,68.60,78.49
23.78,23.78,75.06,67.12,76.82
25.82,25.82,72.74,70.04,78.67
25.09,25.09,54.91,75.29,77.48
26.75,26.75,45.55,77.61,78.96
26.78,26.78,41.35,78.12,75.04
29.44,29.44,39.30,77.83,72.64
27.06,27.06,34.59,79.04,74.75
25.10,25.10,31.51,79.26,74.55
28.09,28.09,31.10,78.84,72.51
28.89,28.89,29.16,78.15,73.67
28.99,28.99,24.31,79.21,73.84
28.16,28.16,24.34,79.13,73.10
26.28,26.28,21.04,79.26,72.98
23.79,23.79,18.03,78.92,73.66
24.31,24.31,17.32,79.33,73.68
25.22,25.22,18.00,78.90,73.03
22.64,22.64,24.66,78.42,73.93
19.82,19.82,31.22,79.54,71.52
32.12,32.12,54.01,79.83,72.30
38.87,38.87,62.84,79.17,75.22
37.38,37.38,60.08,77.92,73.77
37.02,37.02,55.04,78.90,72.56
32.69,32.69,50.32,79.33,72.18
32.38,32.38,42.98,79.07,73.43
30.36,30.36,36.92,78.60,71.17
29.80,29.80,33.96,79.32,71.17
29.41,29.41,32.72,79.02,71.18
27.18,27.18,28.01,78.34,69.61
29.41,29.41,26.56,79.46,70.56
28.92,28.92,24.28,79.64,71.88
30.65,30.65,21.65,79.10,72.37
31.48,31.48,18.79,77.93,72.10
29.45,29.45,16.84,78.96,71.04
28.38,28.38,15.27,79.30,71.18
27.37,27.37,14.13,78.94,70.05
28.34,28.34,17.68,78.53,69.94
28.23,28.23,36.41,78.72,71.29
21.31,21.31,52.48,78.80,69.26
11.78,11.78,69.55,77.48,70.05
10.61,10.61,78.44,76.05,70.62
14.42,14.42,86.30,58.86,72.63
15.44,15.44,80.87,48.73,72.58
17.36,17.36,74.31,48.01,72.99
16.29,16.29,76.22,37.26,72.30
11.81,11.81,71.59,36.07,73.94
10.43,10.43,64.41,35.75,71.92
16.68,16.68,62.41,27.84,73.39
19.34,19.34,59.18,23.53,72.41
22.04,22.04,54.69,14.93,72.34
22.66,22.66,51.74,15.41,73.17
23.02,23.02,46.54,10.00,77.76
25.23,25.23,42.20,7.45,76.42
24.97,24.97,38.86,6.10,74.28
26.00,26.00,39.06,3.84,73.74
26.73,26.73,36.17,7.13,74.63
26.44,26.44,33.60,5.13,74.84
29.77,29.77,37.35,3.87,73.59
29.57,29.57,39.33,0.44,73.48
25.79,25.79,37.08,0.95,71.05
17.58,17.58,40.20,0.04,69.21
15.59,15.59,49.89,7.58,68.42
13.66,13.66,65.85,16.21,74.38
20.23,20.23,62.31,3.56,70.60
25.49,25.49,58.40,0.93,71.57
23.85,23.85,54.98,2.18,70.78
25.70,25.70,47.94,7.47,69.11
26.99,26.99,41.67,1.65,73.65
29.08,29.08,37.54,-0.00,70.49
27.30,27.30,36.04,-0.00,68.97
28.23,28.23,38.61,-0.00,72.92
27.48,27.48,34.18,0.08,73.35
27.91,27.91,29.44,-0.00,73.17
28.06,28.06,30.79,-0.00,71.99
28.09,28.09,31.77,0.21,73.67
27.32,27.32,37.46,1.07,71.71
25.48,25.48,39.79,3.18,72.28
27.57,27.57,30.71,7.25,72.06
26.52,26.52,33.82,6.93,72.43
26.94,26.94,39.69,9.58,72.09
19.74,19.74,50.26,17.01,71.84
12.60,12.60,56.53,26.67,72.27
12.22,12.22,60.65,48.23,73.91
13.03,13.03,84.59,59.91,76.13
15.83,15.83,80.27,63.41,78.10
24.18,24.18,75.79,71.01,79.53
27.34,27.34,77.13,72.57,78.46
26.93,26.93,69.64,74.00,79.82
23.96,23.96,53.91,78.17,79.60
27.89,27.89,43.22,77.10,79.25
25.86,25.86,40.24,78.80,77.97
24.72,24.72,40.17,79.29,77.92
15.39,15.39,43.37,79.13,78.50
12.93,12.93,54.90,79.71,75.82
12.48,12.48,49.77,79.74,79.61
14.79,14.79,44.30,80.99,78.99
17.76,17.76,38.63,78.93,79.21
17.89,17.89,34.20,80.86,80.25
16.34,16.34,28.82,80.06,79.31
12.82,12.82,27.26,79.53,79.15
13.03,13.03,30.92,81.35,75.54
13.04,13.04,40.11,79.66,74.31
8.06,8.06,63.59,79.65,77.14
4.95,4.95,74.80,73.18,75.74
7.38,7.38,83.57,67.36,77.78
11.54,11.54,83.87,67.38,75.54
20.51,20.51,72.63,69.81,80.61
25.87,25.87,72.78,72.07,80.26
28.68,28.68,71.49,74.55,79.72
29.03,29.03,53.84,75.30,78.24
26.10,26.10,43.38,78.09,81.79
25.22,25.22,40.29,77.06,79.55
21.37,21.37,39.61,76.59,77.62
13.17,13.17,44.03,79.20,79.65
15.51,15.51,50.70,78.71,78.55
12.83,12.83,48.59,78.84,82.69
17.99,17.99,40.56,78.90,81.51
21.59,21.59,37.33,79.42,80.22
20.55,20.55,33.24,80.13,77.97
18.40,18.40,30.93,79.06,77.61
19.49,19.49,26.72,79.24,79.27
19.09,19.09,30.87,80.11,77.99
19.37,19.37,42.50,79.20,77.31
12.42,12.42,58.13,79.14,76.17
5.27,5.27,66.60,79.84,77.34
8.07,8.07,82.25,79.49,76.28
8.58,8.58,81.99,78.92,76.31
9.76,9.76,80.81,78.36,76.43
10.62,10.62,75.46,77.34,78.95
8.79,8.79,72.75,77.70,78.13
8.21,8.21,68.85,76.08,77.12
6.41,6.41,61.09,78.18,77.35
9.41,9.41,58.36,77.43,77.82
14.75,14.75,53.34,76.04,74.95
17.21,17.21,49.22,76.71,75.56
18.11,18.11,48.10,77.72,76.84
20.28,20.28,45.33,77.04,78.34
17.32,17.32,42.82,76.92,76.92
18.10,18.10,40.81,77.46,75.87
15.16,15.16,39.19,76.86,77.84
16.55,16.55,37.73,76.61,76.88
21.00,21.00,35.22,77.09,76.41
22.06,22.06,34.27,77.03,78.31
22.32,22.32,40.82,76.19,76.89
16.58,16.58,63.39,75.37,76.01
6.94,6.94,72.08,66.40,75.21
7.23,7.23,80.38,62.87,77.87
6.98,6.98,85.54,62.64,78.90
14.72,14.72,76.52,73.00,78.47
23.68,23.68,77.35,75.28,79.06
24.97,24.97,68.91,75.58,78.28
27.03,27.03,66.51,75.19,78.56
26.33,26.33,55.31,76.63,79.92
27.22,27.22,51.82,78.53,77.00
25.81,25.81,44.88,79.70,78.00
20.02,20.02,43.17,79.62,79.35
9.48,9.48,46.09,79.94,77.54
9.12,9.12,60.51,80.85,75.40
10.78,10.78,52.26,80.61,71.77
16.32,16.32,46.86,80.41,74.71
19.66,19.66,41.81,81.18,77.15
19.95,19.95,37.47,81.12,74.88
20.99,20.99,33.12,80.45,74.72
23.26,23.26,32.16,79.46,75.96
20.49,20.49,39.78,80.33,76.00
16.58,16.58,49.61,80.04,76.78
8.81,8.81,65.59,78.36,76.07
8.94,8.94,76.97,78.21,78.00
7.19,7.19,84.05,78.34,75.28
16.13,16.13,74.97,76.78,73.35
17.74,17.74,74.58,73.96,74.45
21.68,21.68,73.09,70.85,73.99
27.30,27.30,65.98,74.31,74.17
29.98,29.98,56.26,77.68,74.77
31.75,31.75,48.90,78.06,73.36
29.53,29.53,44.98,79.06,72.03
26.59,26.59,41.08,79.84,72.63
17.50,17.50,42.49,80.09,73.16
21.76,21.76,63.29,79.98,71.36
26.58,26.58,61.13,80.12,71.51
24.41,24.41,55.71,79.95,69.78
26.18,26.18,50.95,79.34,69.02
26.67,26.67,43.20,80.56,68.42
28.34,28.34,38.71,81.11,68.71
28.51,28.51,34.53,81.04,72.22
26.76,26.76,32.48,80.16,71.31
23.55,23.55,36.05,79.66,73.64
17.76,17.76,38.73,80.90,72.83
16.56,16.56,53.23,81.10,72.89
13.27,13.27,70.76,69.53,75.96
11.43,11.43,66.60,62.12,73.99
18.59,18.59,62.53,54.10,73.40
30.85,30.85,57.94,55.88,76.07
35.41,35.41,51.96,49.90,75.75
34.43,34.43,45.13,46.67,73.63
34.99,34.99,41.56,39.60,75.61
36.10,36.10,39.79,36.30,72.59
33.53,33.53,39.66,37.07,73.24
28.38,28.38,40.65,31.13,72.40
25.91,25.91,55.11,26.92,72.77
17.01,17.01,59.39,25.06,76.84
15.17,15.17,59.05,14.05,77.47
19.85,19.85,57.81,24.65,74.68
19.45,19.45,57.56,25.31,74.90
23.04,23.04,58.28,23.97,71.31
26.71,26.71,55.79,17.55,73.73
28.29,28.29,56.64,37.02,74.82
27.69,27.69,58.75,43.27,72.58
19.95,19.95,62.06,44.08,68.71
13.66,13.66,71.66,65.51,68.49
10.65,10.65,85.03,78.08,73.08
9.44,9.44,80.68,79.44,76.68
11.59,11.59,78.15,81.28,77.82
10.92,10.92,76.28,79.55,79.25
9.88,9.88,69.43,78.27,76.81
9.52,9.52,67.04,79.42,74.00
9.96,9.96,61.44,79.45,76.68
13.97,13.97,56.10,78.50,77.10
13.57,13.57,53.03,78.07,76.99
9.27,9.27,52.38,79.74,76.93
10.96,10.96,60.11,80.31,76.03
8.82,8.82,65.98,80.59,74.98
12.45,12.45,60.31,81.41,75.94
17.07,17.07,55.71,81.14,75.01
20.48,20.48,50.29,80.65,75.18
24.09,24.09,45.60,80.67,74.32
26.17,26.17,42.86,80.91,74.59
27.48,27.48,40.34,80.76,75.22
27.47,27.47,38.19,80.71,75.01
21.73,21.73,39.72,80.46,75.08
11.43,11.43,42.68,80.65,75.36
11.44,11.44,68.23,80.94,78.20
12.75,12.75,65.93,80.28,76.89
13.85,13.85,61.58,80.41,75.65
21.49,21.49,57.80,80.08,77.14
24.15,24.15,51.21,80.28,77.84
27.59,27.59,45.94,80.01,77.20
27.96,27.96,41.51,79.96,78.07
27.40,27.40,38.63,80.25,73.82
24.34,24.34,39.48,80.08,77.20
18.84,18.84,40.43,79.96,75.22
14.53,14.53,52.42,79.99,75.79
10.09,10.09,67.53,79.88,77.36
9.92,9.92,63.60,80.52,76.66
16.20,16.20,58.34,81.05,76.05
22.50,22.50,54.37,80.12,76.70
25.07,25.07,48.49,80.03,77.25
25.92,25.92,41.98,80.01,77.72
29.67,29.67,38.54,80.06,73.62
27.66,27.66,46.12,79.77,75.76
20.73,20.73,59.54,79.29,75.97
8.72,8.72,72.27,77.79,72.95
9.36,9.36,81.45,75.66,76.82
13.68,13.68,80.46,71.20,77.07
21.58,21.58,75.52,69.97,77.99
28.48,28.48,74.85,75.12,76.22
29.39,29.39,68.98,73.03,77.07
26.84,26.84,58.67,76.47,75.95
26.22,26.22,47.33,78.61,76.48
26.54,26.54,40.66,79.54,73.98
24.98,24.98,40.15,78.37,74.48
19.46,19.46,40.24,80.51,74.60
15.06,15.06,47.01,80.42,74.92
14.93,14.93,57.85,79.70,77.11
15.65,15.65,47.71,80.41,80.02
22.74,22.74,43.74,80.47,79.01
24.47,24.47,38.71,81.43,77.78
22.54,22.54,37.83,78.88,76.29
21.51,21.51,32.63,81.42,76.12
20.85,20.85,30.83,80.41,77.89
22.11,22.11,36.52,79.64,74.91
15.77,15.77,48.91,81.17,71.75
8.57,8.57,67.90,76.70,73.03
11.88,11.88,79.12,66.14,75.81
13.11,13.11,83.56,64.09,75.28
19.66,19.66,76.78,71.38,74.10
26.23,26.23,73.71,70.54,75.64
27.79,27.79,73.01,76.19,77.35
29.46,29.46,59.86,76.19,76.96
28.07,28.07,49.00,78.56,74.89
28.35,28.35,46.04,77.04,75.28
27.94,27.94,39.16,78.00,77.95
22.33,22.33,41.51,79.95,76.21
12.15,12.15,46.40,78.84,79.21
15.63,15.63,60.28,77.58,81.10
17.36,17.36,53.34,80.17,81.18
22.92,22.92,47.28,79.33,83.05
25.38,25.38,41.78,78.96,76.37
29.34,29.34,37.26,79.63,77.73
30.68,30.68,32.76,79.49,80.10
28.85,28.85,30.16,80.13,80.43
33.03,33.03,40.56,78.54,81.21
24.31,24.31,53.40,79.30,77.22
12.12,12.12,63.91,80.23,77.14
9.10,9.10,72.42,79.45,78.93
3.87,3.87,83.57,77.93,81.04
4.19,4.19,80.13,79.18,82.58
3.95,3.95,79.67,77.21,82.95
6.09,6.09,72.73,75.38,82.64
8.24,8.24,71.10,75.67,80.98
9.64,9.64,70.11,78.43,77.53
9.11,9.11,60.25,78.64,76.08
13.56,13.56,57.26,76.65,76.57
18.98,18.98,53.01,76.98,80.05
21.75,21.75,49.70,77.94,76.74
22.81,22.81,49.03,77.78,77.42
25.40,25.40,48.40,78.13,76.91
24.31,24.31,44.54,77.81,76.76
24.42,24.42,44.12,77.79,77.30
22.84,22.84,42.10,77.44,74.77
21.54,21.54,38.32,77.41,75.90
23.55,23.55,38.06,77.50,74.22
23.63,23.63,37.85,77.28,75.57
20.81,20.81,49.90,76.77,73.37
14.47,14.47,68.86,73.26,72.99
8.33,8.33,73.40,62.53,75.89
9.28,9.28,84.87,57.62,74.69
17.06,17.06,79.78,63.48,80.01
22.30,22.30,77.35,66.86,81.99
24.10,24.10,72.82,72.06,81.16
23.10,23.10,69.13,74.88,79.56
21.93,21.93,49.82,78.51,78.94
21.62,21.62,44.18,79.59,79.58
21.35,21.35,41.40,80.22,79.30
16.75,16.75,41.98,79.59,77.72
9.89,9.89,45.52,79.39,79.19
8.11,8.11,56.81,80.34,79.44
8.86,8.86,53.20,80.10,78.07
13.33,13.33,48.55,79.93,81.89
18.25,18.25,43.34,79.85,82.94
17.18,17.18,41.19,80.21,82.77
16.77,16.77,37.74,79.43,79.12
13.43,13.43,37.02,80.03,77.97
11.28,11.28,38.83,80.65,78.60
8.52,8.52,46.32,80.36,76.88
6.62,6.62,59.94,78.69,76.66
7.41,7.41,69.83,76.45,78.40
8.78,8.78,82.46,73.99,74.78
5.69,5.69,83.71,70.96,75.58
13.85,13.85,65.97,67.49,76.03
18.34,18.34,74.11,66.04,76.71
21.16,21.16,73.02,73.21,75.77
20.58,20.58,53.50,76.55,72.73
22.31,22.31,42.22,77.45,72.67
28.61,28.61,39.54,78.91,73.47
25.88,25.88,39.78,79.22,70.22
20.68,20.68,36.32,78.58,70.53
19.50,19.50,32.23,77.96,72.25
24.00,24.00,32.59,79.43,71.66
23.32,23.32,29.97,79.37,71.79
20.02,20.02,24.95,79.19,73.18
18.61,18.61,22.08,78.85,74.60
18.28,18.28,18.96,79.42,75.29
17.36,17.36,17.42,79.10,75.63
19.12,19.12,16.92,78.69,75.35
18.84,18.84,20.20,79.56,75.94
16.28,16.28,28.41,79.65,76.93
14.00,14.00,34.40,79.42,75.45
21.85,21.85,61.14,78.36,73.89
26.18,26.18,61.53,79.46,73.21
22.11,22.11,58.25,79.51,75.57
24.15,24.15,54.65,78.93,76.76
27.09,27.09,49.03,78.52,76.15
24.93,24.93,42.16,79.24,76.09
23.06,23.06,36.83,78.94,73.29
24.46,24.46,34.68,78.36,73.12
27.01,27.01,34.91,79.37,72.11
28.36,28.36,31.80,79.82,71.29
26.79,26.79,31.05,79.02,68.28
25.09,25.09,26.72,78.24,69.77
21.71,21.71,24.19,78.95,73.07
21.21,21.21,21.09,79.10,73.27
21.32,21.32,23.22,79.12,70.70
18.95,18.95,19.60,78.72,71.32
19.24,19.24,19.42,78.98,70.54
22.20,22.20,24.85,78.74,73.46
20.81,20.81,41.41,78.21,73.28
18.66,18.66,58.72,79.20,74.20
5.66,5.66,69.27,78.75,73.17
9.87,9.87,80.59,74.23,73.94
9.88,9.88,83.59,54.91,73.34
10.68,10.68,80.01,44.66,74.91
11.69,11.69,76.42,43.81,73.92
12.99,12.99,74.51,41.97,76.11
10.19,10.19,70.07,41.07,76.12
7.87,7.87,64.06,37.15,76.46
12.88,12.88,62.05,31.89,74.33
15.49,15.49,57.64,23.21,69.52
19.61,19.61,54.44,15.55,70.13
22.53,22.53,50.83,13.79,70.92
25.19,25.19,47.35,9.72,75.50
25.18,25.18,43.27,8.59,74.76
28.00,28.00,41.17,3.84,76.55
27.43,27.43,38.67,0.55,75.94
29.39,29.39,37.17,-0.00,74.54
28.89,28.89,36.66,-0.00,73.41
27.59,27.59,36.84,0.01,74.14
26.42,26.42,36.12,-0.00,74.10
24.19,24.19,36.51,-0.00,72.67
18.86,18.86,40.11,1.48,71.94
14.82,14.82,52.63,5.73,75.37
8.37,8.37,65.58,9.32,77.38
13.37,13.37,63.37,7.37,74.27
20.98,20.98,57.77,0.03,73.22
25.72,25.72,54.30,0.46,74.20
29.96,29.96,46.66,0.02,75.28
30.73,30.73,42.93,1.51,74.67
29.16,29.16,39.36,2.44,71.89
30.92,30.92,41.49,3.54,75.35
28.79,28.79,40.39,3.73,75.01
31.18,31.18,31.99,5.17,75.02
26.18,26.18,32.30,8.07,73.76
26.97,26.97,31.74,4.46,75.34
27.07,27.07,35.81,2.93,73.31
24.93,24.93,35.46,2.53,71.46
24.45,24.45,45.04,2.23,71.72
25.23,25.23,45.10,3.68,71.56
25.84,25.84,39.18,1.91,71.41
25.42,25.42,41.63,7.62,70.82
19.00,19.00,49.67,17.76,70.98
13.31,13.31,59.28,30.94,72.51
13.02,13.02,67.62,44.92,74.71
11.16,11.16,85.73,60.17,75.78
18.46,18.46,78.20,65.85,77.17
26.70,26.70,77.49,72.94,76.15
30.42,30.42,76.48,74.19,79.94
29.87,29.87,63.37,77.22,77.55
26.03,26.03,49.47,76.69,76.64
23.95,23.95,41.72,77.24,77.26
24.15,24.15,40.01,79.63,76.48
18.68,18.68,39.68,80.02,75.18
12.17,12.17,43.43,79.78,75.85
13.28,13.28,56.75,80.61,80.03
14.88,14.88,50.36,81.61,77.59
18.28,18.28,45.63,79.51,78.87
20.85,20.85,40.64,80.83,75.85
20.38,20.38,35.29,80.77,74.79
20.03,20.03,32.02,79.20,75.46
19.37,19.37,31.59,79.40,76.47
17.92,17.92,34.13,79.78,75.32
13.63,13.63,46.77,79.96,73.37
7.56,7.56,64.88,74.38,75.93
3.74,3.74,77.06,71.41,76.03
6.82,6.82,81.73,66.66,77.02
9.93,9.93,83.10,71.62,77.56
18.80,18.80,72.05,69.33,80.24
23.86,23.86,76.59,73.06,79.32
24.72,24.72,68.62,77.07,77.69
23.72,23.72,51.20,75.54,76.58
23.31,23.31,48.36,76.50,77.47
20.84,20.84,41.77,78.81,77.85
20.24,20.24,40.93,77.34,76.99
11.10,11.10,41.78,78.57,75.95
7.08,7.08,54.75,79.71,78.02
5.98,5.98,53.00,78.41,80.62
8.89,8.89,47.01,80.06,76.72
11.32,11.32,41.94,78.59,79.17
14.17,14.17,38.91,78.61,78.77
17.17,17.17,35.47,80.13,78.23
17.09,17.09,31.25,79.49,77.72
16.42,16.42,30.87,78.55,79.42
14.87,14.87,50.21,80.34,77.40
11.89,11.89,62.49,80.06,77.64
4.13,4.13,68.58,80.08,79.02
8.61,8.61,84.01,79.13,78.65
7.37,7.37,82.16,80.12,76.13
8.82,8.82,78.86,77.98,77.32
8.46,8.46,75.07,79.64,73.81
5.98,5.98,72.92,76.34,74.21
4.23,4.23,71.00,74.64,76.05
3.75,3.75,63.09,77.59,78.61
7.59,7.59,57.68,77.49,78.05
8.12,8.12,53.36,76.41,76.98
10.40,10.40,49.87,76.80,76.85
10.32,10.32,47.73,77.43,78.26
13.14,13.14,45.78,76.97,78.69
15.44,15.44,45.11,76.26,81.84
13.42,13.42,43.08,76.83,81.11
11.56,11.56,40.34,77.21,81.66
12.25,12.25,38.45,76.93,79.80
16.05,16.05,35.69,77.61,77.31
14.88,14.88,35.84,77.30,78.29
13.61,13.61,49.31,76.68,78.28
8.27,8.27,64.76,74.85,77.97
2.03,2.03,71.45,66.07,77.23
5.77,5.77,83.26,64.02,79.20
6.82,6.82,84.85,65.31,79.34
13.73,13.73,73.71,74.17,78.61
22.09,22.09,73.60,73.69,79.65
24.51,24.51,70.90,76.80,76.71
26.04,26.04,62.45,77.99,78.64
27.19,27.19,48.59,77.56,77.30
25.68,25.68,47.57,76.84,76.64
23.96,23.96,40.42,78.45,75.53
15.54,15.54,42.59,80.59,74.77
6.16,6.16,51.19,80.58,73.73
5.14,5.14,57.21,80.75,76.87
9.02,9.02,51.20,81.81,75.36
17.16,17.16,45.66,81.64,76.95
17.50,17.50,39.45,81.34,76.78
21.33,21.33,35.33,80.48,75.88
21.34,21.34,34.56,81.83,76.13
20.21,20.21,33.66,81.76,76.58
13.48,13.48,42.80,81.31,75.68
7.47,7.47,53.23,80.79,74.41
3.25,3.25,68.80,79.94,75.39
11.35,11.35,78.28,78.33,76.20
7.78,7.78,83.99,79.04,75.53
6.55,6.55,73.83,77.70,72.91
15.26,15.26,75.24,74.83,74.35
21.65,21.65,72.50,72.37,74.46
24.60,24.60,64.64,75.74,74.41
26.34,26.34,50.34,78.90,72.36
25.57,25.57,42.14,79.78,74.36
24.05,24.05,43.24,80.35,74.97
16.70,16.70,42.03,79.63,73.79
9.27,9.27,45.84,80.36,72.04
9.17,9.17,64.41,80.81,73.15
9.68,9.68,61.12,79.84,70.60
16.26,16.26,56.29,81.05,72.31
23.30,23.30,49.09,81.16,72.02
24.67,24.67,42.57,81.29,73.31
27.02,27.02,37.46,80.38,71.94
28.18,28.18,34.79,80.87,71.18
25.54,25.54,34.56,80.98,71.14
20.77,20.77,35.99,80.73,71.24
15.75,15.75,40.40,80.75,70.59
15.59,15.59,60.13,79.10,71.96
16.82,16.82,70.85,69.04,75.74
14.67,14.67,66.27,58.67,76.61
20.44,20.44,61.97,59.33,74.85
27.39,27.39,57.43,55.87,74.30
31.03,31.03,50.77,46.59,71.40
33.35,33.35,45.33,46.03,73.02
34.24,34.24,42.76,39.33,71.52
37.30,37.30,41.67,39.41,72.40
32.38,32.38,41.39,36.68,71.34
27.14,27.14,41.44,15.02,72.69
24.22,24.22,57.87,22.00,70.78
19.78,19.78,58.39,14.34,75.00
18.36,18.36,57.92,8.21,78.04
20.71,20.71,57.92,9.81,76.45
17.40,17.40,57.28,14.76,73.81
17.16,17.16,57.28,11.97,72.71
22.54,22.54,56.88,19.60,74.41
23.23,23.23,56.80,34.32,73.21
23.58,23.58,59.53,40.43,71.88
16.90,16.90,64.01,51.45,69.99
13.99,13.99,73.43,66.77,66.28
14.65,14.65,84.70,81.78,68.30
9.94,9.94,77.89,79.40,73.88
11.76,11.76,78.84,80.74,76.96
11.10,11.10,75.93,79.43,76.65
7.58,7.58,68.52,78.81,75.72
6.71,6.71,65.62,80.72,75.39
6.96,6.96,62.33,80.92,74.83
7.70,7.70,57.26,79.54,76.04
7.64,7.64,54.46,80.71,78.68
7.63,7.63,51.76,80.35,78.33
10.56,10.56,62.89,80.62,78.83
6.06,6.06,65.45,80.44,75.06
13.42,13.42,58.90,80.74,74.00
17.88,17.88,54.40,80.71,76.83
21.40,21.40,48.52,80.80,77.74
23.99,23.99,42.91,80.84,77.25
23.71,23.71,42.26,80.77,75.61
23.72,23.72,41.52,81.03,73.00
19.86,19.86,41.80,81.44,72.54
13.43,13.43,41.35,80.94,72.30
10.24,10.24,47.40,80.60,70.01
12.69,12.69,69.37,80.38,72.21
10.55,10.55,66.08,80.28,71.38
9.69,9.69,61.25,80.81,73.53
16.63,16.63,57.36,80.54,73.02
20.07,20.07,50.82,80.08,70.69
22.71,22.71,45.13,80.18,71.24
23.96,23.96,41.88,80.38,72.13
23.98,23.98,40.47,80.81,71.69
22.36,22.36,42.06,79.88,72.79
14.79,14.79,42.92,79.86,73.42
13.66,13.66,57.86,80.32,77.81
11.07,11.07,68.11,79.63,77.13
10.78,10.78,63.47,79.16,76.40
14.90,14.90,58.86,79.56,73.69
21.09,21.09,53.19,79.97,73.23
27.06,27.06,46.67,79.96,74.24
29.64,29.64,41.00,79.93,74.29
30.43,30.43,40.51,79.85,73.86
27.47,27.47,50.53,80.23,72.59
17.79,17.79,65.14,79.58,71.83
4.88,4.88,72.37,76.24,71.83
5.07,5.07,82.92,73.29,79.01
4.71,4.71,82.05,69.60,75.93
13.79,13.79,73.58,68.49,76.85
22.27,22.27,72.61,75.94,76.84
26.40,26.40,69.05,73.30,78.00
26.39,26.39,55.45,77.55,79.26
27.98,27.98,41.83,78.91,81.28
26.69,26.69,39.71,77.97,77.96
23.84,23.84,39.67,80.13,77.25
15.98,15.98,43.13,80.20,74.84
9.07,9.07,53.98,80.98,74.72
8.06,8.06,58.21,79.23,74.30
13.42,13.42,52.30,80.74,76.04
18.81,18.81,48.69,81.39,76.71
21.30,21.30,45.39,79.70,72.48
24.18,24.18,42.74,81.61,72.86
26.00,26.00,40.48,80.41,73.94
27.89,27.89,39.30,80.16,76.00
25.37,25.37,45.17,80.20,76.24
22.02,22.02,53.63,79.44,75.60
15.56,15.56,72.22,75.51,72.48
12.81,12.81,80.63,62.01,76.74
11.42,11.42,81.73,64.83,77.41
19.33,19.33,74.68,71.17,77.60
25.56,25.56,75.17,72.87,78.37
26.23,26.23,69.37,75.23,77.77
26.92,26.92,56.11,77.23,76.33
25.94,25.94,46.67,77.91,74.84
27.67,27.67,41.99,79.01,74.30
23.92,23.92,40.18,78.24,75.19
15.65,15.65,44.02,78.61,75.02
9.34,9.34,49.69,80.13,75.25
11.61,11.61,58.89,78.70,78.73
14.92,14.92,51.10,79.20,78.14
21.43,21.43,46.69,79.91,76.18
21.72,21.72,40.11,78.95,76.65
22.88,22.88,34.33,80.57,78.09
22.08,22.08,28.56,78.69,77.34
21.25,21.25,31.44,78.95,79.22
18.73,18.73,40.80,80.55,79.28
13.38,13.38,53.24,79.30,78.69
7.27,7.27,63.96,78.45,78.72
9.88,9.88,76.08,79.39,80.07
1.86,1.86,82.69,78.93,80.36
4.13,4.13,78.40,77.75,80.77
9.24,9.24,78.27,78.92,82.64
7.89,7.89,74.03,76.22,79.85
5.56,5.56,66.73,75.06,81.22
2.27,2.27,62.29,78.08,80.30
6.21,6.21,57.57,77.42,80.51
12.67,12.67,55.29,75.12,80.36
15.21,15.21,52.89,76.57,80.39
14.00,14.00,48.34,77.79,81.26
13.44,13.44,47.57,76.21,80.76
12.42,12.42,45.78,76.50,81.02
13.22,13.22,44.65,77.22,79.29
14.92,14.92,41.45,76.80,81.13
16.82,16.82,37.91,76.82,79.64
17.05,17.05,35.74,77.39,80.47
18.62,18.62,34.97,77.77,79.36
17.73,17.73,38.59,77.57,76.00
13.88,13.88,53.66,75.99,75.32
6.81,6.81,70.54,70.42,78.15
3.60,3.60,78.23,60.34,76.49
5.43,5.43,85.74,60.03,74.56
10.29,10.29,76.88,60.79,77.51
17.53,17.53,79.61,71.06,79.81
21.78,21.78,70.15,69.62,78.02
23.50,23.50,64.68,76.62,79.31
22.88,22.88,53.66,78.69,78.27
21.70,21.70,47.36,78.33,79.23
20.01,20.01,44.05,79.26,77.85
15.66,15.66,42.17,79.36,77.98
11.50,11.50,47.07,79.57,76.89
6.02,6.02,59.66,79.62,79.60
6.91,6.91,55.13,79.78,75.83
12.94,12.94,50.49,79.87,81.44
14.04,14.04,46.93,78.85,79.24
17.37,17.37,43.14,79.94,75.64
17.57,17.57,41.85,80.37,75.30
18.49,18.49,39.18,80.28,73.88
21.07,21.07,39.70,79.11,73.68
17.77,17.77,53.73,79.23,72.22
9.73,9.73,62.30,78.21,74.19
6.06,6.06,71.77,73.89,75.27
5.78,5.78,83.71,74.09,75.39
5.28,5.28,80.32,72.74,72.27
13.66,13.66,69.76,65.41,72.94
20.97,20.97,74.19,65.82,74.87
22.03,22.03,71.37,73.29,75.55
22.51,22.51,51.49,77.46,76.35
19.87,19.87,46.52,78.43,76.72
20.03,20.03,43.20,77.86,75.67
23.10,23.10,38.90,77.96,74.33
19.63,19.63,32.49,78.62,75.22
19.92,19.92,30.64,78.77,75.97
24.38,24.38,32.09,79.12,74.85
25.34,25.34,29.16,78.93,74.36
22.45,22.45,25.48,78.81,72.20
21.94,21.94,21.13,78.39,71.62
22.59,22.59,19.18,78.49,71.82
21.71,21.71,17.99,79.51,72.71
20.62,20.62,16.51,79.68,71.70
21.14,21.14,22.65,78.95,70.22
17.14,17.14,27.26,78.52,69.68
19.19,19.19,32.52,79.37,71.76
36.60,36.60,64.30,79.34,72.19
34.47,34.47,60.78,78.82,71.36
30.59,30.59,58.21,78.84,68.42
31.15,31.15,54.04,79.31,67.76
30.07,30.07,47.07,78.55,71.82
27.81,27.81,41.35,78.48,70.78
29.42,29.42,37.56,79.37,69.91
29.98,29.98,34.05,79.42,69.34
27.21,27.21,32.30,79.01,70.35
27.25,27.25,28.89,78.07,71.15
27.98,27.98,28.81,79.33,73.07
25.98,25.98,26.42,78.95,72.18
27.28,27.28,22.00,78.70,70.13
30.77,30.77,20.31,78.47,70.70
27.30,27.30,19.29,79.29,69.51
28.71,28.71,18.61,78.62,66.47
29.00,29.00,19.82,78.14,69.07
30.09,30.09,31.75,79.22,69.98
25.70,25.70,51.45,79.61,70.27
14.42,14.42,56.59,78.86,69.42
6.75,6.75,70.23,76.85,66.61
12.78,12.78,85.32,71.64,69.99
11.10,11.10,85.68,54.62,70.29
13.40,13.40,76.71,43.26,71.72
12.16,12.16,77.18,36.56,72.40
10.01,10.01,76.65,34.50,74.03
8.13,8.13,66.24,35.93,73.21
8.29,8.29,67.01,33.90,72.92
11.70,11.70,59.92,25.78,72.46
17.00,17.00,57.93,18.74,70.59
21.30,21.30,53.75,9.02,70.45
24.96,24.96,48.54,9.14,73.05
26.13,26.13,44.24,1.51,74.36
26.09,26.09,42.03,3.53,78.23
25.97,25.97,40.72,0.75,75.90
24.98,24.98,38.58,-0.00,75.92
25.99,25.99,36.76,-0.00,76.10
29.07,29.07,35.40,-0.00,76.60
29.95,29.95,40.93,-0.00,73.24
26.48,26.48,35.90,-0.00,74.99
22.74,22.74,37.61,-0.00,72.25
15.97,15.97,40.50,-0.00,70.91
16.13,16.13,58.26,4.03,71.40
12.29,12.29,64.37,2.22,72.35
12.33,12.33,61.48,0.89,72.26
19.53,19.53,58.11,-0.00,71.54
23.64,23.64,52.05,-0.00,71.16
24.53,24.53,45.17,-0.00,71.18
24.39,24.39,39.79,-0.00,71.13
24.99,24.99,37.63,-0.00,71.75
24.51,24.51,37.95,-0.00,72.87
24.45,24.45,36.51,-0.00,71.33
27.51,27.51,35.15,-0.00,70.22
24.97,24.97,36.14,-0.00,71.21
24.47,24.47,44.68,-0.00,70.65
23.58,23.58,43.04,0.01,69.57
25.34,25.34,36.30,0.80,70.43
21.13,21.13,42.09,2.49,70.31
20.73,20.73,44.84,0.63,71.37
22.31,22.31,44.33,0.72,72.05
21.02,21.02,40.89,3.54,70.96
15.45,15.45,49.49,15.20,70.48
12.75,12.75,55.28,34.00,71.53
10.10,10.10,74.90,52.57,74.71
8.96,8.96,85.23,62.79,76.44
12.92,12.92,76.75,67.87,76.93
19.98,19.98,77.66,70.99,75.82
25.00,25.00,73.97,76.22,77.63
25.48,25.48,62.54,76.84,76.92
22.15,22.15,50.17,75.72,77.84
24.29,24.29,41.86,78.55,79.25
22.23,22.23,42.11,80.05,77.97
17.31,17.31,38.84,78.53,78.97
18.11,18.11,42.40,80.54,78.31
14.45,14.45,56.40,80.59,75.87
16.75,16.75,48.07,80.05,79.25
19.50,19.50,41.80,80.58,79.57
19.36,19.36,35.85,80.87,78.41
20.41,20.41,31.43,80.72,78.92
18.24,18.24,29.27,79.75,78.63
18.74,18.74,27.83,80.81,77.92
19.46,19.46,32.35,81.50,78.15
14.91,14.91,49.71,77.96,77.98
7.44,7.44,67.49,78.11,77.94
6.09,6.09,75.97,71.18,75.11
8.38,8.38,83.03,65.26,77.88
8.59,8.59,79.41,71.39,76.85
17.81,17.81,74.14,71.04,76.10
23.98,23.98,77.57,73.23,76.20
26.55,26.55,65.73,74.76,79.89
25.40,25.40,50.05,76.95,81.86
24.10,24.10,48.28,77.48,80.59
24.12,24.12,40.98,77.65,81.12
24.26,24.26,46.76,78.65,78.34
16.78,16.78,49.11,79.07,76.23
9.29,9.29,56.69,80.01,79.51
11.00,11.00,50.76,78.15,77.29
20.14,20.14,46.87,79.44,78.99
30.76,30.76,40.02,80.57,78.17
26.19,26.19,37.18,78.50,76.83
23.90,23.90,32.48,78.11,75.47
24.94,24.94,31.05,80.11,77.40
23.01,23.01,36.63,78.77,75.20
18.42,18.42,56.12,79.48,77.26
8.63,8.63,64.01,79.65,79.58
5.40,5.40,71.76,79.64,81.70
7.03,7.03,82.56,80.25,79.13
6.65,6.65,79.26,78.81,75.71
9.24,9.24,80.14,79.20,77.94
13.28,13.28,76.87,78.36,78.16
17.99,17.99,69.68,75.93,76.35
18.50,18.50,71.12,76.91,76.13
14.80,14.80,62.98,78.31,79.44
12.71,12.71,57.69,77.13,77.09
12.12,12.12,53.68,75.51,76.43
15.73,15.73,50.27,76.25,77.58
18.67,18.67,49.85,76.48,79.36
21.86,21.86,48.40,75.47,79.75
22.54,22.54,45.01,75.35,78.71
21.69,21.69,42.41,76.80,74.37
22.08,22.08,39.98,76.44,73.98
20.70,20.70,38.09,75.72,74.34
21.06,21.06,35.19,76.63,76.48
21.75,21.75,38.77,77.24,73.68
18.73,18.73,49.34,76.31,75.89
12.48,12.48,64.67,74.08,74.81
6.59,6.59,72.49,66.94,75.30
9.26,9.26,84.17,66.59,75.65
11.60,11.60,84.15,69.05,77.53
20.30,20.30,72.42,75.09,78.77
24.69,24.69,72.99,75.22,78.90
25.46,25.46,71.17,75.87,76.44
24.84,24.84,56.34,76.46,77.50
25.07,25.07,45.53,76.83,78.16
24.12,24.12,40.31,79.10,79.15
22.89,22.89,41.48,79.24,77.94
14.33,14.33,45.72,80.49,78.96
10.26,10.26,55.28,81.11,77.63
10.87,10.87,57.52,81.15,77.80
17.21,17.21,52.87,80.52,78.14
24.45,24.45,50.00,80.14,79.67
27.05,27.05,44.70,81.11,79.63
27.89,27.89,40.07,81.03,78.97
23.90,23.90,35.27,81.02,77.86
23.43,23.43,35.49,81.12,78.63
20.09,20.09,40.20,81.52,78.88
15.64,15.64,57.95,79.85,79.16
11.34,11.34,70.94,79.28,79.54
9.90,9.90,81.50,79.47,79.28
8.04,8.04,82.52,78.57,75.63
7.99,7.99,71.26,76.50,74.63
13.97,13.97,75.36,72.73,76.78
19.36,19.36,70.49,72.05,74.93
23.44,23.44,61.68,77.13,73.33
24.07,24.07,50.14,79.19,73.56
23.21,23.21,42.15,79.87,72.61
24.05,24.05,40.76,80.20,73.59
16.31,16.31,42.18,80.22,73.14
17.97,17.97,48.92,79.84,70.27
15.52,15.52,63.72,80.98,73.61
13.84,13.84,61.15,80.62,71.77
17.99,17.99,56.09,80.59,71.57
22.93,22.93,49.58,79.81,75.48
22.91,22.91,42.14,80.52,72.98
22.58,22.58,36.61,81.26,73.54
23.81,23.81,35.16,81.19,72.09
22.09,22.09,34.19,80.40,71.14
18.36,18.36,36.51,80.33,71.97
10.50,10.50,41.37,80.77,70.18
11.10,11.10,64.40,76.04,71.24
9.69,9.69,69.82,70.77,73.13
9.70,9.70,65.00,62.40,74.64
15.65,15.65,61.35,56.62,73.64
22.88,22.88,55.84,51.45,72.95
26.16,26.16,50.13,47.87,71.58
27.83,27.83,46.36,41.09,70.56
31.06,31.06,44.57,38.77,71.71
30.74,30.74,41.59,35.49,70.12
27.88,27.88,40.43,25.20,70.35
23.73,23.73,42.93,25.61,69.72
28.02,28.02,58.95,28.77,72.71
26.37,26.37,59.00,15.34,74.43
23.15,23.15,57.59,7.42,77.48
22.44,22.44,57.31,1.30,77.02
23.74,23.74,58.39,1.17,74.06
25.93,25.93,57.62,4.39,72.81
27.11,27.11,56.53,20.89,72.80
27.52,27.52,57.35,32.13,70.64
24.60,24.60,59.06,40.54,71.32
15.61,15.61,61.16,54.11,71.96
12.82,12.82,76.87,70.64,69.05
13.75,13.75,83.76,79.31,71.67
12.81,12.81,77.69,77.32,78.29
13.80,13.80,78.22,78.81,76.03
13.41,13.41,73.25,77.26,76.53
12.22,12.22,68.95,78.42,76.65
10.85,10.85,66.53,78.86,79.08
14.79,14.79,61.49,79.37,78.20
17.76,17.76,54.78,79.92,78.28
15.66,15.66,52.56,80.35,79.08
9.58,9.58,51.99,80.69,76.99
12.97,12.97,65.23,81.04,79.31
8.60,8.60,64.02,81.22,75.00
12.06,12.06,58.78,81.54,77.57
17.14,17.14,54.11,81.95,78.14
19.76,19.76,48.53,81.38,77.72
23.20,23.20,44.64,81.27,78.44
24.74,24.74,42.40,81.08,79.78
22.19,22.19,39.65,81.07,77.38
17.95,17.95,40.79,80.72,76.91
9.16,9.16,43.06,80.55,77.27
7.80,7.80,55.38,80.64,80.33
8.07,8.07,69.10,80.63,80.47
6.91,6.91,65.29,80.14,78.15
9.97,9.97,60.81,80.67,75.94
17.18,17.18,56.30,81.07,76.52
20.84,20.84,50.17,80.97,76.55
22.17,22.17,43.80,80.40,72.93
22.46,22.46,41.31,80.51,73.21
20.81,20.81,38.42,80.69,74.91
17.63,17.63,40.48,80.41,71.80
8.55,8.55,44.04,80.57,73.53
11.55,11.55,63.46,80.79,72.88
15.85,15.85,66.53,80.46,74.11
9.57,9.57,61.23,80.63,74.02
15.02,15.02,56.86,80.62,77.47
20.50,20.50,51.41,80.13,74.19
21.50,21.50,44.12,80.13,73.91
22.09,22.09,39.42,79.74,74.46
23.65,23.65,38.02,79.79,72.96
23.80,23.80,35.26,80.16,75.54
23.57,23.57,33.75,79.73,75.27
20.52,20.52,32.18,79.95,73.07
17.74,17.74,30.67,71.35,73.46
19.79,19.79,29.03,62.22,72.72
17.94,17.94,24.96,52.19,74.55
18.47,18.47,23.71,47.38,74.30
15.26,15.26,19.94,46.58,73.04
14.84,14.84,17.31,34.36,72.00
13.84,13.84,15.61,33.17,72.70
11.73,11.73,11.93,30.72,74.09
11.07,11.07,11.43,31.87,73.35
11.97,11.97,11.96,36.09,72.72
10.10,10.10,9.78,36.08,72.56
11.00,11.00,8.25,27.86,72.84
9.71,9.71,7.47,31.41,70.82
8.22,8.22,5.42,31.29,73.61
9.33,9.33,5.86,24.05,71.76
13.09,13.09,7.31,29.03,71.04
15.24,15.24,8.77,32.66,70.36
13.08,13.08,13.68,35.58,69.58
10.82,10.82,12.86,35.33,70.94
10.19,10.19,13.60,28.87,69.30
9.27,9.27,17.05,32.45,70.26
10.81,10.81,15.01,25.76,70.81
11.45,11.45,13.64,32.89,70.69
11.78,11.78,16.43,33.68,71.23
17.18,17.18,17.25,33.43,66.92
18.41,18.41,14.25,29.70,65.71
19.10,19.10,22.24,34.66,68.75
15.96,15.96,19.45,33.24,68.08
12.86,12.86,23.10,32.39,67.34
10.98,10.98,26.33,29.46,66.70
11.57,11.57,30.92,35.74,65.01
11.04,11.04,29.49,35.81,68.61
12.29,12.29,33.96,27.98,69.94
12.55,12.55,41.85,38.23,67.78
14.58,14.58,37.69,34.11,67.05
12.78,12.78,35.96,28.57,62.87
11.78,11.78,39.59,30.70,64.64
11.76,11.76,33.94,27.70,66.54
10.75,10.75,35.87,30.89,67.94
15.37,15.37,43.50,35.81,68.26
19.72,19.72,32.34,27.96,66.41
21.54,21.54,30.70,27.39,67.96
20.72,20.72,39.97,33.99,67.84
18.23,18.23,34.12,29.91,65.45
18.20,18.20,32.19,29.91,62.81
18.26,18.26,37.67,28.50,62.45
21.17,21.17,39.29,32.34,61.20
19.57,19.57,31.45,27.77,62.30
21.60,21.60,38.87,28.61,62.56
22.98,22.98,35.29,29.19,59.46
22.59,22.59,31.47,32.94,58.95
23.25,23.25,41.22,35.15,58.37
22.73,22.73,36.64,31.06,56.69
23.25,23.25,32.69,28.00,57.99
24.32,24.32,40.65,35.23,56.85
23.95,23.95,38.25,29.28,56.70
22.73,22.73,35.90,33.76,58.28
22.81,22.81,38.75,31.11,58.64
21.87,21.87,35.96,31.41,55.83
20.74,20.74,36.29,31.88,56.42
20.30,20.30,38.42,32.72,56.97
22.94,22.94,36.93,30.30,58.32
23.59,23.59,34.85,29.76,57.80
20.95,20.95,34.31,31.74,57.08
24.58,24.58,36.94,30.22,55.59
24.82,24.82,33.25,32.45,56.82
24.79,24.79,35.33,30.38,58.10
26.28,26.28,37.73,30.03,60.10
26.02,26.02,35.87,33.29,60.25
27.15,27.15,37.63,33.70,58.04
27.20,27.20,35.37,34.40,57.64
27.23,27.23,34.08,32.14,57.99
27.62,27.62,37.98,31.09,60.07
27.18,27.18,35.00,33.25,60.29
27.74,27.74,36.92,30.14,60.07
28.82,28.82,34.15,32.57,60.24
29.73,29.73,37.30,30.69,58.32
29.00,29.00,37.80,32.26,55.37
29.66,29.66,36.05,32.35,47.42
27.26,27.26,37.96,27.95,45.77
30.86,30.86,37.98,33.70,48.74
31.07,31.07,39.76,34.96,51.83
30.24,30.24,37.10,35.00,56.35
27.72,27.72,35.63,33.82,53.42
30.32,30.32,35.91,33.32,51.59
31.00,31.00,34.85,32.42,51.51
30.59,30.59,36.08,31.85,50.69
32.31,32.31,35.83,38.32,48.71
32.52,32.52,35.38,32.23,48.12
29.99,29.99,36.29,35.86,49.41
31.36,31.36,33.00,30.78,48.64
34.41,34.41,35.88,35.53,49.98
32.96,32.96,32.34,29.95,49.00
31.78,31.78,36.70,38.23,49.44
29.77,29.77,32.37,31.22,50.08
29.84,29.84,35.69,37.48,51.42
30.60,30.60,33.69,30.25,50.69
30.78,30.78,36.59,33.92,48.32
31.69,31.69,35.59,32.49,47.16
31.21,31.21,34.61,30.40,45.70
29.02,29.02,33.04,30.70,46.70
30.25,30.25,38.39,35.82,49.93
29.74,29.74,35.74,29.59,53.02
28.65,28.65,35.92,30.96,53.39
30.05,30.05,36.08,30.36,50.35
30.76,30.76,32.74,27.58,49.75
30.27,30.27,35.52,33.03,47.02
31.63,31.63,33.51,28.40,45.29
29.53,29.53,34.47,32.41,45.28
29.42,29.42,33.78,31.55,45.32
29.94,29.94,31.26,28.89,44.58
29.45,29.45,33.26,34.49,43.93
30.03,30.03,32.41,30.25,44.68
29.68,29.68,35.03,34.53,43.35
30.16,30.16,34.56,31.42,43.49
29.91,29.91,34.39,34.06,43.76
31.22,31.22,32.09,30.91,43.63
29.78,29.78,32.96,31.16,44.52
28.82,28.82,34.41,32.61,43.09
27.73,27.73,32.79,31.51,42.79
26.58,26.58,33.68,32.80,42.87
29.28,29.28,35.09,31.80,40.48
28.42,28.42,34.20,32.82,42.72
27.94,27.94,33.77,32.83,42.42
27.98,27.98,35.50,30.30,38.07
27.17,27.17,32.22,32.60,37.39
25.86,25.86,31.68,30.78,40.84
27.88,27.88,34.38,31.57,38.19
25.20,25.20,33.08,32.05,38.19
25.94,25.94,29.58,29.85,41.30
29.33,29.33,32.84,33.69,43.07
27.98,27.98,33.29,34.65,43.42
26.66,26.66,33.59,34.55,41.26
27.95,27.95,33.69,28.86,36.82
25.64,25.64,29.67,31.54,37.67
24.40,24.40,34.47,31.99,41.46
25.93,25.93,34.53,34.93,43.46
25.02,25.02,34.78,35.09,43.18
25.58,25.58,31.89,33.48,40.19
23.60,23.60,30.39,28.98,37.48
26.13,26.13,33.31,29.93,32.88
26.29,26.29,29.41,25.13,28.67
26.06,26.06,30.20,24.29,28.70
22.03,22.03,31.90,25.48,31.72
22.57,22.57,30.76,27.82,34.16
23.49,23.49,34.24,31.87,34.05
26.76,26.76,30.33,29.44,34.27
22.35,22.35,30.66,31.63,30.39
22.02,22.02,30.83,26.41,27.14
24.68,24.68,31.04,31.53,28.82
23.39,23.39,31.38,31.58,30.32
25.13,25.13,31.61,33.11,32.52
24.18,24.18,31.65,31.47,31.90
22.60,22.60,33.42,34.73,32.97
23.33,23.33,28.29,25.94,30.04
22.57,22.57,32.24,35.43,32.04
23.05,23.05,28.49,25.95,30.34
21.77,21.77,32.08,33.87,32.29
20.60,20.60,28.69,28.17,32.03
19.61,19.61,29.83,33.25,30.06
20.80,20.80,28.21,30.01,27.27
22.81,22.81,29.81,30.49,26.54
22.18,22.18,31.48,28.47,26.74
21.09,21.09,28.14,29.05,27.75
19.35,19.35,28.50,26.09,29.11
20.43,20.43,32.28,29.60,29.26
18.75,18.75,31.13,27.38,29.76
21.39,21.39,29.50,23.79,27.19
19.63,19.63,29.58,26.55,27.20
20.14,20.14,29.14,26.51,29.30
19.33,19.33,31.41,29.04,29.64
21.06,21.06,30.39,27.79,28.86
21.19,21.19,29.64,26.99,27.20
21.56,21.56,28.15,25.91,26.39
21.06,21.06,29.25,28.56,30.92
19.51,19.51,27.39,29.21,29.82
20.18,20.18,26.56,29.68,30.22
20.22,20.22,29.81,30.77,31.90
19.52,19.52,27.65,30.15,32.54
19.58,19.58,29.43,29.98,32.31
18.29,18.29,27.46,31.14,32.63
19.62,19.62,29.76,31.19,32.28
19.14,19.14,27.01,29.94,30.93
18.92,18.92,27.27,29.68,30.06
17.24,17.24,26.97,26.98,28.64
18.60,18.60,28.15,27.76,30.44
18.34,18.34,28.45,25.40,25.28
18.16,18.16,27.16,28.81,28.37
18.88,18.88,28.33,31.20,31.28
18.56,18.56,26.92,30.10,30.06
16.52,16.52,25.07,24.50,23.93
12.27,12.27,28.45,24.47,19.61
17.86,17.86,28.26,24.55,20.22
16.97,16.97,27.32,24.14,20.48
14.80,14.80,26.79,23.54,20.22
15.38,15.38,27.17,23.81,18.85
15.11,15.11,26.22,23.46,18.10
13.82,13.82,25.19,23.74,17.88
15.83,15.83,25.67,23.45,18.81
13.42,13.42,25.97,22.55,18.42
13.14,13.14,28.33,25.66,19.96
15.59,15.59,25.88,21.80,18.92
15.45,15.45,23.74,24.50,17.28
12.57,12.57,24.00,18.93,15.89
12.73,12.73,25.16,22.38,16.40
12.95,12.95,25.05,23.14,17.30
12.30,12.30,23.66,20.73,17.63
11.62,11.62,23.05,22.70,18.49
13.41,13.41,24.24,19.60,17.68
12.92,12.92,24.49,22.40,16.29
11.14,11.14,22.53,22.02,16.41
10.78,10.78,25.17,25.15,15.80
11.59,11.59,22.87,22.16,17.28
15.20,15.20,24.25,25.60,19.87
16.08,16.08,25.49,28.73,19.10
15.40,15.40,22.76,23.29,17.00
15.92,15.92,25.56,27.14,19.45
16.34,16.34,21.94,21.05,20.72
13.33,13.33,21.39,24.85,19.64
14.67,14.67,21.86,22.73,16.84
13.30,13.30,21.67,22.87,16.66
12.61,12.61,23.22,19.16,13.66
11.87,11.87,21.54,21.48,14.43
12.47,12.47,19.92,16.40,14.03
14.54,14.54,22.47,22.01,15.39
11.94,11.94,21.56,19.78,14.82
11.61,11.61,19.98,21.73,13.78
11.36,11.36,19.48,20.20,15.28
9.91,9.91,23.69,20.44,14.25
12.70,12.70,21.35,20.62,17.15
11.04,11.04,22.83,19.68,14.99
12.48,12.48,24.23,22.26,17.73
11.86,11.86,20.70,20.50,17.98
9.62,9.62,24.42,20.97,16.47
12.66,12.66,21.70,17.64,14.45
15.36,15.36,24.70,22.16,19.90
15.67,15.67,25.25,24.60,21.30
13.25,13.25,21.54,23.68,18.29
14.55,14.55,22.76,24.97,18.95
12.78,12.78,19.56,20.81,19.27
11.87,11.87,23.27,23.51,18.41
11.92,11.92,20.88,20.98,16.70
14.33,14.33,23.46,23.13,18.83
14.99,14.99,23.22,24.14,21.32
12.17,12.17,22.69,23.14,17.83
11.76,11.76,22.29,20.42,16.39
13.19,13.19,22.86,23.30,18.93
12.21,12.21,21.39,22.34,16.81
9.97,9.97,20.91,21.85,16.89
9.97,9.97,19.90,24.38,20.47
13.05,13.05,22.29,26.21,22.70
11.81,11.81,21.28,24.09,21.08
10.60,10.60,21.34,21.48,18.08
11.18,11.18,21.04,20.87,14.71
8.05,8.05,17.42,19.04,10.17
10.44,10.44,20.04,19.27,14.45
10.84,10.84,18.43,18.93,11.95
9.01,9.01,18.20,20.77,10.39
9.25,9.25,17.49,13.05,7.41
7.61,7.61,18.90,17.61,9.24
5.94,5.94,18.59,14.35,6.80
7.02,7.02,16.16,14.75,7.21
7.83,7.83,19.17,16.82,8.89
5.97,5.97,15.94,15.86,8.52
6.15,6.15,19.94,17.46,10.65
5.67,5.67,18.55,16.93,10.06
6.13,6.13,17.33,14.29,9.18
6.63,6.63,18.55,18.05,9.65
5.99,5.99,17.23,16.01,10.18
6.06,6.06,15.98,14.42,8.07
6.69,6.69,14.08,16.09,9.12
4.58,4.58,13.44,11.87,6.40
5.04,5.04,16.63,16.83,8.02
5.57,5.57,16.20,11.24,8.47
5.38,5.38,17.05,17.89,6.95
7.26,7.26,18.25,14.91,7.57
8.00,8.00,19.27,20.50,9.32
10.92,10.92,20.15,18.76,9.74
10.33,10.33,18.15,18.71,9.28
9.65,9.65,16.22,17.30,9.59
10.60,10.60,20.24,20.81,9.97
8.72,8.72,13.37,15.36,8.91
8.42,8.42,19.98,21.67,8.73
8.15,8.15,12.79,9.73,5.01
8.64,8.64,18.82,21.19,6.42
7.40,7.40,13.99,10.24,4.58
8.13,8.13,14.33,18.85,6.22
6.77,6.77,16.16,14.85,6.34
7.48,7.48,14.17,17.30,5.49
7.53,7.53,16.09,15.37,5.67
6.85,6.85,16.10,16.99,6.02
6.14,6.14,15.23,12.45,5.62
5.93,5.93,14.92,13.98,6.81
5.75,5.75,14.74,15.35,9.65
7.68,7.68,17.00,14.79,10.30
7.15,7.15,16.40,12.28,6.86
6.99,6.99,17.45,12.33,5.83
6.16,6.16,16.39,12.92,6.54
9.37,9.37,16.44,15.47,12.22
9.23,9.23,16.56,16.39,10.77
10.47,10.47,18.90,14.92,10.11
10.60,10.60,18.11,13.93,8.58
9.52,9.52,18.83,16.25,7.85
7.97,7.97,15.60,15.07,9.23
9.31,9.31,16.61,17.67,12.47
9.94,9.94,17.91,18.00,12.47
8.19,8.19,18.52,18.28,11.32
9.18,9.18,18.18,17.97,12.00
9.91,9.91,19.62,18.19,12.14
8.39,8.39,16.20,17.00,9.81
9.00,9.00,16.58,17.53,9.23
9.02,9.02,18.33,17.70,9.92
10.14,10.14,19.24,17.93,9.93
8.30,8.30,16.91,16.35,9.58
6.57,6.57,15.55,12.39,6.96
9.38,9.38,18.86,13.52,7.34
7.05,7.05,17.34,13.88,6.35
6.20,6.20,15.41,13.99,5.98
6.87,6.87,16.19,11.82,2.53
8.97,8.97,18.39,15.13,2.82
8.15,8.15,12.76,9.27,1.69
7.01,7.01,14.53,9.37,0.68
5.33,5.33,12.64,7.11,0.17
4.42,4.42,12.28,6.98,0.14
4.20,4.20,14.88,9.37,0.02
3.66,3.66,13.42,10.72,0.39
3.86,3.86,12.36,8.41,0.20
2.96,2.96,10.33,10.06,0.12
4.44,4.44,14.38,5.38,0.16
4.97,4.97,12.72,9.60,0.05
5.96,5.96,12.51,3.92,0.29
5.87,5.87,11.45,7.58,0.22
5.90,5.90,11.98,6.48,0.78
5.59,5.59,10.58,7.09,2.32
5.83,5.83,11.72,7.89,5.92
2.14,2.14,6.83,5.77,3.78
